gene_name,item_number,product_name
ARAF,HZGHC000001c010,Human ARAF 5bp deletion knockout cell line
ARAF,HZGHC000001c013,Human ARAF 1bp deletion knockout cell line
BRAF,HZGHC000002c001,Human BRAF 19bp deletion knockout cell line
BRAF,HZGHC000002c015,Human BRAF 2bp deletion knockout cell line
BRAF,HZGHC000002c016,Human BRAF 5bp deletion knockout cell line
CHUK,HZGHC000003c011,Human CHUK 26bp deletion knockout cell line
GSK3A,HZGHC000006c013,Human GSK3A 2bp insertion knockout cell line
GSK3A,HZGHC000006c023,Human GSK3A 286bp deletion knockout cell line
GSK3B,HZGHC000007c011,Human GSK3B 31bp deletion knockout cell line
GSK3B,HZGHC000007c024,Human GSK3B 8bp deletion knockout cell line
HCK,HZGHC000008c013,Human HCK 20bp deletion knockout cell line
HCK,HZGHC000008c016,Human HCK 8bp deletion knockout cell line
IRAK1,HZGHC000009c005,Human IRAK1 4bp deletion knockout cell line
IRAK1,HZGHC000009c019,Human IRAK1 2bp insertion knockout cell line
IRAK1,HZGHC000009c021,Human IRAK1 14bp deletion knockout cell line
JAK1,HZGHC000012c001,Human JAK1 16bp deletion knockout cell line
JAK1,HZGHC000012c022,Human JAK1 1bp deletion knockout cell line
MAP2K1,HZGHC000015c001,Human MAP2K1 1bp insertion knockout cell line
MAP2K2,HZGHC000016c018,Human MAP2K2 7bp deletion knockout cell line
MAP4K3,HZGHC000017c008,Human MAP4K3 4bp deletion knockout cell line
MAP4K3,HZGHC000017c014,Human MAP4K3 14bp deletion knockout cell line
MAP4K5,HZGHC000018c007,Human MAP4K5 19bp deletion knockout cell line
MAP4K5,HZGHC000018c008,Human MAP4K5 232bp insertion knockout cell line
MAPK1,HZGHC000019c010,Human MAPK1 4bp deletion knockout cell line
MAPK1,HZGHC000019c019,Human MAPK1 251bp insertion knockout cell line
MAPK12,HZGHC000021c014,Human MAPK12 1bp insertion knockout cell line
MAPK3,HZGHC000022c010,Human MAPK3 7bp deletion knockout cell line
MAPK9,HZGHC000024c004,Human MAPK9 2bp deletion knockout cell line
MAPKAPK2,HZGHC000025c013,Human MAPKAPK2 2bp deletion knockout cell line
MAPKAPK2,HZGHC000025c016,Human MAPKAPK2 7bp deletion knockout cell line
PDK1,HZGHC000027c012,Human PDK1 2bp deletion knockout cell line
PDK1,HZGHC000027c024,Human PDK1 20bp deletion knockout cell line
TAOK1,HZGHC000029c015,Human TAOK1 14bp deletion knockout cell line
TAOK1,HZGHC000029c020,Human TAOK1 2bp deletion knockout cell line
TAOK2,HZGHC000030c002,Human TAOK2 5bp deletion knockout cell line
TAOK2,HZGHC000030c010,Human TAOK2 2bp deletion knockout cell line
TBK1,HZGHC000031c010,Human TBK1 2bp deletion knockout cell line
TBK1,HZGHC000031c012,HAP1 TBK1 (-)
TESK2,HZGHC000033c002,Human TESK2 7bp deletion knockout cell line
TESK2,HZGHC000033c012,Human TESK2 4bp deletion knockout cell line
TGFBR1,HZGHC000034c011,Human TGFBR1 2bp insertion knockout cell line
TGFBR1,HZGHC000034c012,Human TGFBR1 5bp deletion knockout cell line
TGFBR2,HZGHC000035c014,Human TGFBR2 7bp deletion knockout cell line
TGFBR2,HZGHC000035c015,Human TGFBR2 13bp deletion knockout cell line
TGFBR2,HZGHC000035c020,Human TGFBR2 2bp deletion knockout cell line
TYK2,HZGHC000036c008,Human TYK2 1bp deletion knockout cell line
ZAK,HZGHC000039c001,Human ZAK 11bp deletion knockout cell line
ZAK,HZGHC000039c003,Human ZAK 17bp deletion knockout cell line
ADRBK2,HZGHC000041c010,Human ADRBK2 7bp deletion knockout cell line
ADRBK2,HZGHC000041c011,Human ADRBK2 13bp deletion knockout cell line
ADRBK2,HZGHC000041c014,Human ADRBK2 4bp insertion knockout cell line
CDK4,HZGHC000044c005,Human CDK4 4bp deletion knockout cell line
CDK4,HZGHC000044c011,Human CDK4 5bp deletion knockout cell line
CDK4,HZGHC000044c020,Human CDK4 4bp deletion knockout cell line
CSNK1G2,HZGHC000045c010,Human CSNK1G2 1bp insertion knockout cell line
CSNK1G2,HZGHC000045c023,Human CSNK1G2 77bp insertion knockout cell line
EPHB6,HZGHC000046c010,Human EPHB6 1bp insertion knockout cell line
GSG2,HZGHC000047c016,Human GSG2 2bp insertion knockout cell line
MAP2K7,HZGHC000049c001,Human MAP2K7 10bp deletion knockout cell line
MAP2K7,HZGHC000049c009,Human MAP2K7 14bp deletion knockout cell line
MARK1,HZGHC000050c001,Human MARK1 4bp deletion knockout cell line
MARK1,HZGHC000050c012,Human MARK1 11bp deletion knockout cell line
MARK1,HZGHC000050c020,Human MARK1 34bp deletion knockout cell line
NEK8,HZGHC000052c004,Human NEK8 8bp deletion knockout cell line
NEK8,HZGHC000052c009,Human NEK8 7bp deletion knockout cell line
NEK8,HZGHC000052c011,Human NEK8 2bp insertion knockout cell line
PAK2,HZGHC000053c001,Human PAK2 5bp deletion knockout cell line
PAK2,HZGHC000053c003,Human PAK2 14bp deletion knockout cell line
PAK2,HZGHC000053c015,Human PAK2 2bp deletion knockout cell line
PIM3,HZGHC000054c004,Human PIM3 16bp deletion knockout cell line
PIM3,HZGHC000054c011,Human PIM3 4bp deletion knockout cell line
PIM3,HZGHC000054c014,Human PIM3 5bp deletion knockout cell line
PRKAA2,HZGHC000055c013,Human PRKAA2 1bp insertion knockout cell line
PRKCA,HZGHC000056c007,Human PRKCA 13bp deletion knockout cell line
PRKCA,HZGHC000056c018,Human PRKCA 2bp deletion knockout cell line
PRKCI,HZGHC000057c007,Human PRKCI 10bp deletion knockout cell line
PRKCI,HZGHC000057c008,Human PRKCI 7bp deletion knockout cell line
PRKX,HZGHC000058c012,Human PRKX 13bp deletion knockout cell line
PRKX,HZGHC000058c019,Human PRKX 14bp deletion knockout cell line
RIOK3,HZGHC000059c011,Human RIOK3 14bp deletion knockout cell line
RIOK3,HZGHC000059c022,Human RIOK3 21bp deletion knockout cell line
RIPK1,HZGHC000060c015,Human RIPK1 14bp deletion knockout cell line
RIPK1,HZGHC000060c018,Human RIPK1 1bp insertion knockout cell line
RIPK1,HZGHC000060c024,Human RIPK1 162bp insertion knockout cell line
ROCK2,HZGHC000061c017,Human ROCK2 8bp deletion knockout cell line
ROCK2,HZGHC000061c018,Human ROCK2 23bp deletion knockout cell line
ROCK2,HZGHC000061c021,Human ROCK2 2bp insertion knockout cell line
SGK494,HZGHC000062c013,Human SGK494 10bp deletion knockout cell line
SGK494,HZGHC000062c021,Human SGK494 4bp deletion knockout cell line
SIK3,HZGHC000064c008,Human SIK3 4bp deletion knockout cell line
SIK3,HZGHC000064c018,Human SIK3 2bp deletion knockout cell line
SIK3,HZGHC000064c021,Human SIK3 13bp deletion knockout cell line
STK16,HZGHC000065c002,Human STK16 10bp deletion knockout cell line
STK16,HZGHC000065c007,Human STK16 2bp insertion knockout cell line
STK17B,HZGHC000066c005,Human STK17B 10bp deletion knockout cell line
STK17B,HZGHC000066c017,Human STK17B 10bp deletion knockout cell line
STK17B,HZGHC000066c019,Human STK17B 14bp deletion knockout cell line
STK32C,HZGHC000067c006,Human STK32C 13bp deletion knockout cell line
STK32C,HZGHC000067c021,Human STK32C 8bp deletion knockout cell line
STK33,HZGHC000068c012,Human STK33 5bp deletion knockout cell line
STK33,HZGHC000068c018,Human STK33 10bp deletion knockout cell line
STK39,HZGHC000069c007,Human STK39 16bp deletion knockout cell line
STK39,HZGHC000069c012,Human STK39 10bp deletion knockout cell line
STK39,HZGHC000069c020,Human STK39 2bp deletion knockout cell line
STYK1,HZGHC000070c002,Human STYK1 2bp insertion knockout cell line
STYK1,HZGHC000070c009,Human STYK1 11bp deletion knockout cell line
STYK1,HZGHC000070c019,Human STYK1 8bp deletion knockout cell line
TAOK3,HZGHC000071c013,Human TAOK3 5bp deletion knockout cell line
TAOK3,HZGHC000071c014,Human TAOK3 5bp deletion knockout cell line
TAOK3,HZGHC000071c016,Human TAOK3 7bp deletion knockout cell line
ULK1,HZGHC000072c011,Human ULK1 1bp insertion knockout cell line
VRK1,HZGHC000073c019,Human VRK1 2bp deletion knockout cell line
VRK1,HZGHC000073c024,Human VRK1 4bp deletion knockout cell line
MOK,HZGHC000075c011,Human MOK 8bp deletion knockout cell line
MOK,HZGHC000075c014,Human MOK 4bp deletion knockout cell line
MOK,HZGHC000075c017,Human MOK 35bp deletion knockout cell line
BMPR2,HZGHC000076c011,Human BMPR2 4bp insertion knockout cell line
CAMKV,HZGHC000077c003,Human CAMKV 5bp deletion knockout cell line
CAMKV,HZGHC000077c016,Human CAMKV 1bp deletion knockout cell line
CAMKV,HZGHC000077c023,Human CAMKV 1bp deletion knockout cell line
CDK19,HZGHC000078c019,Human CDK19 1bp insertion knockout cell line
CDK19,HZGHC000078c020,Human CDK19 1bp insertion knockout cell line
CDK19,HZGHC000078c021,Human CDK19 1bp insertion knockout cell line
CDK3,HZGHC000079c003,Human CDK3 19bp deletion knockout cell line
CDK3,HZGHC000079c006,Human CDK3 10bp deletion knockout cell line
CDK3,HZGHC000079c011,Human CDK3 5bp deletion knockout cell line
CLK2,HZGHC000080c007,Human CLK2 7bp insertion knockout cell line
CLK2,HZGHC000080c012,Human CLK2 10bp deletion knockout cell line
CLK2,HZGHC000080c014,Human CLK2 19bp deletion knockout cell line
CLK4,HZGHC000081c001,Human CLK4 19bp deletion knockout cell line
CLK4,HZGHC000081c012,Human CLK4 25bp deletion knockout cell line
CLK4,HZGHC000081c014,Human CLK4 19bp deletion knockout cell line
CSNK2A2,HZGHC000083c002,Human CSNK2A2 4bp deletion knockout cell line
CSNK2A2,HZGHC000083c005,Human CSNK2A2 21bp insertion knockout cell line
CSNK2A2,HZGHC000083c017,Human CSNK2A2 14bp deletion knockout cell line
DAPK3,HZGHC000084c001,Human DAPK3 1bp insertion knockout cell line
DAPK3,HZGHC000084c012,Human DAPK3 18bp deletion knockout cell line
DAPK3,HZGHC000084c019,Human DAPK3 4bp deletion knockout cell line
EEF2K,HZGHC000085c016,Human EEF2K 7bp deletion knockout cell line
GAK,HZGHC000086c004,Human GAK 14bp deletion knockout cell line
GAK,HZGHC000086c007,Human GAK 10bp deletion knockout cell line
GAK,HZGHC000086c020,Human GAK 2bp deletion knockout cell line
GRK5,HZGHC000087c007,Human GRK5 11bp deletion knockout cell line
GRK5,HZGHC000087c013,Human GRK5 11bp deletion knockout cell line
GRK5,HZGHC000087c016,Human GRK5 10bp deletion knockout cell line
HUNK,HZGHC000088c005,Human HUNK 5bp deletion knockout cell line
LATS2,HZGHC000089c003,Human LATS2 4bp deletion knockout cell line
MAP3K10,HZGHC000090c009,Human MAP3K10 14bp deletion knockout cell line
MAP3K10,HZGHC000090c011,Human MAP3K10 2bp deletion knockout cell line
MAP3K10,HZGHC000090c014,Human MAP3K10 20bp deletion knockout cell line
MAP3K11,HZGHC000091c002,Human MAP3K11 17bp deletion knockout cell line
MAP3K11,HZGHC000091c007,Human MAP3K11 17bp deletion knockout cell line
MAP3K2,HZGHC000092c001,Human MAP3K2 8bp deletion knockout cell line
MAP3K2,HZGHC000092c006,Human MAP3K2 5bp deletion knockout cell line
MAP3K2,HZGHC000092c014,Human MAP3K2 11bp deletion knockout cell line
MAP3K5,HZGHC000093c001,Human MAP3K5 17bp deletion knockout cell line
MAP3K5,HZGHC000093c005,Human MAP3K5 10bp deletion knockout cell line
MAST2,HZGHC000094c020,Human MAST2 17bp deletion knockout cell line
MAST3,HZGHC000095c009,Human MAST3 19bp deletion knockout cell line
MAST3,HZGHC000095c022,Human MAST3 7bp deletion knockout cell line
MAST3,HZGHC000095c024,Human MAST3 7bp deletion knockout cell line
NLK,HZGHC000096c005,Human NLK 8bp insertion knockout cell line
NLK,HZGHC000096c023,Human NLK 20bp deletion knockout cell line
PBK,HZGHC000098c014,Human PBK 2bp deletion knockout cell line
PBK,HZGHC000098c016,Human PBK 8bp deletion knockout cell line
PKN3,HZGHC000100c011,Human PKN3 7bp deletion knockout cell line
PKN3,HZGHC000100c015,Human PKN3 8bp deletion knockout cell line
PRKD3,HZGHC000102c014,Human PRKD3 2bp deletion knockout cell line
PXK,HZGHC000103c013,Human PXK 1bp insertion knockout cell line
PXK,HZGHC000103c020,Human PXK 11bp deletion knockout cell line
RPS6KB1,HZGHC000104c011,Human RPS6KB1 2bp deletion knockout cell line
RPS6KB1,HZGHC000104c014,Human RPS6KB1 16bp deletion knockout cell line
RPS6KB2,HZGHC000105c004,Human RPS6KB2 19bp deletion knockout cell line
RPS6KB2,HZGHC000105c011,Human RPS6KB2 16bp deletion knockout cell line
RPS6KB2,HZGHC000105c020,Human RPS6KB2 5bp deletion knockout cell line
SBK1,HZGHC000106c010,Human SBK1 5bp deletion knockout cell line
SBK1,HZGHC000106c017,Human SBK1 28bp deletion knockout cell line
SBK1,HZGHC000106c018,Human SBK1 4bp deletion knockout cell line
SIK2,HZGHC000107c012,Human SIK2 1bp insertion knockout cell line
SIK2,HZGHC000107c015,Human SIK2 1bp insertion knockout cell line
SRPK1,HZGHC000108c003,Human SRPK1 16bp deletion knockout cell line
SRPK1,HZGHC000108c016,Human SRPK1 31bp deletion knockout cell line
STK4,HZGHC000109c007,Human STK4 2bp insertion knockout cell line
STK4,HZGHC000109c008,Human STK4 10bp deletion knockout cell line
TRIB2,HZGHC000110c017,Human TRIB2 2bp deletion knockout cell line
TRIB2,HZGHC000110c018,Human TRIB2 242bp insertion knockout cell line
TRIB3,HZGHC000111c010,Human TRIB3 11bp deletion knockout cell line
TRIB3,HZGHC000111c022,Human TRIB3 4bp deletion knockout cell line
TTBK2,HZGHC000113c001,Human TTBK2 19bp deletion knockout cell line
TTBK2,HZGHC000113c011,Human TTBK2 11bp deletion knockout cell line
TTBK2,HZGHC000113c021,Human TTBK2 7bp deletion knockout cell line
TWF2,HZGHC000114c004,Human TWF2 7bp deletion knockout cell line
TWF2,HZGHC000114c005,Human TWF2 22bp deletion knockout cell line
TYRO3,HZGHC000115c011,Human TYRO3 4bp deletion knockout cell line
TYRO3,HZGHC000115c015,Human TYRO3 2bp insertion knockout cell line
TYRO3,HZGHC000115c016,Human TYRO3 8bp deletion knockout cell line
DDX6,HZGHC000116c001,Human DDX6 1bp insertion knockout cell line
DDX6,HZGHC000116c008,Human DDX6 170bp insertion knockout cell line
B3GNT1,HZGHC000119c011,Human B3GNT1 2bp deletion knockout cell line
B3GNT1,HZGHC000119c017,Human B3GNT1 1bp deletion knockout cell line
B3GNT1,HZGHC000119c019,Human B3GNT1 2bp deletion knockout cell line
DAG1,HZGHC000120c013,Human DAG1 17bp deletion knockout cell line
DAG1,HZGHC000120c016,Human DAG1 1bp deletion knockout cell line
DAG1,HZGHC000120c020,Human DAG1 17bp deletion knockout cell line
LARGE,HZGHC000122c005,Human LARGE 1bp insertion knockout cell line
LARGE,HZGHC000122c006,Human LARGE 1bp insertion knockout cell line
LARGE,HZGHC000122c007,Human LARGE 1bp insertion knockout cell line
WT1,HZGHC000126c009,Human WT1 4bp deletion knockout cell line
WT1,HZGHC000126c010,Human WT1 1bp insertion knockout cell line
WT1,HZGHC000126c020,Human WT1 1bp insertion knockout cell line
AKT1,HZGHC000127c007,Human AKT1 5bp deletion knockout cell line
AKT1,HZGHC000127c015,Human AKT1 5bp deletion knockout cell line
AKT1,HZGHC000127c018,Human AKT1 4bp deletion knockout cell line
BMP2K,HZGHC000128c009,Human BMP2K 7bp insertion knockout cell line
BMP2K,HZGHC000128c016,Human BMP2K 4bp deletion knockout cell line
CAMK1D,HZGHC000129c018,Human CAMK1D 23bp deletion knockout cell line
CAMK1D,HZGHC000129c020,Human CAMK1D 16bp deletion knockout cell line
CAMK1D,HZGHC000129c023,Human CAMK1D 7bp deletion knockout cell line
CAMK2D,HZGHC000130c011,Human CAMK2D 1bp insertion knockout cell line
CAMK2D,HZGHC000130c016,Human CAMK2D 1bp insertion knockout cell line
CDC42BPA,HZGHC000131c001,Human CDC42BPA 13bp deletion knockout cell line
CDC42BPA,HZGHC000131c023,Human CDC42BPA 2bp deletion knockout cell line
CDK17,HZGHC000132c004,Human CDK17 7bp deletion knockout cell line
CDK17,HZGHC000132c009,Human CDK17 10bp deletion knockout cell line
CDK2,HZGHC000133c011,Human CDK2 17bp deletion knockout cell line
CLK1,HZGHC000135c009,Human CLK1 2bp deletion knockout cell line
CLK1,HZGHC000135c020,Human CLK1 5bp insertion knockout cell line
CLK3,HZGHC000136c007,Human CLK3 1bp insertion knockout cell line
CSNK1G3,HZGHC000138c008,Human CSNK1G3 31bp deletion knockout cell line
CSNK1G3,HZGHC000138c018,Human CSNK1G3 1bp deletion knockout cell line
DSTYK,HZGHC000139c005,Human DSTYK 17bp deletion knockout cell line
DSTYK,HZGHC000139c018,Human DSTYK 5bp deletion knockout cell line
DYRK2,HZGHC000140c005,Human DYRK2 1bp insertion knockout cell line
DYRK2,HZGHC000140c006,Human DYRK2 16bp deletion knockout cell line
DYRK2,HZGHC000140c009,Human DYRK2 1bp deletion knockout cell line
EIF2AK1,HZGHC000141c006,Human EIF2AK1 1bp deletion knockout cell line
ICK,HZGHC000144c017,Human ICK 4bp deletion knockout cell line
MAP2K3,HZGHC000145c015,Human MAP2K3 14bp deletion knockout cell line
MAP2K5,HZGHC000146c004,Human MAP2K5 10bp deletion knockout cell line
MAP3K12,HZGHC000147c001,Human MAP3K12 14bp deletion knockout cell line
MAP3K12,HZGHC000147c014,Human MAP3K12 8bp deletion knockout cell line
MAP3K12,HZGHC000147c024,Human MAP3K12 2bp deletion knockout cell line
MAP3K3,HZGHC000148c004,Human MAP3K3 8bp deletion knockout cell line
MAP3K7,HZGHC000149c018,Human MAP3K7 2bp deletion knockout cell line
MAP3K7,HZGHC000149c022,Human MAP3K7 2bp deletion knockout cell line
MAPK7,HZGHC000150c010,Human MAPK7 9bp deletion knockout cell line
MAPK7,HZGHC000150c011,Human MAPK7 18bp deletion knockout cell line
MAPK7,HZGHC000150c018,Human MAPK7 5bp deletion knockout cell line
MARK3,HZGHC000151c001,Human MARK3 1bp insertion knockout cell line
MARK3,HZGHC000151c014,Human MARK3 5bp deletion knockout cell line
MARK3,HZGHC000151c016,Human MARK3 17bp deletion knockout cell line
MARK4,HZGHC000152c006,Human MARK4 2bp deletion knockout cell line
MARK4,HZGHC000152c008,Human MARK4 29bp deletion knockout cell line
MAST4,HZGHC000153c003,Human MAST4 13bp deletion knockout cell line
MAST4,HZGHC000153c023,Human MAST4 2bp deletion knockout cell line
MATK,HZGHC000154c010,Human MATK 2bp deletion knockout cell line
MATK,HZGHC000154c011,Human MATK 2bp deletion knockout cell line
MATK,HZGHC000154c022,Human MATK 7bp deletion knockout cell line
MKNK2,HZGHC000156c008,Human MKNK2 16bp deletion knockout cell line
MKNK2,HZGHC000156c020,Human MKNK2 4bp deletion knockout cell line
MST4,HZGHC000157c014,Human MST4 8bp deletion knockout cell line
MST4,HZGHC000157c015,Human MST4 7bp deletion knockout cell line
MST4,HZGHC000157c016,Human MST4 2bp deletion knockout cell line
NEK2,HZGHC000158c002,Human NEK2 1bp insertion knockout cell line
NEK2,HZGHC000158c023,Human NEK2 25bp deletion knockout cell line
NEK4,HZGHC000159c014,Human NEK4 13bp deletion knockout cell line
NEK4,HZGHC000159c015,Human NEK4 8bp deletion knockout cell line
PAK1,HZGHC000160c012,Human PAK1 8bp deletion knockout cell line
PAK1,HZGHC000160c014,Human PAK1 10bp deletion knockout cell line
PAK1,HZGHC000160c015,Human PAK1 1bp insertion knockout cell line
PAK4,HZGHC000161c010,Human PAK4 2bp deletion knockout cell line
PAK4,HZGHC000161c014,Human PAK4 31bp deletion knockout cell line
PAK4,HZGHC000161c022,Human PAK4 16bp deletion knockout cell line
PASK,HZGHC000162c003,Human PASK 20bp deletion knockout cell line
PASK,HZGHC000162c006,Human PASK 5bp deletion knockout cell line
PASK,HZGHC000162c021,Human PASK 28bp deletion knockout cell line
PDK2,HZGHC000163c014,Human PDK2 7bp deletion knockout cell line
PDK2,HZGHC000163c020,Human PDK2 10bp deletion knockout cell line
PDK2,HZGHC000163c023,Human PDK2 5bp deletion knockout cell line
PHKG2,HZGHC000164c018,Human PHKG2 1bp insertion knockout cell line
PHKG2,HZGHC000164c021,Human PHKG2 1bp insertion knockout cell line
PKN1,HZGHC000165c001,Human PKN1 23bp deletion knockout cell line
PKN1,HZGHC000165c017,Human PKN1 32bp deletion knockout cell line
PRKAA1,HZGHC000167c004,Human PRKAA1 2bp deletion knockout cell line
PRKAA1,HZGHC000167c008,Human PRKAA1 1bp insertion knockout cell line
PRKAA1,HZGHC000167c010,Human PRKAA1 1bp insertion knockout cell line
PRKCD,HZGHC000168c004,Human PRKCD 4bp insertion knockout cell line
PRKCD,HZGHC000168c014,Human PRKCD 13bp deletion knockout cell line
PRKD2,HZGHC000169c007,Human PRKD2 78bp insertion knockout cell line
PRKD2,HZGHC000169c008,Human PRKD2 17bp deletion knockout cell line
PRKD2,HZGHC000169c023,Human PRKD2 11bp deletion knockout cell line
RPS6KA2,HZGHC000170c008,Human RPS6KA2 13bp deletion knockout cell line
RPS6KA2,HZGHC000170c014,Human RPS6KA2 2bp insertion knockout cell line
RPS6KC1,HZGHC000171c005,Human RPS6KC1 2bp deletion knockout cell line
RPS6KC1,HZGHC000171c011,Human RPS6KC1 13bp deletion knockout cell line
SCYL2,HZGHC000173c011,Human SCYL2 22bp deletion knockout cell line
SCYL2,HZGHC000173c013,Human SCYL2 19bp deletion knockout cell line
SCYL3,HZGHC000174c004,Human SCYL3 8bp deletion knockout cell line
SCYL3,HZGHC000174c005,Human SCYL3 22bp deletion knockout cell line
STRADA,HZGHC000176c010,Human STRADA 35bp deletion knockout cell line
STRADA,HZGHC000176c011,Human STRADA 1bp insertion knockout cell line
UHMK1,HZGHC000178c010,Human UHMK1 4bp deletion knockout cell line
UHMK1,HZGHC000178c016,Human UHMK1 2bp insertion knockout cell line
UHMK1,HZGHC000178c022,Human UHMK1 2bp deletion knockout cell line
PCDH1,HZGHC000179c008,Human PCDH1 16bp deletion knockout cell line
PCDH1,HZGHC000179c011,Human PCDH1 10bp deletion knockout cell line
PCDH1,HZGHC000179c013,Human PCDH1 5bp deletion knockout cell line
DDI2,HZGHC000182c006,Human DDI2 4bp deletion knockout cell line
DDI2,HZGHC000182c023,Human DDI2 1bp insertion knockout cell line
IGF1R,HZGHC000184c015,Human IGF1R 7bp deletion knockout cell line
DYRK3,HZGHC000185c006,Human DYRK3 10bp deletion knockout cell line
VRK3,HZGHC000189c011,Human VRK3 1bp insertion knockout cell line
DMPK,HZGHC000194c007,Human DMPK 28bp deletion knockout cell line
ACVR1,HZGHC000195c001,Human ACVR1 2bp insertion knockout cell line
BCKDK,HZGHC000197c006,Human BCKDK 10bp deletion knockout cell line
TLK1,HZGHC000200c007,Human TLK1 26bp deletion knockout cell line
FGFR2,HZGHC000203c010,Human FGFR2 13bp deletion knockout cell line
IRAK4,HZGHC000204c007,Human IRAK4 1bp deletion knockout cell line
AKT2,HZGHC000206c006,Human AKT2 13bp deletion knockout cell line
MAPKAPK3,HZGHC000208c012,Human MAPKAPK3 5bp deletion knockout cell line
CDS1,HZGHC000209c022,Human CDS1 23bp deletion knockout cell line
ERBB3,HZGHC000211c030,Human ERBB3 4bp deletion knockout cell line
RAF1,HZGHC000214c011,Human RAF1 1bp insertion knockout cell line
RPS6KA1,HZGHC000215c018,Human RPS6KA1 16bp deletion knockout cell line
EPHA2,HZGHC000222c011,Human EPHA2 16bp deletion knockout cell line
EPHA4,HZGHC000223c007,Human EPHA4 7bp deletion knockout cell line
MAP3K6,HZGHC000225c011,Human MAP3K6 2bp deletion knockout cell line
DCLK1,HZGHC000226c012,Human DCLK1 1bp insertion knockout cell line
MAP3K8,HZGHC000228c002,Human MAP3K8 10bp deletion knockout cell line
SGK1,HZGHC000231c006,Human SGK1 29bp deletion knockout cell line
SGK1,HZGHC000231c007,Human SGK1 2bp deletion knockout cell line
STK10,HZGHC000233c008,Human STK10 2bp deletion knockout cell line
CDC42BPB,HZGHC000234c002,Human CDC42BPB 4bp deletion knockout cell line
CDK16,HZGHC000235c010,Human CDK16 10bp deletion knockout cell line
PRKCQ,HZGHC000237c003,Human PRKCQ 4bp deletion knockout cell line
PSKH1,HZGHC000240c009,Human PSKH1 41bp deletion knockout cell line
STK38,HZGHC000242c035,Human STK38 1bp insertion knockout cell line
ABL1,HZGHC000243c016,Human ABL1 7bp deletion knockout cell line
BRD3,HZGHC000244c004,Human BRD3 22bp deletion knockout cell line
NUAK1,HZGHC000247c012,Human NUAK1 1bp deletion knockout cell line
AAK1,HZGHC000248c027,Human AAK1 4bp deletion knockout cell line
STK38L,HZGHC000249c001,Human STK38L 37bp deletion knockout cell line
EPHB2,HZGHC000251c032,Human EPHB2 25bp deletion knockout cell line
ADCK3,HZGHC000253c001,Human ADCK3 1000bp deletion knockout cell line
ACVR1B,HZGHC000254c009,Human ACVR1B 5bp deletion knockout cell line
PEAK1,HZGHC000260c007,Human PEAK1 49bp deletion knockout cell line
TRIM33,HZGHC000266c011,Human TRIM33 13bp deletion knockout cell line
TBCK,HZGHC000267c023,Human TBCK 11bp deletion knockout cell line
CDK10,HZGHC000270c005,Human CDK10 11bp deletion knockout cell line
CSNK1D,HZGHC000274c010,Human CSNK1D 26bp deletion knockout cell line
PTK7,HZGHC000276c009,Human PTK7 7bp deletion knockout cell line
PTK7,HZGHC000276c022,Human PTK7 2bp deletion knockout cell line
MINK1,HZGHC000277c036,Human MINK1 22bp deletion knockout cell line
CAMK2G,HZGHC000278c001,Human CAMK2G 4bp deletion knockout cell line
CAMKK2,HZGHC000279c003,Human CAMKK2 10bp deletion knockout cell line
SRPK2,HZGHC000280c020,Human SRPK2 4bp deletion knockout cell line
ALG6,HZGHC000282c005,Human ALG6 13bp deletion knockout cell line
ALG6,HZGHC000282c012,Human ALG6 8bp deletion knockout cell line
SCYL1,HZGHC000286c003,Human SCYL1 5bp deletion knockout cell line
SCYL1,HZGHC000286c005,Human SCYL1 1bp insertion knockout cell line
PBK,HZGHC000289c003,Human PBK 25bp deletion knockout cell line
PBK,HZGHC000289c017,Human PBK 4bp deletion knockout cell line
PBK,HZGHC000289c023,Human PBK 8bp deletion knockout cell line
TRIM28,HZGHC000293c001,Human TRIM28 4bp deletion knockout cell line
TRIM28,HZGHC000293c003,Human TRIM28 7bp deletion knockout cell line
TESK1,HZGHC000294c008,Human TESK1 8bp deletion knockout cell line
TESK1,HZGHC000294c013,Human TESK1 5bp deletion knockout cell line
ATG16L1,HZGHC000296c010,Human ATG16L1 10bp deletion knockout cell line
ATG16L1,HZGHC000296c011,Human ATG16L1 14bp deletion knockout cell line
ATG9A,HZGHC000297c014,Human ATG9A 1bp insertion knockout cell line
ATG9A,HZGHC000297c017,Human ATG9A 2bp insertion knockout cell line
ATG9A,HZGHC000297c020,Human ATG9A 34bp deletion knockout cell line
SQSTM1,HZGHC000298c002,Human SQSTM1 7bp deletion knockout cell line
SQSTM1,HZGHC000298c015,Human SQSTM1 4bp deletion knockout cell line
ZFYVE1,HZGHC000301c013,Human ZFYVE1 14bp deletion knockout cell line
ZFYVE1,HZGHC000301c021,Human ZFYVE1 2bp deletion knockout cell line
ZFYVE1,HZGHC000301c023,Human ZFYVE1 8bp deletion knockout cell line
ATG7,HZGHC000302c003,Human ATG7 8bp deletion knockout cell line
ATG7,HZGHC000302c022,Human ATG7 2bp deletion knockout cell line
ATG7,HZGHC000302c023,Human ATG7 7bp deletion knockout cell line
ATG12,HZGHC000303c004,Human ATG12 2bp deletion knockout cell line
ATG12,HZGHC000303c008,Human ATG12 10bp deletion knockout cell line
ATG13,HZGHC000304c001,Human ATG13 1bp insertion knockout cell line
ATG13,HZGHC000304c002,Human ATG13 1bp insertion knockout cell line
ATG13,HZGHC000304c003,Human ATG13 1bp insertion knockout cell line
CDK18,HZGHC000305c011,Human CDK18 14bp deletion knockout cell line
CDK18,HZGHC000305c013,Human CDK18 1bp insertion knockout cell line
CDK18,HZGHC000305c020,Human CDK18 2bp deletion knockout cell line
FES,HZGHC000307c016,Human FES 38bp deletion knockout cell line
FES,HZGHC000307c019,Human FES 29bp deletion knockout cell line
FES,HZGHC000307c023,Human FES 17bp deletion knockout cell line
CAMKK1,HZGHC000309c001,Human CAMKK1 1bp insertion knockout cell line
CAMKK1,HZGHC000309c018,Human CAMKK1 7bp deletion knockout cell line
PAK6,HZGHC000310c018,Human PAK6 2bp deletion knockout cell line
PRKACA,HZGHC000313c001,Human PRKACA 1bp insertion knockout cell line
PRKACA,HZGHC000313c012,Human PRKACA 2bp deletion knockout cell line
PRKACA,HZGHC000313c018,Human PRKACA 2bp deletion knockout cell line
PRKACB,HZGHC000314c004,Human PRKACB 8bp deletion knockout cell line
PRKACB,HZGHC000314c011,Human PRKACB 23bp deletion knockout cell line
ADCK4,HZGHC000315c016,Human ADCK4 2bp insertion knockout cell line
ADCK4,HZGHC000315c019,Human ADCK4 8bp deletion knockout cell line
ADCK5,HZGHC000316c010,Human ADCK5 16bp deletion knockout cell line
ADCK5,HZGHC000316c015,Human ADCK5 13bp deletion knockout cell line
ADCK5,HZGHC000316c019,Human ADCK5 4bp deletion knockout cell line
CDK13,HZGHC000317c002,Human CDK13 14bp deletion knockout cell line
CDK13,HZGHC000317c007,Human CDK13 8bp deletion knockout cell line
CDK13,HZGHC000317c016,Human CDK13 2bp insertion knockout cell line
ROCK1,HZGHC000320c011,Human ROCK1 7bp deletion knockout cell line
ROCK1,HZGHC000320c012,Human ROCK1 2bp deletion knockout cell line
ROCK1,HZGHC000320c016,Human ROCK1 13bp deletion knockout cell line
PNCK,HZGHC000324c013,Human PNCK 11bp deletion knockout cell line
PNCK,HZGHC000324c020,Human PNCK 14bp deletion knockout cell line
CDK8,HZGHC000325c001,Human CDK8 1bp insertion knockout cell line
CDK8,HZGHC000325c017,Human CDK8 1bp insertion knockout cell line
MARK2,HZGHC000328c013,Human MARK2 11bp deletion knockout cell line
MARK2,HZGHC000328c014,Human MARK2 2bp deletion knockout cell line
POMK,HZGHC000330c018,Human POMK 2bp insertion knockout cell line
POMK,HZGHC000330c023,Human POMK 13bp deletion knockout cell line
MAST1,HZGHC000331c013,Human MAST1 2bp insertion knockout cell line
HIPK3,HZGHC000334c010,Human HIPK3 1bp insertion knockout cell line
HIPK3,HZGHC000334c011,Human HIPK3 1bp insertion knockout cell line
HIPK3,HZGHC000334c012,Human HIPK3 2bp deletion knockout cell line
HIPK2,HZGHC000335c010,Human HIPK2 11bp deletion knockout cell line
HIPK2,HZGHC000335c011,Human HIPK2 17bp deletion knockout cell line
HIPK2,HZGHC000335c022,Human HIPK2 29bp deletion knockout cell line
ROR2,HZGHC000336c004,Human ROR2 5bp deletion knockout cell line
ROR2,HZGHC000336c013,Human ROR2 19bp deletion knockout cell line
ROR2,HZGHC000336c014,Human ROR2 14bp deletion knockout cell line
EIF2AK2,HZGHC000338c001,Human EIF2AK2 3bp deletion knockout cell line
EIF2AK2,HZGHC000338c010,Human EIF2AK2 13bp deletion knockout cell line
EIF2AK2,HZGHC000338c020,Human EIF2AK2 4bp deletion knockout cell line
NEK7,HZGHC000340c006,Human NEK7 2bp deletion knockout cell line
NEK7,HZGHC000340c010,Human NEK7 4bp deletion knockout cell line
NEK7,HZGHC000340c011,Human NEK7 13bp deletion knockout cell line
NEK1,HZGHC000344c010,Human NEK1 2bp deletion knockout cell line
NEK1,HZGHC000344c012,Human NEK1 10bp deletion knockout cell line
BRSK2,HZGHC000345c017,Human BRSK2 4bp deletion knockout cell line
BRSK2,HZGHC000345c022,Human BRSK2 7bp deletion knockout cell line
BRSK1,HZGHC000347c003,Human BRSK1 16bp deletion knockout cell line
BRSK1,HZGHC000347c005,Human BRSK1 1bp insertion knockout cell line
BRSK1,HZGHC000347c019,Human BRSK1 16bp deletion knockout cell line
SRC,HZGHC000348c014,Human SRC 7bp deletion knockout cell line
SRC,HZGHC000348c017,Human SRC 14bp deletion knockout cell line
SRC,HZGHC000348c023,Human SRC 8bp deletion knockout cell line
SPEG,HZGHC000351c002,Human SPEG 4bp deletion knockout cell line
SPEG,HZGHC000351c012,Human SPEG 2bp deletion knockout cell line
SPEG,HZGHC000351c016,Human SPEG 1bp deletion knockout cell line
DCLK2,HZGHC000352c005,Human DCLK2 4bp deletion knockout cell line
STK19,HZGHC000353c003,Human STK19 23bp deletion knockout cell line
STK19,HZGHC000353c008,Human STK19 2bp insertion knockout cell line
AXIN1,HZGHC000355c010,Human AXIN1 20bp deletion knockout cell line
AXIN1,HZGHC000355c011,Human AXIN1 1bp insertion knockout cell line
AXIN1,HZGHC000355c019,Human AXIN1 26bp deletion knockout cell line
AXIN1,HZGHC000355c021,Human AXIN1 31bp deletion knockout cell line
AXIN1,HZGHC000355c024,Human AXIN1 13bp deletion knockout cell line
BRD2,HZGHC000356c010,Human BRD2 2bp deletion knockout cell line
BRD2,HZGHC000356c015,Human BRD2 4bp deletion knockout cell line
BRD2,HZGHC000356c017,Human BRD2 4bp deletion knockout cell line
LTK,HZGHC000357c018,Human LTK 37bp deletion knockout cell line
LTK,HZGHC000357c019,Human LTK 23bp deletion knockout cell line
TRIO,HZGHC000359c007,Human TRIO 1bp deletion knockout cell line
TRIO,HZGHC000359c009,Human TRIO 1bp deletion knockout cell line
CSNK1E,HZGHC000362c004,Human CSNK1E 13bp deletion knockout cell line
CSNK1E,HZGHC000362c011,Human CSNK1E 8bp deletion knockout cell line
GRK6,HZGHC000364c014,Human GRK6 7bp deletion knockout cell line
TSSK3,HZGHC000368c013,Human TSSK3 16bp deletion knockout cell line
KSR1,HZGHC000369c001,Human KSR1 10bp deletion knockout cell line
KSR1,HZGHC000369c003,Human KSR1 19bp deletion knockout cell line
LAMTOR4,HZGHC000374c009,Human LAMTOR4 2bp deletion knockout cell line
LAMTOR4,HZGHC000374c010,Human LAMTOR4 8bp deletion knockout cell line
LAMTOR4,HZGHC000374c012,Human LAMTOR4 1bp insertion knockout cell line
C17ORF59,HZGHC000377c001,Human C17orf59 2bp deletion knockout cell line
C17ORF59,HZGHC000377c016,Human C17orf59 4bp deletion knockout cell line
C17ORF59,HZGHC000377c017,Human C17orf59 10bp deletion knockout cell line
PRKD1,HZGHC000394c001,Human PRKD1 2bp deletion knockout cell line
PRKD1,HZGHC000394c011,Human PRKD1 14bp deletion knockout cell line
PRKD1,HZGHC000394c012,Human PRKD1 14bp deletion knockout cell line
DDI2,HZGHC000395c002,Human DDI2 135bp insertion knockout cell line
DDI2,HZGHC000396c007,Human DDI2 4bp deletion knockout cell line
DDI2,HZGHC000396c010,Human DDI2 41bp deletion knockout cell line
MKNK1,HZGHC000397c012,Human MKNK1 7bp deletion knockout cell line
MKNK1,HZGHC000397c018,Human MKNK1 4bp deletion knockout cell line
ACVR2A,HZGHC000400c009,Human ACVR2A 7bp deletion knockout cell line
MELK,HZGHC000401c007,Human MELK 5bp deletion knockout cell line
VRK2,HZGHC000403c006,Human VRK2 7bp deletion knockout cell line
CASK,HZGHC000404c023,Human CASK 17bp deletion knockout cell line
LIMK2,HZGHC000405c015,Human LIMK2 5bp deletion knockout cell line
WDR62,HZGHC000409c005,Human WDR62 1bp insertion knockout cell line
WDR62,HZGHC000409c006,Human WDR62 1bp insertion knockout cell line
TP53BP1,HZGHC000413c010,Human TP53BP1 40bp deletion knockout cell line
TP53BP1,HZGHC000413c011,Human TP53BP1 1bp deletion knockout cell line
NEIL1,HZGHC000418c007,Human NEIL1 16bp deletion knockout cell line
NEIL1,HZGHC000418c012,Human NEIL1 22bp deletion knockout cell line
NEIL1,HZGHC000418c017,HAP1 NEIL1 (-)
NEIL1,HZGHC000418c018,HAP1 NEIL1 (-)
NEIL1,HZGHC000418c021,HAP1 NEIL1 (-)
ERCC8,HZGHC000421c013,Human ERCC8 7bp deletion knockout cell line
ERCC8,HZGHC000421c024,Human ERCC8 14bp deletion knockout cell line
ERCC6,HZGHC000422c003,Human ERCC6 4bp deletion knockout cell line
ERCC6,HZGHC000422c005,Human ERCC6 5bp deletion knockout cell line
ERCC6,HZGHC000422c011,Human ERCC6 26bp deletion knockout cell line
TDP1,HZGHC000423c003,Human TDP1 2bp insertion knockout cell line
TDP1,HZGHC000423c005,Human TDP1 13bp deletion knockout cell line
TDP1,HZGHC000423c006,Human TDP1 1bp insertion knockout cell line
OGG1,HZGHC000424c001,Human OGG1 4bp deletion knockout cell line
OGG1,HZGHC000424c015,Human OGG1 5bp deletion knockout cell line
OGG1,HZGHC000424c022,Human OGG1 8bp deletion knockout cell line
ALKBH2,HZGHC000425c002,Human ALKBH2 7bp deletion knockout cell line
ALKBH2,HZGHC000425c015,Human ALKBH2 4bp deletion knockout cell line
ALKBH2,HZGHC000425c019,Human ALKBH2 13bp deletion knockout cell line
NHEJ1,HZGHC000426c004,Human NHEJ1 10bp deletion knockout cell line
NHEJ1,HZGHC000426c011,Human NHEJ1 5bp deletion knockout cell line
NHEJ1,HZGHC000426c017,Human NHEJ1 4bp deletion knockout cell line
RECQL4,HZGHC000427c003,Human RECQL4 2bp deletion knockout cell line
RECQL4,HZGHC000427c009,Human RECQL4 1bp insertion knockout cell line
RECQL4,HZGHC000427c011,Human RECQL4 5bp deletion knockout cell line
XRCC4,HZGHC000428c010,Human XRCC4 2bp deletion knockout cell line
XRCC4,HZGHC000428c024,Human XRCC4 11bp deletion knockout cell line
DCLRE1C,HZGHC000429c002,Human DCLRE1C 1bp insertion knockout cell line
DCLRE1C,HZGHC000429c006,Human DCLRE1C 28bp deletion knockout cell line
DCLRE1C,HZGHC000429c012,Human DCLRE1C 4bp deletion knockout cell line
APTX,HZGHC000431c002,Human APTX 11bp deletion knockout cell line
APTX,HZGHC000431c014,Human APTX 2bp insertion knockout cell line
APTX,HZGHC000431c023,Human APTX 19bp deletion knockout cell line
WRN,HZGHC000432c002,Human WRN 1bp insertion knockout cell line
WRN,HZGHC000432c003,Human WRN 1bp insertion knockout cell line
XPA,HZGHC000433c001,Human XPA 4bp deletion knockout cell line
XPA,HZGHC000433c010,Human XPA 5bp deletion knockout cell line
XPA,HZGHC000433c011,Human XPA 2bp deletion knockout cell line
RNASEK,HZGHC000436c003,Human RNASEK 2bp insertion knockout cell line
RNASEK,HZGHC000436c011,Human RNASEK 2bp deletion knockout cell line
TM9SF1,HZGHC000437c001,Human TM9SF1 2bp insertion knockout cell line
TM9SF1,HZGHC000437c002,Human TM9SF1 16bp deletion knockout cell line
TM9SF2,HZGHC000439c005,Human TM9SF2 4bp deletion knockout cell line
TM9SF2,HZGHC000439c006,Human TM9SF2 13bp deletion knockout cell line
TM9SF4,HZGHC000441c008,Human TM9SF4 7bp deletion knockout cell line
TM9SF4,HZGHC000441c010,Human TM9SF4 28bp deletion knockout cell line
TM9SF3,HZGHC000444c005,Human TM9SF3 5bp deletion knockout cell line
TM9SF3,HZGHC000444c006,Human TM9SF3 8bp deletion knockout cell line
COPS6,HZGHC000446c001,Human COPS6 40bp deletion knockout cell line
COPS6,HZGHC000446c005,Human COPS6 37bp deletion knockout cell line
USP53,HZGHC000447c007,Human USP53 4bp deletion knockout cell line
USP53,HZGHC000447c010,Human USP53 5bp insertion knockout cell line
USP27X,HZGHC000448c001,Human USP27X 1bp insertion knockout cell line
USP27X,HZGHC000448c002,Human USP27X 1bp insertion knockout cell line
USP54,HZGHC000449c003,Human USP54 8bp deletion knockout cell line
USP54,HZGHC000449c010,Human USP54 2bp deletion knockout cell line
USP10,HZGHC000450c001,Human USP10 8bp deletion knockout cell line
USP10,HZGHC000450c007,Human USP10 5bp deletion knockout cell line
USP15,HZGHC000451c001,Human USP15 32bp deletion knockout cell line
USP15,HZGHC000451c002,Human USP15 16bp deletion knockout cell line
USP15,HZGHC000451c003,Human USP15 1bp deletion knockout cell line
USP13,HZGHC000453c006,Human USP13 2bp deletion knockout cell line
PAN2,HZGHC000454c003,Human PAN2 1bp insertion knockout cell line
PAN2,HZGHC000454c006,Human PAN2 8bp deletion knockout cell line
PAN2,HZGHC000454c008,Human PAN2 1bp insertion knockout cell line
USP1,HZGHC000455c005,Human USP1 16bp deletion knockout cell line
USP1,HZGHC000455c007,Human USP1 13bp deletion knockout cell line
JOSD1,HZGHC000456c012,Human JOSD1 8bp deletion knockout cell line
JOSD2,HZGHC000458c011,Human JOSD2 1bp insertion knockout cell line
USP21,HZGHC000459c001,Human USP21 4bp deletion knockout cell line
USP21,HZGHC000459c002,Human USP21 14bp deletion knockout cell line
USP20,HZGHC000460c008,Human USP20 5bp deletion knockout cell line
USP20,HZGHC000460c009,Human USP20 22bp deletion knockout cell line
USP22,HZGHC000461c009,Human USP22 11bp deletion knockout cell line
USP22,HZGHC000461c010,Human USP22 1bp insertion knockout cell line
USP25,HZGHC000462c001,Human USP25 1bp insertion knockout cell line
USP25,HZGHC000462c002,Human USP25 1bp insertion knockout cell line
USP25,HZGHC000462c008,Human USP25 218bp insertion knockout cell line
USP24,HZGHC000463c001,Human USP24 1bp insertion knockout cell line
USP24,HZGHC000463c011,Human USP24 1bp insertion knockout cell line
USP7,HZGHC000464c001,Human USP7 1bp insertion knockout cell line
USP7,HZGHC000464c002,Human USP7 1bp insertion knockout cell line
USP7,HZGHC000464c003,Human USP7 1bp insertion knockout cell line
USP30,HZGHC000465c002,Human USP30 1bp insertion knockout cell line
USP30,HZGHC000465c005,Human USP30 1bp deletion knockout cell line
USP30,HZGHC000465c011,Human USP30 13bp deletion knockout cell line
USP2,HZGHC000467c006,Human USP2 13bp deletion knockout cell line
USP2,HZGHC000467c010,Human USP2 10bp deletion knockout cell line
USP9X,HZGHC000468c003,Human USP9X 17bp deletion knockout cell line
USP9X,HZGHC000468c007,Human USP9X 16bp deletion knockout cell line
OTUD6B,HZGHC000469c004,Human OTUD6B 14bp deletion knockout cell line
OTUD6B,HZGHC000469c005,Human OTUD6B 14bp deletion knockout cell line
USP4,HZGHC000470c003,Human USP4 2bp insertion knockout cell line
CYLD,HZGHC000471c010,Human CYLD 1bp insertion knockout cell line
CYLD,HZGHC000471c012,Human CYLD 1bp insertion knockout cell line
STAMBPL1,HZGHC000474c003,Human STAMBPL1 2bp deletion knockout cell line
STAMBPL1,HZGHC000474c007,Human STAMBPL1 5bp deletion knockout cell line
OTUD7B,HZGHC000475c006,Human OTUD7B 10bp deletion knockout cell line
OTUD7B,HZGHC000475c011,Human OTUD7B 16bp deletion knockout cell line
USP38,HZGHC000476c003,Human USP38 1bp insertion knockout cell line
USP38,HZGHC000476c004,Human USP38 1bp insertion knockout cell line
USP34,HZGHC000480c001,Human USP34 2bp insertion knockout cell line
USP34,HZGHC000480c002,Human USP34 8bp deletion knockout cell line
USP33,HZGHC000481c008,Human USP33 2bp insertion knockout cell line
USP32,HZGHC000482c007,Human USP32 1bp insertion knockout cell line
USP32,HZGHC000482c010,Human USP32 16bp deletion knockout cell line
USP31,HZGHC000483c001,Human USP31 43bp deletion knockout cell line
USP31,HZGHC000483c009,Human USP31 10bp deletion knockout cell line
STAMBP,HZGHC000484c007,Human STAMBP 1bp insertion knockout cell line
STAMBP,HZGHC000484c008,Human STAMBP 1bp insertion knockout cell line
ZRANB1,HZGHC000485c007,Human ZRANB1 14bp deletion knockout cell line
USP46,HZGHC000486c003,Human USP46 1bp insertion knockout cell line
USP46,HZGHC000486c004,Human USP46 1bp insertion knockout cell line
USP46,HZGHC000486c005,Human USP46 1bp insertion knockout cell line
USP49,HZGHC000487c006,Human USP49 16bp deletion knockout cell line
USP49,HZGHC000487c011,Human USP49 10bp deletion knockout cell line
USP42,HZGHC000489c009,Human USP42 4bp insertion knockout cell line
USP19,HZGHC000491c002,Human USP19 25bp deletion knockout cell line
USP19,HZGHC000491c008,Human USP19 2bp insertion knockout cell line
USP18,HZGHC000492c006,Human USP18 8bp deletion knockout cell line
USP18,HZGHC000492c011,Human USP18 4bp deletion knockout cell line
USP12,HZGHC000493c001,Human USP12 19bp deletion knockout cell line
USP12,HZGHC000493c006,Human USP12 14bp deletion knockout cell line
USP11,HZGHC000494c002,Human USP11 2bp deletion knockout cell line
USP11,HZGHC000494c005,Human USP11 4bp deletion knockout cell line
USP16,HZGHC000495c002,Human USP16 2bp deletion knockout cell line
USP16,HZGHC000495c007,Human USP16 7bp deletion knockout cell line
USP14,HZGHC000497c008,Human USP14 1bp deletion knockout cell line
BRCC3,HZGHC000498c009,Human BRCC3 1bp insertion knockout cell line
BRCC3,HZGHC000498c010,Human BRCC3 8bp deletion knockout cell line
USP28,HZGHC000499c005,Human USP28 7bp deletion knockout cell line
USP28,HZGHC000499c006,Human USP28 10bp deletion knockout cell line
OTUD3,HZGHC000500c002,Human OTUD3 1bp insertion knockout cell line
OTUD3,HZGHC000500c003,Human OTUD3 16bp deletion knockout cell line
OTUD4,HZGHC000501c002,Human OTUD4 4bp deletion knockout cell line
OTUD5,HZGHC000502c002,Human OTUD5 2bp deletion knockout cell line
OTUD5,HZGHC000502c003,Human OTUD5 1bp deletion knockout cell line
MYSM1,HZGHC000504c005,Human MYSM1 7bp deletion knockout cell line
MYSM1,HZGHC000504c008,Human MYSM1 1bp insertion knockout cell line
USP40,HZGHC000505c009,Human USP40 16bp deletion knockout cell line
OTUB1,HZGHC000506c003,Human OTUB1 11bp deletion knockout cell line
OTUB1,HZGHC000506c010,Human OTUB1 7bp deletion knockout cell line
KDM1A,HZGHC000509c010,Human KDM1A 10bp deletion knockout cell line
KDM1A,HZGHC000509c012,Human KDM1A 4bp deletion knockout cell line
LARGE,HZGHC000510c001,Human LARGE 10bp deletion knockout cell line
LARGE,HZGHC000510c003,Human LARGE 13bp deletion knockout cell line
LARGE,HZGHC000510c008,Human LARGE 7bp deletion knockout cell line
TMEM5,HZGHC000511c007,Human TMEM5 14bp deletion knockout cell line
TMEM5,HZGHC000511c011,Human TMEM5 17bp deletion knockout cell line
PRKRA,HZGHC000514c008,Human PRKRA 1bp insertion knockout cell line
PRKRA,HZGHC000514c011,Human PRKRA 2bp deletion knockout cell line
PRKRA,HZGHC000514c012,Human PRKRA 5bp deletion knockout cell line
PRKRA,HZGHC000515c003,Human PRKRA 10bp deletion knockout cell line
PRKRA,HZGHC000515c007,Human PRKRA 16bp deletion knockout cell line
TARBP2,HZGHC000516c001,Human TARBP2 11bp deletion knockout cell line
TARBP2,HZGHC000516c008,Human TARBP2 11bp deletion knockout cell line
TARBP2,HZGHC000517c002,Human TARBP2 23bp deletion knockout cell line
TARBP2,HZGHC000517c010,Human TARBP2 10bp deletion knockout cell line
GALT,HZGHC000518c003,Human GALT 2bp deletion knockout cell line
GALT,HZGHC000518c005,Human GALT 1bp insertion knockout cell line
GALT,HZGHC000518c007,Human GALT 2bp deletion knockout cell line
CASD1,HZGHC000520c003,Human CASD1 16bp deletion knockout cell line
CASD1,HZGHC000520c009,Human CASD1 8bp deletion knockout cell line
PHF3,HZGHC000522c011,Human PHF3 1bp insertion knockout cell line
PHF3,HZGHC000522c012,Human PHF3 13bp deletion knockout cell line
BAZ2B,HZGHC000523c005,Human BAZ2B 16bp deletion knockout cell line
BAZ2B,HZGHC000523c010,Human BAZ2B 2bp insertion knockout cell line
BAZ2B,HZGHC000524c005,Human BAZ2B 5bp deletion knockout cell line
BAZ2B,HZGHC000524c006,Human BAZ2B 1bp deletion knockout cell line
KDM1B,HZGHC000525c005,Human KDM1B 32bp deletion knockout cell line
KDM1B,HZGHC000525c011,Human KDM1B 13bp deletion knockout cell line
MAPK8,HZGHC000526c003,Human MAPK8 5bp deletion knockout cell line
MAPK8,HZGHC000526c004,Human MAPK8 2bp insertion knockout cell line
ECE2,HZGHC000530c008,Human ECE2 2bp deletion knockout cell line
ECE2,HZGHC000530c010,Human ECE2 17bp deletion knockout cell line
FAM173A,HZGHC000532c005,Human FAM173A 1bp insertion knockout cell line
FAM173A,HZGHC000532c006,Human FAM173A 1bp insertion knockout cell line
FAM173B,HZGHC000533c006,Human FAM173B 2bp deletion knockout cell line
FAM173B,HZGHC000533c008,Human FAM173B 5bp deletion knockout cell line
FAM173B,HZGHC000534c003,Human FAM173B 13bp deletion knockout cell line
FAM173B,HZGHC000534c010,Human FAM173B 13bp deletion knockout cell line
METTL12,HZGHC000536c010,Human METTL12 1bp insertion knockout cell line
METTL12,HZGHC000536c011,Human METTL12 1bp insertion knockout cell line
METTL12,HZGHC000536c012,Human METTL12 1bp insertion knockout cell line
METTL13,HZGHC000537c001,Human METTL13 20bp deletion knockout cell line
METTL13,HZGHC000537c007,Human METTL13 2bp insertion knockout cell line
METTL13,HZGHC000539c006,Human METTL13 8bp deletion knockout cell line
METTL13,HZGHC000539c012,Human METTL13 14bp deletion knockout cell line
METTL18,HZGHC000541c002,Human METTL18 2bp deletion knockout cell line
METTL18,HZGHC000541c009,Human METTL18 1bp deletion knockout cell line
METTL18,HZGHC000541c012,Human METTL18 4bp deletion knockout cell line
METTL21B,HZGHC000545c003,Human METTL21B 16bp deletion knockout cell line
METTL21B,HZGHC000545c007,Human METTL21B 2bp deletion knockout cell line
METTL21B,HZGHC000546c004,Human METTL21B 17bp deletion knockout cell line
METTL21B,HZGHC000546c012,Human METTL21B 1bp insertion knockout cell line
METTL22,HZGHC000547c011,Human METTL22 1bp deletion knockout cell line
METTL23,HZGHC000549c005,Human METTL23 32bp deletion knockout cell line
METTL23,HZGHC000549c006,Human METTL23 2bp deletion knockout cell line
POGK,HZGHC000554c007,Human POGK 34bp deletion knockout cell line
POGK,HZGHC000554c010,Human POGK 10bp deletion knockout cell line
POGK,HZGHC000555c005,Human POGK 2bp insertion knockout cell line
POGK,HZGHC000555c006,Human POGK 1bp insertion knockout cell line
PRKAB2,HZGHC000557c002,Human PRKAB2 1bp insertion knockout cell line
PCDH1,HZGHC000558c008,Human PCDH1 2bp deletion knockout cell line
PCDH1,HZGHC000558c009,Human PCDH1 26bp deletion knockout cell line
PRKAB1,HZGHC000561c002,Human PRKAB1 16bp deletion knockout cell line
PRKAB1,HZGHC000561c005,Human PRKAB1 2bp deletion knockout cell line
NMT2,HZGHC000562c006,Human NMT2 2bp insertion knockout cell line
NMT2,HZGHC000562c012,Human NMT2 2bp insertion knockout cell line
NMT1,HZGHC000565c009,Human NMT1 14bp deletion knockout cell line
RB1CC1,HZGHC000567c007,Human RB1CC1 2bp deletion knockout cell line
RB1CC1,HZGHC000567c008,Human RB1CC1 2bp deletion knockout cell line
RRM2B,HZGHC000572c009,Human RRM2B 16bp deletion knockout cell line
RRM2B,HZGHC000572c010,Human RRM2B 10bp deletion knockout cell line
LRRC8A,HZGHC000574c006,Human LRRC8A 2bp deletion knockout cell line
LRRC8A,HZGHC000574c010,Human LRRC8A 1bp deletion knockout cell line
LRRC8D,HZGHC000576c001,Human LRRC8D 2bp deletion knockout cell line
LRRC8D,HZGHC000577c005,Human LRRC8D 20bp deletion knockout cell line
LRRC8D,HZGHC000577c007,Human LRRC8D 4bp deletion knockout cell line
HDAC3,HZGHC000579c003,Human HDAC3 1bp insertion knockout cell line
FCHO1,HZGHC000580c001,Human FCHO1 2bp deletion knockout cell line
FCHO1,HZGHC000580c002,Human FCHO1 2bp insertion knockout cell line
FCHO1,HZGHC000580c003,Human FCHO1 1bp insertion knockout cell line
FCHO1,HZGHC000580c008,Human FCHO1 1bp insertion knockout cell line
FCHO1,HZGHC000581c001,Human FCHO1 1bp insertion knockout cell line
FCHO1,HZGHC000581c009,Human FCHO1 1bp insertion knockout cell line
ARID1B,HZGHC000582c005,Human ARID1B 5bp deletion knockout cell line
ARID1B,HZGHC000582c007,Human ARID1B 13bp deletion knockout cell line
ZDHHC2,HZGHC000584c003,Human ZDHHC2 2bp deletion knockout cell line
ZDHHC2,HZGHC000585c001,Human ZDHHC2 193bp insertion knockout cell line
ZDHHC2,HZGHC000585c008,Human ZDHHC2 2bp insertion knockout cell line
ZDHHC6,HZGHC000586c001,Human ZDHHC6 5bp deletion knockout cell line
ZDHHC6,HZGHC000586c002,Human ZDHHC6 2bp deletion knockout cell line
ZDHHC5,HZGHC000589c008,Human ZDHHC5 2bp deletion knockout cell line
ZDHHC5,HZGHC000589c012,Human ZDHHC5 10bp deletion knockout cell line
CKAP4,HZGHC000590c009,Human CKAP4 32bp deletion knockout cell line
LYPLA2,HZGHC000593c008,Human LYPLA2 2bp deletion knockout cell line
LYPLA2,HZGHC000593c012,Human LYPLA2 16bp deletion knockout cell line
LYPLA1,HZGHC000594c005,Human LYPLA1 2bp deletion knockout cell line
LYPLA1,HZGHC000594c006,Human LYPLA1 10bp deletion knockout cell line
CANX,HZGHC000597c002,Human CANX 2bp insertion knockout cell line
CANX,HZGHC000597c006,Human CANX 2bp deletion knockout cell line
LRP6,HZGHC000598c007,Human LRP6 5bp deletion knockout cell line
LRP6,HZGHC000598c010,Human LRP6 4bp deletion knockout cell line
ANTXR2,HZGHC000600c008,Human ANTXR2 11bp deletion knockout cell line
ANTXR1,HZGHC000603c001,Human ANTXR1 1bp insertion knockout cell line
ANTXR1,HZGHC000603c012,Human ANTXR1 47bp deletion knockout cell line
LYPLAL1,HZGHC000604c010,Human LYPLAL1 2bp deletion knockout cell line
LYPLAL1,HZGHC000605c001,Human LYPLAL1 8bp deletion knockout cell line
LYPLAL1,HZGHC000605c002,Human LYPLAL1 8bp deletion knockout cell line
RNF41,HZGHC000608c001,Human RNF41 23bp deletion knockout cell line
RNF41,HZGHC000608c011,Human RNF41 11bp deletion knockout cell line
RNF41,HZGHC000609c006,Human RNF41 2bp deletion knockout cell line
RNF41,HZGHC000609c009,Human RNF41 8bp deletion knockout cell line
FCHO2,HZGHC000610c004,Human FCHO2 4bp deletion knockout cell line
FCHO2,HZGHC000610c011,Human FCHO2 2bp deletion knockout cell line
FCHO2,HZGHC000611c004,Human FCHO2 28bp deletion knockout cell line
USP35,HZGHC000613c001,Human USP35 8bp deletion knockout cell line
USP35,HZGHC000613c012,Human USP35 10bp deletion knockout cell line
ALAS1,HZGHC000614c004,Human ALAS1 5bp insertion knockout cell line
ALAS1,HZGHC000614c007,Human ALAS1 2bp insertion knockout cell line
ARID1A,HZGHC000618c003,Human ARID1A 2bp deletion knockout cell line
ARID1A,HZGHC000618c010,Human ARID1A 13bp deletion knockout cell line
ARID1A,HZGHC000619c005,Human ARID1A 1bp deletion knockout cell line
ARID1A,HZGHC000619c006,Human ARID1A 1bp insertion knockout cell line
USP1,HZGHC000620c005,Human USP1 11bp deletion knockout cell line
USP1,HZGHC000620c012,Human USP1 5bp deletion knockout cell line
ARID1B,HZGHC000621c005,Human ARID1B 5bp deletion knockout cell line
ARID1B,HZGHC000621c012,Human ARID1B 2bp deletion knockout cell line
RAD52,HZGHC000623c002,Human RAD52 2bp insertion knockout cell line
PTEN,HZGHC000624c004,Human PTEN 8bp deletion knockout cell line
PTEN,HZGHC000624c009,HAP1 PTEN knock out
PTEN,HZGHC000625c004,Human PTEN 1bp insertion knockout cell line
PTEN,HZGHC000625c005,Human PTEN 19bp deletion knockout cell line
PTEN,HZGHC000625c006,Human PTEN 1bp insertion knockout cell line
DAPK1,HZGHC000626c004,Human DAPK1 2bp deletion knockout cell line
DAPK1,HZGHC000626c006,Human DAPK1 2bp deletion knockout cell line
DAPK1,HZGHC000626c010,Human DAPK1 2bp deletion knockout cell line
BLM,HZGHC000629c005,Human BLM 1bp insertion knockout cell line
UNG,HZGHC000630c001,Human UNG 10bp deletion knockout cell line
UNG,HZGHC000630c007,Human UNG 28bp deletion knockout cell line
USP11,HZGHC000634c005,Human USP11 10bp deletion knockout cell line
RAB7A,HZGHC000635c001,Human RAB7A 2bp deletion knockout cell line
RAB7A,HZGHC000635c015,Human RAB7A 13bp deletion knockout cell line
COPS7B,HZGHC000636c003,Human COPS7B 2bp deletion knockout cell line
COPS7B,HZGHC000636c011,Human COPS7B 26bp deletion knockout cell line
UCHL3,HZGHC000637c003,Human UCHL3 19bp deletion knockout cell line
UCHL3,HZGHC000637c011,Human UCHL3 11bp deletion knockout cell line
POLM,HZGHC000643c006,Human POLM 1bp deletion knockout cell line
POLM,HZGHC000643c007,Human POLM 2bp deletion knockout cell line
FANCE,HZGHC000645c005,Human FANCE 8bp deletion knockout cell line
FANCG,HZGHC000646c006,Human FANCG 1bp insertion knockout cell line
POLQ,HZGHC000647c003,Human POLQ 2bp deletion knockout cell line
POLQ,HZGHC000647c003-INT,HAP1 POLQ knockout
POLQ,HZGHC000647c005,Human POLQ 1bp insertion knockout cell line
POLQ,HZGHC000647c005-INT,HAP1 POLQ knockout
FANCA,HZGHC000648c005,Human FANCA 7bp deletion knockout cell line
FANCA,HZGHC000648c006,Human FANCA 2bp insertion knockout cell line
FANCA,HZGHC000648c007,Human FANCA 1bp insertion knockout cell line
FANCB,HZGHC000649c005,Human FANCB 2bp insertion knockout cell line
POLL,HZGHC000651c002,Human POLL 5bp deletion knockout cell line
POLL,HZGHC000651c006,Human POLL 2bp deletion knockout cell line
POLL,HZGHC000651c007,Human POLL 7bp deletion knockout cell line
POLK,HZGHC000652c002,Human POLK 4bp deletion knockout cell line
POLK,HZGHC000652c003,Human POLK 5bp deletion knockout cell line
POLK,HZGHC000652c005,Human POLK 2bp insertion knockout cell line
MSH6,HZGHC000653c003,Human MSH6 2bp deletion knockout cell line
MSH6,HZGHC000653c007,Human MSH6 8bp deletion knockout cell line
POLH,HZGHC000655c006,Human POLH 1bp insertion knockout cell line
POLH,HZGHC000655c007,Human POLH 1bp deletion knockout cell line
POLH,HZGHC000655c010,Human POLH 2bp deletion knockout cell line
MSH3,HZGHC000656c001,Human MSH3 4bp insertion knockout cell line
MSH3,HZGHC000656c005,Human MSH3 1bp insertion knockout cell line
MSH3,HZGHC000656c010,Human MSH3 2bp insertion knockout cell line
POLE,HZGHC000659c003,Human POLE 2bp deletion knockout cell line
POLE,HZGHC000659c005,Human POLE 1bp insertion knockout cell line
POLE,HZGHC000659c006,Human POLE 8bp deletion knockout cell line
RIF1,HZGHC000663c003,Human RIF1 16bp deletion knockout cell line
RIF1,HZGHC000663c012,Human RIF1 14bp deletion knockout cell line
PARP2,HZGHC000665c004,Human PARP2 17bp deletion knockout cell line
PARP2,HZGHC000665c006,Human PARP2 2bp deletion knockout cell line
PARP2,HZGHC000665c011,Human PARP2 17bp deletion knockout cell line
GPC4,HZGHC000672c002,Human GPC4 10bp deletion knockout cell line
GPC4,HZGHC000672c006,Human GPC4 4bp deletion knockout cell line
ACBD3,HZGHC000673c009,Human ACBD3 2bp insertion knockout cell line
ACBD3,HZGHC000673c011,Human ACBD3 10bp deletion knockout cell line
PLIN3,HZGHC000675c001,Human PLIN3 5bp deletion knockout cell line
PLIN3,HZGHC000675c006,Human PLIN3 2bp insertion knockout cell line
PLIN3,HZGHC000676c009,Human PLIN3 20bp deletion knockout cell line
PLIN3,HZGHC000676c010,Human PLIN3 20bp deletion knockout cell line
PI4KB,HZGHC000679c003,Human PI4KB 1bp insertion knockout cell line
PI4KB,HZGHC000679c004,Human PI4KB 7bp deletion knockout cell line
PI4KB,HZGHC000679c005,Human PI4KB 1bp insertion knockout cell line
SREBF2,HZGHC000683c004,Human SREBF2 2bp deletion knockout cell line
PTPN11,HZGHC000686c011,Human PTPN11 1bp insertion knockout cell line
PTPN11,HZGHC000686c012,Human PTPN11 1bp insertion knockout cell line
ADAM9,HZGHC000687c007,Human ADAM9 14bp deletion knockout cell line
ADAM9,HZGHC000687c011,Human ADAM9 5bp deletion knockout cell line
ADAM9,HZGHC000688c009,Human ADAM9 2bp deletion knockout cell line
ADAM9,HZGHC000688c012,Human ADAM9 17bp deletion knockout cell line
PIK3CA,HZGHC000691c006,Human PIK3CA 4bp deletion knockout cell line
PIK3CA,HZGHC000691c007,Human PIK3CA 8bp deletion knockout cell line
PIK3C2A,HZGHC000696c002,Human PIK3C2A 2bp deletion knockout cell line
PIK3C2A,HZGHC000696c011,Human PIK3C2A 10bp deletion knockout cell line
PIK3C2B,HZGHC000697c006,Human PIK3C2B 5bp deletion knockout cell line
PIK3C2B,HZGHC000697c009,Human PIK3C2B 2bp insertion knockout cell line
EPHB1,HZGHC000699c028,Human EPHB1 14bp deletion knockout cell line
ADRBK1,HZGHC000706c012,Human ADRBK1 32bp deletion knockout cell line
LMTK2,HZGHC000708c008,Human LMTK2 5bp deletion knockout cell line
NEK9,HZGHC000711c016,Human NEK9 8bp deletion knockout cell line
MLKL,HZGHC000712c013,Human MLKL 2bp deletion knockout cell line
PIK3CB,HZGHC000714c003,Human PIK3CB 10bp deletion knockout cell line
IDE,HZGHC000715c001,Human IDE 23bp deletion knockout cell line
IDE,HZGHC000715c010,Human IDE 10bp deletion knockout cell line
IDE,HZGHC000716c010,Human IDE 22bp deletion knockout cell line
IDE,HZGHC000716c012,Human IDE 4bp deletion knockout cell line
NBEAL2,HZGHC000717c001,Human NBEAL2 16bp deletion knockout cell line
NBEAL2,HZGHC000717c004,Human NBEAL2 2bp insertion knockout cell line
FKTN,HZGHC000721c002,Human FKTN 8bp deletion knockout cell line
FKTN,HZGHC000721c010,Human FKTN 16bp deletion knockout cell line
FKTN,HZGHC000722c003,Human FKTN 7bp deletion knockout cell line
FKTN,HZGHC000722c008,Human FKTN 16bp deletion knockout cell line
POMT1,HZGHC000723c006,Human POMT1 23bp deletion knockout cell line
POMT1,HZGHC000723c019,HAP1 POMT1 (-)
POMT1,HZGHC000723c022,HAP1 POMT1 (-)
POMT1,HZGHC000723c024,HAP1 POMT1 (-)
POMT1,HZGHC000724c004,Human POMT1 10bp deletion knockout cell line
POMT1,HZGHC000724c006,Human POMT1 25bp deletion knockout cell line
FKRP,HZGHC000726c004,Human FKRP 2bp deletion knockout cell line
FKRP,HZGHC000726c009,Human FKRP 17bp deletion knockout cell line
ATXN3,HZGHC000727c008,Human ATXN3 2bp insertion knockout cell line
INSR,HZGHC000730c014,Human INSR 22bp deletion knockout cell line
RPS6KA3,HZGHC000731c010,Human RPS6KA3 17bp deletion knockout cell line
MAP4K4,HZGHC000732c022,Human MAP4K4 13bp deletion knockout cell line
FASTK,HZGHC000734c056,Human FASTK 57bp deletion knockout cell line
SGK3,HZGHC000735c009,Human SGK3 1bp insertion knockout cell line
PKDCC,HZGHC000737c004,Human PKDCC 2bp deletion knockout cell line
MAP3K1,HZGHC000740c011,Human MAP3K1 8bp deletion knockout cell line
CMAS,HZGHC000743c001,Human CMAS 10bp deletion knockout cell line
POMGNT1,HZGHC000747c003,Human POMGNT1 5bp deletion knockout cell line
POMGNT1,HZGHC000747c012,Human POMGNT1 8bp deletion knockout cell line
RIF1,HZGHC000748c002,Human RIF1 1bp insertion knockout cell line
RIF1,HZGHC000748c004,Human RIF1 7bp deletion knockout cell line
ERCC6L,HZGHC000750c011,Human ERCC6L 1bp insertion knockout cell line
ERCC6L,HZGHC000750c012,Human ERCC6L 1bp insertion knockout cell line
ERCC6L,HZGHC000751c006,Human ERCC6L 2bp deletion knockout cell line
EXO1,HZGHC000752c007,Human EXO1 8bp deletion knockout cell line
EXO1,HZGHC000752c011,Human EXO1 1bp insertion knockout cell line
NUDT1,HZGHC000753c002,Human NUDT1 8bp deletion knockout cell line
NUDT1,HZGHC000753c003,Human NUDT1 10bp deletion knockout cell line
REV1,HZGHC000754c002,Human REV1 28bp deletion knockout cell line
REV1,HZGHC000754c005,Human REV1 5bp deletion knockout cell line
LMNA,HZGHC000758c107,Human LMNA 101bp insertion knockout cell line
LIG4,HZGHC000759c007,Human LIG4 1bp insertion knockout cell line
LIG4,HZGHC000759c014,HAP1 LIG4 (-)
LIG4,HZGHC000759c016,HAP1 LIG4 (-)
LIG4,HZGHC000759c016P,LIG4 (-) gDNA
UIMC1,HZGHC000760c001,Human UIMC1 10bp deletion knockout cell line
UIMC1,HZGHC000760c010,Human UIMC1 23bp deletion knockout cell line
FANCL,HZGHC000761c003,Human FANCL 10bp deletion knockout cell line
PAXIP1,HZGHC000762c005,Human PAXIP1 1bp insertion knockout cell line
PAXIP1,HZGHC000762c006,Human PAXIP1 5bp deletion knockout cell line
PAXIP1,HZGHC000762c007,Human PAXIP1 1bp insertion knockout cell line
PMS2,HZGHC000763c004,Human PMS2 1bp insertion knockout cell line
PMS2,HZGHC000763c008,Human PMS2 1bp insertion knockout cell line
AP4E1,HZGHC000768c001,Human AP4E1 1bp insertion knockout cell line
AP4E1,HZGHC000768c002,Human AP4E1 1bp deletion knockout cell line
AP1G1,HZGHC000770c006,Human AP1G1 13bp deletion knockout cell line
AP3D1,HZGHC000772c010,Human AP3D1 1bp insertion knockout cell line
AP3D1,HZGHC000772c011,Human AP3D1 1bp insertion knockout cell line
AP3D1,HZGHC000772c012,Human AP3D1 2bp insertion knockout cell line
SLC39A14,HZGHC000775c006,Human SLC39A14 2bp deletion knockout cell line
SLC39A14,HZGHC000775c011,Human SLC39A14 56bp deletion knockout cell line
ARHGEF1,HZGHC000776c002,Human ARHGEF1 8bp deletion knockout cell line
ARHGEF1,HZGHC000776c004,Human ARHGEF1 20bp deletion knockout cell line
SLC38A9,HZGHC000777c006,Human SLC38A9 5bp deletion knockout cell line
SLC38A9,HZGHC000777c011,Human SLC38A9 2bp deletion knockout cell line
SLC25A4,HZGHC000778c011,Human SLC25A4 5bp deletion knockout cell line
SLC25A5,HZGHC000779c002,Human SLC25A5 1bp deletion knockout cell line
SLC25A6,HZGHC000780c017,HAP1 SLC25A6 (-)
SLC25A6,HZGHC000780c028,HAP1 SLC25A6 (-)
SLC9A3R1,HZGHC000781c002,Human SLC9A3R1 13bp deletion knockout cell line
SLC9A3R1,HZGHC000781c012,Human SLC9A3R1 2bp deletion knockout cell line
SLC9A3R2,HZGHC000782c010,Human SLC9A3R2 2bp deletion knockout cell line
SLC9A3R2,HZGHC000782c012,Human SLC9A3R2 4bp deletion knockout cell line
SLC35A3,HZGHC000783c003,Human SLC35A3 5bp deletion knockout cell line
SLC35A3,HZGHC000783c012,Human SLC35A3 7bp deletion knockout cell line
IQGAP1,HZGHC000784c001,Human IQGAP1 2bp deletion knockout cell line
IQGAP1,HZGHC000784c009,Human IQGAP1 14bp deletion knockout cell line
SLC29A1,HZGHC000785c004,Human SLC29A1 14bp deletion knockout cell line
SLC29A1,HZGHC000785c006,Human SLC29A1 2bp deletion knockout cell line
SLC25A20,HZGHC000787c004,Human SLC25A20 2bp deletion knockout cell line
MUTYH,HZGHC000788c007,Human MUTYH 13bp deletion knockout cell line
MUTYH,HZGHC000788c008,Human MUTYH 5bp deletion knockout cell line
SLC25A13,HZGHC000789c001,Human SLC25A13 2bp insertion knockout cell line
SLC25A10,HZGHC000790c001,Human SLC25A10 5bp deletion knockout cell line
SLC25A10,HZGHC000790c002,Human SLC25A10 26bp deletion knockout cell line
SLC25A22,HZGHC000791c004,Human SLC25A22 1bp insertion knockout cell line
SLC25A3,HZGHC000792c001,Human SLC25A3 1bp insertion knockout cell line
SLC25A3,HZGHC000792c006,Human SLC25A3 1bp insertion knockout cell line
SLC25A3,HZGHC000792c010,Human SLC25A3 5bp deletion knockout cell line
SLC25A46,HZGHC000793c002,Human SLC25A46 26bp deletion knockout cell line
SLC25A46,HZGHC000793c010,Human SLC25A46 2bp deletion knockout cell line
SLC25A15,HZGHC000797c002,Human SLC25A15 2bp deletion knockout cell line
SLC25A15,HZGHC000797c004,Human SLC25A15 19bp deletion knockout cell line
PINK1,HZGHC000798c009,Human PINK1 1bp deletion knockout cell line
WNK1,HZGHC000802c003,Human WNK1 11bp deletion knockout cell line
WNK1,HZGHC000802c008,Human WNK1 2bp deletion knockout cell line
SIRT2,HZGHC000803c006,Human SIRT2 11bp deletion knockout cell line
SIRT2,HZGHC000803c008,Human SIRT2 4bp deletion knockout cell line
SIRT2,HZGHC000804c001,Human SIRT2 1bp insertion knockout cell line
SIRT2,HZGHC000804c004,Human SIRT2 11bp deletion knockout cell line
HDAC6,HZGHC000806c001,Human HDAC6 1bp insertion knockout cell line
HDAC6,HZGHC000806c003,Human HDAC6 1bp insertion knockout cell line
LMNB1,HZGHC000808c002,Human LMNB1 1bp insertion knockout cell line
LMNB1,HZGHC000808c012,Human LMNB1 1bp insertion knockout cell line
PRPF39,HZGHC000811c010,Human PRPF39 1bp insertion knockout cell line
SAMHD1,HZGHC000813c005,Human SAMHD1 1bp insertion knockout cell line
SAMHD1,HZGHC000813c007,Human SAMHD1 2bp insertion knockout cell line
GCN1L1,HZGHC000815c012,Human GCN1L1 17bp deletion knockout cell line
GCN1L1,HZGHC000816c004,Human GCN1L1 5bp deletion knockout cell line
GCN1L1,HZGHC000816c010,Human GCN1L1 8bp deletion knockout cell line
TMEM209,HZGHC000817c010,Human TMEM209 13bp deletion knockout cell line
TMEM209,HZGHC000817c011,Human TMEM209 28bp deletion knockout cell line
PEX13,HZGHC000820c001,Human PEX13 31bp deletion knockout cell line
PEX13,HZGHC000820c006,Human PEX13 14bp deletion knockout cell line
ANKRD17,HZGHC000822c003,Human ANKRD17 2bp deletion knockout cell line
ANKRD17,HZGHC000822c005,Human ANKRD17 23bp deletion knockout cell line
NUP210,HZGHC000825c003,Human NUP210 2bp deletion knockout cell line
NUP210,HZGHC000826c003,Human NUP210 4bp deletion knockout cell line
NUP210,HZGHC000826c010,Human NUP210 7bp deletion knockout cell line
INPP4A,HZGHC000831c003,Human INPP4A 8bp deletion knockout cell line
INPP4A,HZGHC000831c010,Human INPP4A 2bp deletion knockout cell line
INPP4A,HZGHC000832c001,Human INPP4A 4bp deletion knockout cell line
INPP4A,HZGHC000832c002,Human INPP4A 2bp deletion knockout cell line
STRN3,HZGHC000833c010,Human STRN3 5bp deletion knockout cell line
STRN3,HZGHC000834c011,Human STRN3 2bp deletion knockout cell line
STRN3,HZGHC000834c012,Human STRN3 13bp deletion knockout cell line
FOXM1,HZGHC000835c002,Human FOXM1 1bp insertion knockout cell line
FOXM1,HZGHC000835c006,Human FOXM1 2bp insertion knockout cell line
APLP2,HZGHC000837c011,Human APLP2 8bp deletion knockout cell line
APLP2,HZGHC000837c012,Human APLP2 14bp deletion knockout cell line
AP5Z1,HZGHC000843c006,Human AP5Z1 13bp deletion knockout cell line
AP5Z1,HZGHC000843c010,Human AP5Z1 7bp insertion knockout cell line
ENTHD2,HZGHC000845c001,Human ENTHD2 7bp deletion knockout cell line
ENTHD2,HZGHC000845c002,Human ENTHD2 1bp insertion knockout cell line
ENTHD2,HZGHC000845c003,Human ENTHD2 7bp deletion knockout cell line
AFTPH,HZGHC000847c002,Human AFTPH 4bp deletion knockout cell line
AFTPH,HZGHC000847c005,Human AFTPH 13bp deletion knockout cell line
PLEKHM2,HZGHC000850c007,Human PLEKHM2 1bp deletion knockout cell line
PLEKHM2,HZGHC000851c006,Human PLEKHM2 8bp deletion knockout cell line
AP1G2,HZGHC000852c002,Human AP1G2 1bp insertion knockout cell line
AP1G2,HZGHC000852c006,Human AP1G2 1bp insertion knockout cell line
VPS54,HZGHC000854c006,Human VPS54 32bp deletion knockout cell line
VPS54,HZGHC000854c012,Human VPS54 14bp deletion knockout cell line
TSSC1,HZGHC000856c004,Human TSSC1 20bp deletion knockout cell line
TSSC1,HZGHC000856c006,Human TSSC1 13bp deletion knockout cell line
TSSC1,HZGHC000857c006,Human TSSC1 1bp deletion knockout cell line
TSSC1,HZGHC000857c007,Human TSSC1 1bp deletion knockout cell line
TSSC1,HZGHC000857c008,Human TSSC1 5bp deletion knockout cell line
CCDC132,HZGHC000858c008,Human CCDC132 7bp deletion knockout cell line
VPS35,HZGHC000862c001,Human VPS35 1bp insertion knockout cell line
VPS35,HZGHC000862c008,Human VPS35 2bp insertion knockout cell line
VPS35,HZGHC000862c010,Human VPS35 1bp deletion knockout cell line
VPS35,HZGHC000863c010,Human VPS35 2bp deletion knockout cell line
VPS35,HZGHC000863c012,Human VPS35 11bp deletion knockout cell line
AP1S3,HZGHC000864c002,Human AP1S3 16bp deletion knockout cell line
AP1S3,HZGHC000864c006,Human AP1S3 5bp deletion knockout cell line
AP1S1,HZGHC000866c002,Human AP1S1 4bp deletion knockout cell line
AP1S1,HZGHC000866c011,Human AP1S1 2bp deletion knockout cell line
AP1S2,HZGHC000868c004,Human AP1S2 23bp deletion knockout cell line
AP1S2,HZGHC000868c007,Human AP1S2 14bp deletion knockout cell line
LOH12CR1,HZGHC000869c005,Human LOH12CR1 8bp deletion knockout cell line
LOH12CR1,HZGHC000870c005,Human LOH12CR1 13bp deletion knockout cell line
KXD1,HZGHC000872c006,Human KXD1 2bp deletion knockout cell line
VPS26A,HZGHC000875c007,Human VPS26A 13bp deletion knockout cell line
VPS26A,HZGHC000875c011,Human VPS26A 5bp deletion knockout cell line
AP2M1,HZGHC000877c010,Human AP2M1 1bp insertion knockout cell line
AP2M1,HZGHC000878c005,Human AP2M1 10bp deletion knockout cell line
BAX,HZGHC000879c005,Human BAX 7bp insertion knockout cell line
EME2,HZGHC000897c003,Human EME2 1bp insertion knockout cell line
EME2,HZGHC000897c011,Human EME2 2bp deletion knockout cell line
EME2,HZGHC000897c012,Human EME2 1bp deletion knockout cell line
EME1,HZGHC000899c003,Human EME1 5bp deletion knockout cell line
EME1,HZGHC000899c004,Human EME1 10bp deletion knockout cell line
MUS81,HZGHC000901c002,Human MUS81 1bp insertion knockout cell line
MUS81,HZGHC000901c010,Human MUS81 1bp deletion knockout cell line
MUS81,HZGHC000901c012,Human MUS81 28bp deletion knockout cell line
USP47,HZGHC000906c010,Human USP47 13bp deletion knockout cell line
USP47,HZGHC000906c011,Human USP47 7bp deletion knockout cell line
ARID2,HZGHC000907c007,Human ARID2 2bp deletion knockout cell line
ARID2,HZGHC000907c009,Human ARID2 7bp deletion knockout cell line
DICER1,HZGHC000909c002,Human DICER1 1bp insertion knockout cell line
DICER1,HZGHC000909c012,Human DICER1 1bp insertion knockout cell line
USP45,HZGHC000910c001,Human USP45 1bp insertion knockout cell line
USP45,HZGHC000910c004,Human USP45 2bp insertion knockout cell line
USP45,HZGHC000910c010,Human USP45 1bp insertion knockout cell line
MAPK11,HZGHC000911c001,Human MAPK11 1bp insertion knockout cell line
MAPK11,HZGHC000911c011,Human MAPK11 1bp deletion knockout cell line
COPS7A,HZGHC000914c001,Human COPS7A 2bp deletion knockout cell line
COPS7A,HZGHC000914c003,Human COPS7A 25bp deletion knockout cell line
USP48,HZGHC000915c011,Human USP48 5bp deletion knockout cell line
USP48,HZGHC000915c012,Human USP48 2bp deletion knockout cell line
ZBTB33,HZGHC000918c001,Human ZBTB33 1bp insertion knockout cell line
ZBTB33,HZGHC000918c007,Human ZBTB33 46bp deletion knockout cell line
ZBTB33,HZGHC000918c008,Human ZBTB33 10bp deletion knockout cell line
IDH2,HZGHC000919c009,Human IDH2 40bp deletion knockout cell line
IDH2,HZGHC000919c010,Human IDH2 5bp deletion knockout cell line
MBD4,HZGHC000921c002,Human MBD4 2bp deletion knockout cell line
MBD4,HZGHC000921c004,Human MBD4 13bp deletion knockout cell line
MBD4,HZGHC000921c005,Human MBD4 2bp deletion knockout cell line
MBD4,HZGHC000921c007,Human MBD4  knockout cell line
SMARCA4,HZGHC000922c003,Human SMARCA4 37bp deletion knockout cell line
SMARCA4,HZGHC000922c004,Human SMARCA4 41bp deletion knockout cell line
BRD7,HZGHC000923c010,Human BRD7 2bp deletion knockout cell line
ATAD2,HZGHC000924c004,Human ATAD2 2bp deletion knockout cell line
BAZ1B,HZGHC000925c010,Human BAZ1B 10bp deletion knockout cell line
BRD8,HZGHC000926c005,Human BRD8 7bp deletion knockout cell line
BRD8,HZGHC000926c007,Human BRD8 8bp deletion knockout cell line
BAZ1A,HZGHC000927c012,Human BAZ1A 11bp deletion knockout cell line
TRIM24,HZGHC000928c004,Human TRIM24 14bp deletion knockout cell line
TRIM24,HZGHC000928c011,Human TRIM24 2bp deletion knockout cell line
KAT2A,HZGHC000929c001,Human KAT2A 1bp insertion knockout cell line
KAT2A,HZGHC000929c002,Human KAT2A 1bp deletion knockout cell line
ZMYND8,HZGHC000930c003,Human ZMYND8 8bp deletion knockout cell line
ZMYND8,HZGHC000930c006,Human ZMYND8 10bp deletion knockout cell line
BAZ2A,HZGHC000931c001,Human BAZ2A 1bp deletion knockout cell line
BAZ2A,HZGHC000931c010,Human BAZ2A 1bp deletion knockout cell line
BAZ2A,HZGHC000931c011,Human BAZ2A 16bp deletion knockout cell line
BRWD1,HZGHC000932c003,Human BRWD1 10bp deletion knockout cell line
BRWD1,HZGHC000932c012,Human BRWD1 11bp deletion knockout cell line
BRD9,HZGHC000934c003,Human BRD9 2bp deletion knockout cell line
BRD9,HZGHC000934c010,Human BRD9 8bp deletion knockout cell line
ZMYND11,HZGHC000936c003,Human ZMYND11 31bp deletion knockout cell line
ZMYND11,HZGHC000936c004,Human ZMYND11 4bp deletion knockout cell line
BRD4,HZGHC000937c004,Human BRD4 2bp insertion knockout cell line
BRD4,HZGHC000937c007,Human BRD4 4bp deletion knockout cell line
BRWD3,HZGHC000940c005,Human BRWD3 10bp deletion knockout cell line
BRWD3,HZGHC000940c006,Human BRWD3 4bp deletion knockout cell line
BRD1,HZGHC000941c006,Human BRD1 14bp deletion knockout cell line
CECR2,HZGHC000946c001,Human CECR2 13bp deletion knockout cell line
KAT2B,HZGHC000948c012,Human KAT2B 31bp deletion knockout cell line
SP110,HZGHC000949c004,Human SP110 2bp deletion knockout cell line
SP110,HZGHC000949c010,Human SP110 7bp deletion knockout cell line
BRPF3,HZGHC000950c004,Human BRPF3 7bp deletion knockout cell line
BRPF3,HZGHC000950c012,Human BRPF3 19bp deletion knockout cell line
BRD1,HZGHC000956c001,Human BRD1 29bp deletion knockout cell line
BRD1,HZGHC000956c002,Human BRD1 1bp deletion knockout cell line
ASH1L,HZGHC000957c010,Human ASH1L 20bp deletion knockout cell line
ASH1L,HZGHC000957c012,Human ASH1L 64bp deletion knockout cell line
BRPF1,HZGHC000958c001,Human BRPF1 13bp deletion knockout cell line
BRPF1,HZGHC000958c003,Human BRPF1 4bp deletion knockout cell line
BRPF1,HZGHC000958c010,Human BRPF1 1bp insertion knockout cell line
SREBF2,HZGHC000975c003,Human SREBF2 1bp insertion knockout cell line
PPP1R12C,HZGHC000977c001,Human PPP1R12C 5bp deletion knockout cell line
PPP1R12C,HZGHC000977c002,Human PPP1R12C 2bp deletion knockout cell line
PPP1R12C,HZGHC000978c002,Human PPP1R12C 7bp deletion knockout cell line
PPP1R12C,HZGHC000978c011,Human PPP1R12C 2bp deletion knockout cell line
RNF123,HZGHC000980c002,Human RNF123 2bp insertion knockout cell line
RNF123,HZGHC000980c011,Human RNF123 1bp insertion knockout cell line
MKI67,HZGHC000981c001,Human MKI67 1bp insertion knockout cell line
MKI67,HZGHC000981c006,Human MKI67 8bp deletion knockout cell line
MKI67,HZGHC000981c010,Human MKI67 1bp insertion knockout cell line
MKI67,HZGHC000982c004,Human MKI67 8bp deletion knockout cell line
MKI67,HZGHC000982c009,Human MKI67 2bp insertion knockout cell line
MTF2,HZGHC000984c010,Human MTF2 1bp insertion knockout cell line
MTF2,HZGHC000984c011,Human MTF2 2bp deletion knockout cell line
MTF2,HZGHC000984c012,Human MTF2 1bp insertion knockout cell line
UBE2H,HZGHC000989c006,Human UBE2H 1bp insertion knockout cell line
UBE2H,HZGHC000989c010,Human UBE2H 1bp deletion knockout cell line
UBAC1,HZGHC000992c001,Human UBAC1 1bp insertion knockout cell line
UBAC1,HZGHC000992c003,Human UBAC1 1bp deletion knockout cell line
UBAC1,HZGHC000992c010,Human UBAC1 1bp insertion knockout cell line
PRKAB1,HZGHC000996c001,Human PRKAB1 1bp deletion knockout cell line
PRKAB1,HZGHC000996c002,Human PRKAB1 1bp insertion knockout cell line
PRKAB1,HZGHC000996c010,Human PRKAB1 1bp insertion knockout cell line
MAPKAP1,HZGHC000997c002,Human MAPKAP1 5bp deletion knockout cell line
MAPKAP1,HZGHC000997c007,Human MAPKAP1 2bp deletion knockout cell line
APC,HZGHC000998c005,Human APC 22bp deletion knockout cell line
HDAC10,HZGHC001003c002,Human HDAC10 8bp deletion knockout cell line
HDAC10,HZGHC001003c005,Human HDAC10 14bp deletion knockout cell line
SIRT5,HZGHC001004c009,Human SIRT5 35bp deletion knockout cell line
SIRT6,HZGHC001005c004,Human SIRT6 4bp insertion knockout cell line
SIRT6,HZGHC001005c010,Human SIRT6 14bp deletion knockout cell line
HDAC11,HZGHC001007c002,Human HDAC11 10bp deletion knockout cell line
HDAC11,HZGHC001007c003,Human HDAC11 10bp deletion knockout cell line
HDAC11,HZGHC001007c012,Human HDAC11 1bp insertion knockout cell line
SIRT1,HZGHC001008c002,Human SIRT1 23bp deletion knockout cell line
SIRT1,HZGHC001008c008,Human SIRT1 20bp deletion knockout cell line
SIRT3,HZGHC001009c002,Human SIRT3 26bp deletion knockout cell line
SIRT3,HZGHC001009c012,Human SIRT3 2bp deletion knockout cell line
HDAC5,HZGHC001010c007,Human HDAC5 13bp deletion knockout cell line
HDAC5,HZGHC001010c011,Human HDAC5 4bp deletion knockout cell line
HDAC4,HZGHC001011c003,Human HDAC4 2bp deletion knockout cell line
HDAC4,HZGHC001011c011,Human HDAC4 8bp deletion knockout cell line
HDAC2,HZGHC001012c006,Human HDAC2 11bp deletion knockout cell line
HDAC1,HZGHC001013c008,Human HDAC1 7bp deletion knockout cell line
HDAC1,HZGHC001013c010,Human HDAC1 14bp deletion knockout cell line
HDAC7,HZGHC001016c001,Human HDAC7 19bp deletion knockout cell line
HDAC7,HZGHC001016c002,Human HDAC7 7bp deletion knockout cell line
DNMT1,HZGHC001017c006,Human DNMT1 20bp deletion knockout cell line
DNMT3A,HZGHC001018c001,Human DNMT3A 17bp deletion knockout cell line
DNMT3A,HZGHC001018c006,Human DNMT3A 13bp deletion knockout cell line
TRDMT1,HZGHC001019c008,Human TRDMT1 1bp insertion knockout cell line
TRDMT1,HZGHC001019c010,Human TRDMT1 1bp deletion knockout cell line
TRDMT1,HZGHC001019c011,Human TRDMT1 1bp insertion knockout cell line
RICTOR,HZGHC001020c003,Human RICTOR 2bp deletion knockout cell line
RICTOR,HZGHC001020c010,Human RICTOR 10bp deletion knockout cell line
C12ORF44,HZGHC001023c005,Human C12orf44 4bp deletion knockout cell line
C12ORF44,HZGHC001024c012,Human C12orf44 10bp deletion knockout cell line
RNF123,HZGHC001025c006,Human RNF123 2bp insertion knockout cell line
RNF123,HZGHC001025c011,Human RNF123 2bp deletion knockout cell line
ITGAE,HZGHC001026c007,Human ITGAE 7bp deletion knockout cell line
ITGAE,HZGHC001026c008,Human ITGAE 4bp deletion knockout cell line
ITGB5,HZGHC001028c001,Human ITGB5 11bp deletion knockout cell line
ITGB5,HZGHC001028c010,Human ITGB5 4bp deletion knockout cell line
ITGB1,HZGHC001029c003,Human ITGB1 2bp deletion knockout cell line
LGR4,HZGHC001031c005,Human LGR4 1bp insertion knockout cell line
LGR4,HZGHC001031c006,Human LGR4 5bp deletion knockout cell line
CTNNB1,HZGHC001032c004,Human CTNNB1 4bp deletion knockout cell line
CTNNB1,HZGHC001032c012,Human CTNNB1 25bp deletion knockout cell line
NF1,HZGHC001037c004,Human NF1 7bp deletion knockout cell line
NF1,HZGHC001037c011,Human NF1 8bp deletion knockout cell line
FZD6,HZGHC001049c011,Human FZD6 2bp deletion knockout cell line
FZD6,HZGHC001049c012,Human FZD6 7bp deletion knockout cell line
ITGA6,HZGHC001052c002,Human ITGA6 34bp deletion knockout cell line
ITGA6,HZGHC001052c010,Human ITGA6 10bp deletion knockout cell line
ITGA7,HZGHC001054c001,Human ITGA7 19bp deletion knockout cell line
ITGA7,HZGHC001054c012,Human ITGA7 2bp deletion knockout cell line
LRP5,HZGHC001055c002,Human LRP5 24bp deletion knockout cell line
LRP5,HZGHC001055c005,Human LRP5 23bp deletion knockout cell line
ITGAE,HZGHC001056c003,Human ITGAE 13bp deletion knockout cell line
ITGAE,HZGHC001056c004,Human ITGAE 2bp deletion knockout cell line
ITGB5,HZGHC001058c001,Human ITGB5 1bp insertion knockout cell line
ITGB5,HZGHC001058c004,Human ITGB5 1bp deletion knockout cell line
ITGB5,HZGHC001058c010,Human ITGB5 1bp insertion knockout cell line
ITGB1,HZGHC001059c010,Human ITGB1 1bp insertion knockout cell line
ITGB1,HZGHC001059c012,Human ITGB1 10bp deletion knockout cell line
LGR4,HZGHC001061c004,Human LGR4 5bp deletion knockout cell line
LGR4,HZGHC001061c011,Human LGR4 8bp deletion knockout cell line
CTNNB1,HZGHC001062c006,Human CTNNB1 19bp deletion knockout cell line
CTNNB1,HZGHC001062c011,Human CTNNB1 8bp deletion knockout cell line
NF1,HZGHC001067c001,Human NF1 2bp deletion knockout cell line
NF1,HZGHC001067c005,Human NF1 4bp deletion knockout cell line
TP53,HZGHC001068c001,Human TP53 1bp insertion knockout cell line
VPS36,HZGHC001070c011,Human VPS36 20bp deletion knockout cell line
ITGA2,HZGHC001073c010,Human ITGA2 11bp deletion knockout cell line
ITGA2,HZGHC001073c011,Human ITGA2 2bp deletion knockout cell line
FZD3,HZGHC001074c002,Human FZD3 17bp deletion knockout cell line
FZD3,HZGHC001074c004,Human FZD3 10bp deletion knockout cell line
ITGA4,HZGHC001077c009,Human ITGA4 32bp deletion knockout cell line
FZD7,HZGHC001080c002,Human FZD7 34bp deletion knockout cell line
FZD7,HZGHC001080c012,Human FZD7 14bp deletion knockout cell line
ITGA5,HZGHC001085c001,Human ITGA5 11bp deletion knockout cell line
ITGA5,HZGHC001085c011,Human ITGA5 13bp deletion knockout cell line
ITGA7,HZGHC001086c002,Human ITGA7 5bp deletion knockout cell line
ITGA7,HZGHC001086c009,Human ITGA7 11bp deletion knockout cell line
MYH9,HZGHC001088c009,Human MYH9 28bp deletion knockout cell line
MYH9,HZGHC001088c012,Human MYH9 5bp deletion knockout cell line
TET2,HZGHC001091c006,Human TET2  knockout cell line
TET2,HZGHC001091c009,Human TET2 2bp deletion knockout cell line
TET2,HZGHC001091c010,Human TET2 19bp deletion knockout cell line
TET2,HZGHC001091c012,Human TET2 5bp deletion knockout cell line
PPP2R4,HZGHC001099c009,Human PPP2R4 1bp deletion knockout cell line
TSPAN13,HZGHC001100c002,Human TSPAN13 10bp deletion knockout cell line
TSPAN13,HZGHC001101c001,Human TSPAN13 1bp insertion knockout cell line
TSPAN13,HZGHC001101c002,Human TSPAN13 1bp insertion knockout cell line
TSPAN13,HZGHC001101c005,Human TSPAN13 4bp deletion knockout cell line
MECP2,HZGHC001102c003,Human MECP2  knockout cell line
MECP2,HZGHC001102c004,Human MECP2 1bp insertion knockout cell line
MECP2,HZGHC001102c005,Human MECP2 1bp insertion knockout cell line
MECP2,HZGHC001102c009,Human MECP2 2bp insertion knockout cell line
MECP2,HZGHC001102c010,Human MECP2 1bp insertion knockout cell line
KDM6A,HZGHC001105c009,Human KDM6A  knockout cell line
EHMT2,HZGHC001106c003,Human EHMT2 34bp deletion knockout cell line
CREBBP,HZGHC001109c005,Human CREBBP 1bp insertion knockout cell line
CREBBP,HZGHC001109c006,Human CREBBP 1bp insertion knockout cell line
CREBBP,HZGHC001109c007,Human CREBBP  knockout cell line
CREBBP,HZGHC001109c008,Human CREBBP 1bp insertion knockout cell line
BMI1,HZGHC001110c002,Human BMI1 11bp deletion knockout cell line
BMI1,HZGHC001110c004,Human BMI1 1bp deletion knockout cell line
BMI1,HZGHC001110c008,Human BMI1 1bp insertion knockout cell line
RING1,HZGHC001111c001,Human RING1 1bp deletion knockout cell line
RING1,HZGHC001111c003,Human RING1 2bp deletion knockout cell line
RING1,HZGHC001111c010,Human RING1 1bp deletion knockout cell line
RING1,HZGHC001111c011,Human RING1  knockout cell line
RING1,HZGHC001111c012,Human RING1 1bp insertion knockout cell line
TET3,HZGHC001112c004,Human TET3 14bp deletion knockout cell line
TET3,HZGHC001112c012,Human TET3 1bp insertion knockout cell line
MBD3,HZGHC001113c009,Human MBD3 11bp deletion knockout cell line
KMT2D,HZGHC001114c006,Human KMT2D 5bp deletion knockout cell line
KMT2D,HZGHC001114c011,Human KMT2D  knockout cell line
KMT2B,HZGHC001115c005,Human KMT2B  knockout cell line
KMT2B,HZGHC001115c007,Human KMT2B 2bp deletion knockout cell line
KMT2B,HZGHC001115c008,Human KMT2B 8bp deletion knockout cell line
WHSC1,HZGHC001116c004,Human WHSC1  knockout cell line
ZMYM3,HZGHC001118c008,Human ZMYM3 2bp deletion knockout cell line
ZMYM3,HZGHC001118c009,Human ZMYM3 1bp deletion knockout cell line
ASXL2,HZGHC001119c002,Human ASXL2 1bp insertion knockout cell line
ASXL2,HZGHC001119c008,Human ASXL2 1bp deletion knockout cell line
ASXL2,HZGHC001119c010,Human ASXL2 1bp insertion knockout cell line
ASXL2,HZGHC001119c012,Human ASXL2 1bp insertion knockout cell line
TET1,HZGHC001121c002,Human TET1 20bp deletion knockout cell line
TET1,HZGHC001121c007,Human TET1 20bp deletion knockout cell line
TET1,HZGHC001121c010,Human TET1 1bp insertion knockout cell line
TET1,HZGHC001121c011,Human TET1  knockout cell line
TET1,HZGHC001121c012,Human TET1 1bp insertion knockout cell line
KDM4A,HZGHC001122c010,Human KDM4A 17bp deletion knockout cell line
KDM4A,HZGHC001122c011,Human KDM4A 4bp insertion knockout cell line
KDM4A,HZGHC001122c012,Human KDM4A 1bp insertion knockout cell line
KDM6B,HZGHC001123c001,Human KDM6B 1bp insertion knockout cell line
KDM6B,HZGHC001123c002,Human KDM6B 62bp deletion knockout cell line
KDM6B,HZGHC001123c010,Human KDM6B 1bp insertion knockout cell line
L3MBTL2,HZGHC001126c003,Human L3MBTL2 17bp deletion knockout cell line
L3MBTL2,HZGHC001126c006,Human L3MBTL2 8bp deletion knockout cell line
L3MBTL2,HZGHC001126c011,Human L3MBTL2 8bp deletion knockout cell line
NSD1,HZGHC001127c002,Human NSD1 1bp deletion knockout cell line
NSD1,HZGHC001127c004,Human NSD1 2bp deletion knockout cell line
NSD1,HZGHC001127c010,Human NSD1 4bp deletion knockout cell line
EHMT1,HZGHC001128c005,Human EHMT1 1bp deletion knockout cell line
EHMT1,HZGHC001128c009,Human EHMT1 34bp deletion knockout cell line
EHMT1,HZGHC001128c011,Human EHMT1 7bp deletion knockout cell line
CARM1,HZGHC001129c002,Human CARM1 1bp insertion knockout cell line
CARM1,HZGHC001129c003,Human CARM1 1bp deletion knockout cell line
CARM1,HZGHC001129c007,Human CARM1 8bp deletion knockout cell line
EZH1,HZGHC001130c001,Human EZH1 2bp deletion knockout cell line
EZH1,HZGHC001130c002,Human EZH1 4bp deletion knockout cell line
EZH1,HZGHC001130c005,Human EZH1  knockout cell line
PRMT3,HZGHC001131c010,Human PRMT3 32bp deletion knockout cell line
PRMT3,HZGHC001131c011,Human PRMT3 1bp insertion knockout cell line
PRMT3,HZGHC001131c012,Human PRMT3 1bp insertion knockout cell line
PBRM1,HZGHC001135c003,Human PBRM1  knockout cell line
PBRM1,HZGHC001135c005,Human PBRM1  knockout cell line
PBRM1,HZGHC001135c010,Human PBRM1 8bp deletion knockout cell line
PBRM1,HZGHC001135c012,Human PBRM1 4bp deletion knockout cell line
RBBP7,HZGHC001138c008,Human RBBP7 1bp deletion knockout cell line
RBBP7,HZGHC001138c010,Human RBBP7 1bp insertion knockout cell line
RBBP7,HZGHC001138c012,Human RBBP7 5bp deletion knockout cell line
MEN1,HZGHC001139c001,Human MEN1 1bp insertion knockout cell line
MEN1,HZGHC001139c012,Human MEN1 7bp deletion knockout cell line
H2AFZ,HZGHC001140c002,Human H2AFZ  knockout cell line
H2AFZ,HZGHC001140c004,Human H2AFZ 4bp insertion knockout cell line
H2AFZ,HZGHC001140c006,Human H2AFZ 2bp deletion knockout cell line
H2AFZ,HZGHC001140c010,Human H2AFZ 1bp deletion knockout cell line
SP1,HZGHC001141c002,Human SP1 2bp deletion knockout cell line
SP1,HZGHC001141c011,Human SP1 1bp insertion knockout cell line
SP3,HZGHC001142c001,Human SP3 10bp deletion knockout cell line
SP3,HZGHC001142c007,Human SP3 2bp deletion knockout cell line
SP3,HZGHC001142c010,Human SP3 1bp insertion knockout cell line
KLF4,HZGHC001143c001,Human KLF4  knockout cell line
KDM3B,HZGHC001145c003,Human KDM3B 1bp deletion knockout cell line
KDM3B,HZGHC001145c010,Human KDM3B 1bp insertion knockout cell line
KDM3B,HZGHC001145c011,Human KDM3B 1bp insertion knockout cell line
CXXC1,HZGHC001160c006,Human CXXC1 29bp deletion knockout cell line
CXXC1,HZGHC001160c008,Human CXXC1 7bp deletion knockout cell line
HIF1A,HZGHC001165c003,Human HIF1A 17bp deletion knockout cell line
HIF1A,HZGHC001165c010,Human HIF1A 1bp insertion knockout cell line
DNMT3B,HZGHC001168c001,Human DNMT3B 1bp insertion knockout cell line
DNMT3B,HZGHC001168c002,Human DNMT3B 26bp deletion knockout cell line
DNMT3B,HZGHC001168c005,Human DNMT3B  knockout cell line
DNMT3B,HZGHC001168c007,Human DNMT3B 1bp insertion knockout cell line
MBD1,HZGHC001171c002,Human MBD1 1bp deletion knockout cell line
MBD1,HZGHC001171c003,Human MBD1 4bp deletion knockout cell line
MBD1,HZGHC001171c010,Human MBD1  knockout cell line
H3F3A,HZGHC001174c006,Human H3F3A 2bp insertion knockout cell line
H3F3A,HZGHC001174c007,Human H3F3A 2bp insertion knockout cell line
H3F3A,HZGHC001174c008,Human H3F3A  knockout cell line
PHF6,HZGHC001175c002,Human PHF6 2bp deletion knockout cell line
PHF6,HZGHC001175c006,Human PHF6 1bp insertion knockout cell line
PHF6,HZGHC001175c010,Human PHF6 1bp deletion knockout cell line
KDM5C,HZGHC001177c001,Human KDM5C 7bp deletion knockout cell line
KDM5C,HZGHC001177c002,Human KDM5C 5bp deletion knockout cell line
KDM5C,HZGHC001177c010,Human KDM5C 11bp deletion knockout cell line
CBX1,HZGHC001178c001,Human CBX1 32bp deletion knockout cell line
CBX1,HZGHC001178c002,Human CBX1 7bp deletion knockout cell line
CBX1,HZGHC001178c003,Human CBX1 10bp deletion knockout cell line
CBX5,HZGHC001179c006,Human CBX5 4bp deletion knockout cell line
CBX5,HZGHC001179c007,Human CBX5 2bp insertion knockout cell line
CBX5,HZGHC001179c010,Human CBX5 2bp deletion knockout cell line
CBX5,HZGHC001179c011,Human CBX5 7bp deletion knockout cell line
SETDB2,HZGHC001180c007,Human SETDB2 5bp deletion knockout cell line
SETDB2,HZGHC001180c008,Human SETDB2 23bp deletion knockout cell line
SETDB2,HZGHC001180c011,Human SETDB2 2bp deletion knockout cell line
RNF2,HZGHC001181c002,Human RNF2 7bp deletion knockout cell line
RNF2,HZGHC001181c003,Human RNF2 2bp insertion knockout cell line
RNF2,HZGHC001181c005,Human RNF2 10bp deletion knockout cell line
RNF2,HZGHC001181c007,Human RNF2 1bp insertion knockout cell line
RNF2,HZGHC001181c009,Human RNF2  knockout cell line
HAT1,HZGHC001186c001,Human HAT1 11bp deletion knockout cell line
HAT1,HZGHC001186c005,Human HAT1 7bp deletion knockout cell line
FAM175A,HZGHC001193c003,Human FAM175A 1bp insertion knockout cell line
FAM175A,HZGHC001193c007,Human FAM175A 1bp insertion knockout cell line
PARP3,HZGHC001196c003,Human PARP3 8bp deletion knockout cell line
PARP3,HZGHC001196c008,Human PARP3 19bp deletion knockout cell line
EED,HZGHC001200c001,Human EED 16bp deletion knockout cell line
EED,HZGHC001200c004,Human EED 4bp deletion knockout cell line
HELLS,HZGHC001202c003,Human HELLS 1bp insertion knockout cell line
TOP1,HZGHC001210c003,Human TOP1 8bp deletion knockout cell line
TOP1,HZGHC001210c009,Human TOP1 23bp deletion knockout cell line
CALM3,HZGHC001214c003,Human CALM3 7bp deletion knockout cell line
CALM3,HZGHC001214c012,Human CALM3 17bp deletion knockout cell line
CALM2,HZGHC001217c012,Human CALM2 4bp deletion knockout cell line
SEC23A,HZGHC001218c001,Human SEC23A 22bp deletion knockout cell line
SEC23A,HZGHC001218c006,Human SEC23A 2bp deletion knockout cell line
RAB3A,HZGHC001219c001,Human RAB3A 10bp deletion knockout cell line
RAB3A,HZGHC001219c002,Human RAB3A 1bp insertion knockout cell line
RAB3A,HZGHC001219c003,Human RAB3A 1bp insertion knockout cell line
RAB8A,HZGHC001221c001,Human RAB8A 1bp insertion knockout cell line
RAB8A,HZGHC001221c008,Human RAB8A 1bp deletion knockout cell line
SEC24B,HZGHC001222c002,Human SEC24B 5bp deletion knockout cell line
SEC24B,HZGHC001222c010,Human SEC24B 7bp deletion knockout cell line
SEC24A,HZGHC001223c010,Human SEC24A 5bp deletion knockout cell line
SEC24A,HZGHC001223c011,Human SEC24A 4bp deletion knockout cell line
RAB4A,HZGHC001224c006,Human RAB4A 8bp deletion knockout cell line
RAB1B,HZGHC001225c005,Human RAB1B 4bp deletion knockout cell line
RAB1B,HZGHC001225c011,Human RAB1B 11bp deletion knockout cell line
RAB31,HZGHC001226c010,Human RAB31 2bp deletion knockout cell line
RAB31,HZGHC001226c011,Human RAB31 4bp deletion knockout cell line
SCFD2,HZGHC001227c003,Human SCFD2 7bp deletion knockout cell line
SCFD2,HZGHC001227c009,Human SCFD2 17bp deletion knockout cell line
RAB14,HZGHC001230c007,Human RAB14 1bp insertion knockout cell line
SEC22C,HZGHC001231c001,Human SEC22C 13bp deletion knockout cell line
SEC22C,HZGHC001231c006,Human SEC22C 11bp deletion knockout cell line
RAB12,HZGHC001232c004,Human RAB12 1bp insertion knockout cell line
RAB6A,HZGHC001233c001,Human RAB6A 5bp deletion knockout cell line
RAB6A,HZGHC001233c012,Human RAB6A 17bp deletion knockout cell line
RAB13,HZGHC001234c001,Human RAB13 5bp deletion knockout cell line
RAB13,HZGHC001234c002,Human RAB13 2bp deletion knockout cell line
SEC24C,HZGHC001235c001,Human SEC24C 1bp deletion knockout cell line
RAB20,HZGHC001236c007,Human RAB20 1bp insertion knockout cell line
RAB20,HZGHC001236c011,Human RAB20 1bp insertion knockout cell line
SEC23IP,HZGHC001237c001,Human SEC23IP 2bp deletion knockout cell line
SEC23IP,HZGHC001237c010,Human SEC23IP 10bp deletion knockout cell line
RAB21,HZGHC001239c001,Human RAB21 1bp insertion knockout cell line
RAB21,HZGHC001239c011,Human RAB21 11bp deletion knockout cell line
RAB27A,HZGHC001240c001,Human RAB27A 2bp deletion knockout cell line
RAB27A,HZGHC001240c011,Human RAB27A 19bp deletion knockout cell line
ATG4B,HZGHC001241c010,Human ATG4B 8bp deletion knockout cell line
ATG4B,HZGHC001241c011,Human ATG4B 16bp deletion knockout cell line
ALPK1,HZGHC001243c012,Human ALPK1 13bp deletion knockout cell line
EIF2AK4,HZGHC001245c030,Human EIF2AK4 2bp insertion knockout cell line
FLT4,HZGHC001246c039,Human FLT4 5bp deletion knockout cell line
PIM2,HZGHC001248c026,Human PIM2 14bp deletion knockout cell line
STK17A,HZGHC001251c011,Human STK17A 20bp deletion knockout cell line
MAP2K4,HZGHC001253c016,Human MAP2K4 13bp deletion knockout cell line
STK3,HZGHC001256c002,Human STK3 8bp deletion knockout cell line
SLK,HZGHC001258c010,Human SLK 7bp deletion knockout cell line
TRIB1,HZGHC001267c024,Human TRIB1 25bp deletion knockout cell line
KIAA1804,HZGHC001268c020,Human KIAA1804 11bp deletion knockout cell line
OSR1,HZGHC001269c016,Human OSR1 22bp deletion knockout cell line
PRKCZ,HZGHC001273c002,Human PRKCZ 4bp deletion knockout cell line
MAP3K4,HZGHC001275c013,Human MAP3K4 17bp deletion knockout cell line
BCR,HZGHC001276c025,Human BCR 8bp deletion knockout cell line
MIOS,HZGHC001281c011,Human MIOS 2bp insertion knockout cell line
WDR24,HZGHC001282c011,Human WDR24 17bp deletion knockout cell line
NPRL3,HZGHC001287c003,Human NPRL3 14bp deletion knockout cell line
NPRL3,HZGHC001287c004,Human NPRL3 7bp deletion knockout cell line
DEPDC5,HZGHC001288c005,Human DEPDC5 2bp deletion knockout cell line
DEPDC5,HZGHC001288c012,Human DEPDC5 16bp deletion knockout cell line
TSC1,HZGHC001290c009,Human TSC1 1bp insertion knockout cell line
TSC1,HZGHC001290c011,Human TSC1 2bp deletion knockout cell line
NF2,HZGHC001293c001,Human NF2 8bp deletion knockout cell line
PTPN1,HZGHC001294c010,Human PTPN1 1bp insertion knockout cell line
PTPN1,HZGHC001294c012,Human PTPN1 5bp deletion knockout cell line
AGRN,HZGHC001296c007,Human AGRN 10bp deletion knockout cell line
AGRN,HZGHC001296c010,Human AGRN 13bp deletion knockout cell line
CAPNS1,HZGHC001298c004,Human CAPNS1 17bp deletion knockout cell line
CAPNS1,HZGHC001298c006,Human CAPNS1 2bp insertion knockout cell line
ANO5,HZGHC001300c003,Human ANO5 29bp deletion knockout cell line
ANO5,HZGHC001300c004,Human ANO5 7bp deletion knockout cell line
FURIN,HZGHC001302c001,Human FURIN 2bp deletion knockout cell line
FURIN,HZGHC001302c010,Human FURIN 4bp deletion knockout cell line
ZDHHC16,HZGHC001305c006,Human ZDHHC16 2bp insertion knockout cell line
ZDHHC16,HZGHC001305c009,Human ZDHHC16 1bp deletion knockout cell line
ZDHHC16,HZGHC001305c011,Human ZDHHC16 1bp insertion knockout cell line
ZDHHC18,HZGHC001308c011,Human ZDHHC18 2bp deletion knockout cell line
ZDHHC18,HZGHC001308c012,Human ZDHHC18 4bp deletion knockout cell line
LRBA,HZGHC001309c004,Human LRBA 7bp deletion knockout cell line
LRBA,HZGHC001309c006,Human LRBA 13bp deletion knockout cell line
LRBA,HZGHC001310c004,Human LRBA 17bp deletion knockout cell line
LRBA,HZGHC001310c011,Human LRBA 14bp deletion knockout cell line
FUS,HZGHC001314c002,Human FUS 10bp deletion knockout cell line
FUS,HZGHC001314c006,Human FUS 5bp deletion knockout cell line
PARK7,HZGHC001316c002,Human PARK7 5bp deletion knockout cell line
KMT2A,HZGHC001319c008,Human KMT2A 19bp deletion knockout cell line
KMT2A,HZGHC001319c012,Human KMT2A 32bp deletion knockout cell line
BRPF1,HZGHC001320c009,Human BRPF1 143bp insertion knockout cell line
BRPF1,HZGHC001320c011,Human BRPF1 2bp deletion knockout cell line
POMK,HZGHC001322c010,Human POMK 5bp deletion knockout cell line
POMK,HZGHC001322c011,Human POMK 2bp deletion knockout cell line
CBX5,HZGHC001330c005,Human CBX5 5bp deletion knockout cell line
CBX5,HZGHC001330c010,Human CBX5 1bp deletion knockout cell line
SETDB1,HZGHC001331c001,Human SETDB1 14bp deletion knockout cell line
SETDB1,HZGHC001331c010,Human SETDB1 5bp deletion knockout cell line
POMGNT2,HZGHC001334c002,Human POMGNT2 22bp deletion knockout cell line
POMGNT2,HZGHC001334c011,Human POMGNT2 4bp deletion knockout cell line
B3GALNT2,HZGHC001336c002,Human B3GALNT2 4bp deletion knockout cell line
POMK,HZGHC001338c001,Human POMK 1bp insertion knockout cell line
POMK,HZGHC001338c004,Human POMK 10bp deletion knockout cell line
BRD4,HZGHC001340c002,Human BRD4 5bp deletion knockout cell line
BRD4,HZGHC001340c004,Human BRD4 16bp deletion knockout cell line
LRRK1,HZGHC001345c012,Human LRRK1 13bp deletion knockout cell line
FGFR3,HZGHC001346c024,Human FGFR3 5bp deletion knockout cell line
RPS6KL1,HZGHC001347c002,Human RPS6KL1 1bp insertion knockout cell line
PIM1,HZGHC001348c003,Human PIM1 8bp deletion knockout cell line
FER,HZGHC001349c002,Human FER 1bp insertion knockout cell line
DDIT4,HZGHC001351c001,Human DDIT4 7bp deletion knockout cell line
DDIT4,HZGHC001351c005,Human DDIT4 2bp deletion knockout cell line
DDIT4L,HZGHC001352c010,Human DDIT4L 10bp deletion knockout cell line
EIF4EBP1,HZGHC001353c002,Human EIF4EBP1 14bp deletion knockout cell line
MLST8,HZGHC001356c002,Human MLST8 1bp insertion knockout cell line
SREBF1,HZGHC001361c012,Human SREBF1 19bp deletion knockout cell line
TSC2,HZGHC001363c004,Human TSC2 13bp deletion knockout cell line
TSC2,HZGHC001363c010,Human TSC2 2bp deletion knockout cell line
XBP1,HZGHC001364c011,Human XBP1 23bp deletion knockout cell line
XBP1,HZGHC001364c012,Human XBP1 2bp deletion knockout cell line
MSH5,HZGHC001367c010,Human MSH5 11bp deletion knockout cell line
MSH5,HZGHC001367c011,Human MSH5 2bp deletion knockout cell line
BPTF,HZGHC001369c010,Human BPTF 8bp deletion knockout cell line
BPTF,HZGHC001369c012,Human BPTF 16bp deletion knockout cell line
PHF3,HZGHC001370c005,Human PHF3 4bp deletion knockout cell line
PHF3,HZGHC001370c010,Human PHF3 8bp deletion knockout cell line
BAZ2B,HZGHC001374c002,Human BAZ2B 1bp insertion knockout cell line
EAPP,HZGHC001377c009,Human EAPP 2bp deletion knockout cell line
EAPP,HZGHC001378c003,Human EAPP 5bp deletion knockout cell line
EAPP,HZGHC001378c012,Human EAPP 11bp deletion knockout cell line
DMD,HZGHC001379c001,Human DMD 20bp deletion knockout cell line
DMD,HZGHC001379c003,Human DMD 5bp deletion knockout cell line
DMD,HZGHC001380c010,Human DMD 19bp deletion knockout cell line
DMD,HZGHC001380c011,Human DMD 7bp deletion knockout cell line
UTRN,HZGHC001381c010,Human UTRN 14bp deletion knockout cell line
UTRN,HZGHC001381c012,Human UTRN 19bp deletion knockout cell line
UTRN,HZGHC001382c001,Human UTRN 1bp insertion knockout cell line
UTRN,HZGHC001382c002,Human UTRN 14bp deletion knockout cell line
SLC33A1,HZGHC001384c002,Human SLC33A1 2bp deletion knockout cell line
SLC33A1,HZGHC001384c007,Human SLC33A1 5bp deletion knockout cell line
SIAE,HZGHC001387c002,Human SIAE 10bp deletion knockout cell line
SIAE,HZGHC001387c004,Human SIAE 20bp deletion knockout cell line
AEBP2,HZGHC001393c003,Human AEBP2 5bp deletion knockout cell line
AEBP2,HZGHC001393c006,Human AEBP2 2bp deletion knockout cell line
AEBP2,HZGHC001394c006,Human AEBP2 38bp deletion knockout cell line
AEBP2,HZGHC001394c012,Human AEBP2 2bp deletion knockout cell line
FKBP8,HZGHC001404c002,Human FKBP8 2bp deletion knockout cell line
FKBP8,HZGHC001404c003,Human FKBP8 13bp deletion knockout cell line
FGFR1,HZGHC001427c012,Human FGFR1 16bp deletion knockout cell line
MTCH2,HZGHC001428c011,HAP1 MTCH2 (-)
SLC37A4,HZGHC001454c004,Human SLC37A4 2bp deletion knockout cell line
SLC37A4,HZGHC001454c006,Human SLC37A4 5bp deletion knockout cell line
MAVS,HZGHC001456c011,Human MAVS 4bp deletion knockout cell line
MAVS,HZGHC001456c012,Human MAVS 2bp deletion knockout cell line
FLVCR1,HZGHC001469c004,Human FLVCR1 7bp deletion knockout cell line
PHIP,HZGHC001487c006,Human PHIP 2bp deletion knockout cell line
PHIP,HZGHC001487c008,Human PHIP 4bp deletion knockout cell line
SIAE,HZGHC001490c005,Human SIAE 8bp deletion knockout cell line
ADCK2,HZGHC001492c004,Human ADCK2 17bp deletion knockout cell line
BAZ2B,HZGHC001493c006,"Human BAZ2B, BAZ2B multiple knockout cell line"
RPS6KA4,HZGHC001494c011,Human RPS6KA4 10bp deletion knockout cell line
STRADB,HZGHC001495c019,Human STRADB 8bp deletion knockout cell line
ADCK3,HZGHC001506c003,Human ADCK3 1bp insertion knockout cell line
ADCK3,HZGHC001506c011,Human ADCK3 2bp deletion knockout cell line
CASP2,HZGHC001507c001,Human CASP2 1bp insertion knockout cell line
CASP2,HZGHC001507c008,Human CASP2 1bp deletion knockout cell line
CASP3,HZGHC001508c004,Human CASP3 1bp insertion knockout cell line
CASP6,HZGHC001509c004,Human CASP6 5bp deletion knockout cell line
CASP7,HZGHC001510c003,Human CASP7 14bp deletion knockout cell line
CASP7,HZGHC001510c004,Human CASP7 2bp deletion knockout cell line
CASP8,HZGHC001511c007,Human CASP8 2bp deletion knockout cell line
CASP8,HZGHC001511c011,Human CASP8 2bp insertion knockout cell line
CASP9,HZGHC001512c010,Human CASP9 1bp deletion knockout cell line
ADAR,HZGHC001513c010,Human ADAR 17bp deletion knockout cell line
ADAR,HZGHC001513c011,Human ADAR 31bp deletion knockout cell line
ADAM17,HZGHC001515c002,Human ADAM17 8bp deletion knockout cell line
ADAM17,HZGHC001515c003,Human ADAM17 1bp insertion knockout cell line
ADAM17,HZGHC001515c012,Human ADAM17 1bp insertion knockout cell line
ADAM10,HZGHC001517c012,Human ADAM10 20bp deletion knockout cell line
PRNP,HZGHC001519c003,Human PRNP 7bp deletion knockout cell line
PRNP,HZGHC001519c010,Human PRNP 19bp deletion knockout cell line
MBTPS1,HZGHC001520c005,Human MBTPS1 1bp insertion knockout cell line
MBTPS1,HZGHC001520c009,Human MBTPS1 5bp deletion knockout cell line
MBTPS1,HZGHC001520c011,Human MBTPS1 1bp insertion knockout cell line
MBTPS2,HZGHC001523c010,Human MBTPS2 1bp insertion knockout cell line
FZD5,HZGHC001528c001,Human FZD5 25bp deletion knockout cell line
UNG,HZGHC001531c005,Human UNG 10bp deletion knockout cell line
UNG,HZGHC001531c012,Human UNG 11bp deletion knockout cell line
NEIL1,HZGHC001534c001,"Human NEIL2, NEIL1 multiple knockout cell line"
NEIL1,HZGHC001534c007,"Human NEIL2, NEIL1 multiple knockout cell line"
NEIL3,HZGHC001536c002,Human NEIL3 2bp deletion knockout cell line
NEIL3,HZGHC001536c004,Human NEIL3 10bp deletion knockout cell line
NEIL3,HZGHC001536c021,HAP1 NEIL3 (-)
NEIL3,HZGHC001536c023,HAP1 NEIL3 (-)
NEIL3,HZGHC001536c024,HAP1 NEIL3 (-)
MPG,HZGHC001537c002,Human MPG 13bp deletion knockout cell line
MPG,HZGHC001537c003,Human MPG 2bp deletion knockout cell line
NTHL1,HZGHC001539c010,Human NTHL1 1bp insertion knockout cell line
NTHL1,HZGHC001540c010,Human NTHL1 5bp deletion knockout cell line
NTHL1,HZGHC001540c011,Human NTHL1 10bp deletion knockout cell line
AGO1,HZGHC001541c005,Human AGO1 11bp deletion knockout cell line
NEIL2,HZGHC001545c011,Human NEIL2 5bp deletion knockout cell line
NEIL2,HZGHC001545c012,Human NEIL2 2bp deletion knockout cell line
NEIL2,HZGHC001545c017,HAP1 NEIL2 (-)
NEIL2,HZGHC001545c018,HAP1 NEIL2 (-)
OGG1,HZGHC001548c004,"Human MUTYH, OGG1 multiple knockout cell line"
NEIL1,HZGHC001550c001,"Human NEIL3, NEIL1 multiple knockout cell line"
NEIL1,HZGHC001550c004,"Human NEIL3, NEIL1 multiple knockout cell line"
MUS81,HZGHC001551c004,"Human NEIL3, MUS81 multiple knockout cell line"
MUS81,HZGHC001551c008,"Human NEIL3, MUS81 multiple knockout cell line"
DXO,HZGHC001555c009,Human DXO 20bp deletion knockout cell line
EXD2,HZGHC001557c003,Human EXD2 4bp deletion knockout cell line
EXD2,HZGHC001557c007,Human EXD2 8bp deletion knockout cell line
SETX,HZGHC001565c001,Human SETX 25bp deletion knockout cell line
SETX,HZGHC001565c005,Human SETX 5bp deletion knockout cell line
SLC1A3,HZGHC001578c010,Human SLC1A3 2bp deletion knockout cell line
SLC1A3,HZGHC001578c011,Human SLC1A3 1bp deletion knockout cell line
SLC1A4,HZGHC001585c002,Human SLC1A4 8bp deletion knockout cell line
BLM,HZGHC001636c001,"Human NEIL3, BLM multiple knockout cell line"
BLM,HZGHC001636c008,"Human NEIL3, BLM multiple knockout cell line"
MTCH1,HZGHC001651c001,Human MTCH1 1bp insertion knockout cell line
SLC27A4,HZGHC001656c001,Human SLC27A4 43bp deletion knockout cell line
SLC27A4,HZGHC001656c002,Human SLC27A4 4bp deletion knockout cell line
LYN,HZGHC001664c005,Human LYN 13bp deletion knockout cell line
LYN,HZGHC001664c023,Human LYN 22bp deletion knockout cell line
SLC44A1,HZGHC001665c001,Human SLC44A1 2bp deletion knockout cell line
SLC12A9,HZGHC001677c001,Human SLC12A9 16bp deletion knockout cell line
SLC12A9,HZGHC001677c012,Human SLC12A9 11bp deletion knockout cell line
SLC7A6,HZGHC001688c011,Human SLC7A6 8bp deletion knockout cell line
SLC38A5,HZGHC001691c011,Human SLC38A5 28bp deletion knockout cell line
SLC12A7,HZGHC001697c005,Human SLC12A7 7bp deletion knockout cell line
SLC12A7,HZGHC001697c006,Human SLC12A7 2bp deletion knockout cell line
SLC12A6,HZGHC001702c002,Human SLC12A6 10bp deletion knockout cell line
SLC12A6,HZGHC001702c011,Human SLC12A6 22bp deletion knockout cell line
SLC25A19,HZGHC001709c003,Human SLC25A19 5bp deletion knockout cell line
SLC25A19,HZGHC001709c008,Human SLC25A19 145bp deletion knockout cell line
SLC25A32,HZGHC001715c007,Human SLC25A32 239bp insertion knockout cell line
SLC25A32,HZGHC001715c010,Human SLC25A32 8bp deletion knockout cell line
SLC12A4,HZGHC001720c006,Human SLC12A4 11bp deletion knockout cell line
SLC12A4,HZGHC001720c007,Human SLC12A4 17bp deletion knockout cell line
SLC27A3,HZGHC001727c012,Human SLC27A3 8bp deletion knockout cell line
SLC25A12,HZGHC001735c010,Human SLC25A12 2bp deletion knockout cell line
SLC25A12,HZGHC001735c011,Human SLC25A12 5bp deletion knockout cell line
SLC7A1,HZGHC001741c010,Human SLC7A1 2bp deletion knockout cell line
SLC7A1,HZGHC001741c012,Human SLC7A1 4bp deletion knockout cell line
SLC38A10,HZGHC001745c006,Human SLC38A10 17bp deletion knockout cell line
SLC38A10,HZGHC001745c009,Human SLC38A10 5bp deletion knockout cell line
SLC30A7,HZGHC001751c005,Human SLC30A7 20bp deletion knockout cell line
SLC30A7,HZGHC001751c012,Human SLC30A7 28bp deletion knockout cell line
SLC25A1,HZGHC001753c003,Human SLC25A1 2bp insertion knockout cell line
SLC25A1,HZGHC001753c010,Human SLC25A1 1bp insertion knockout cell line
BEND3,HZGHC001754c002,Human BEND3 10bp deletion knockout cell line
BEND3,HZGHC001754c004,Human BEND3 13bp deletion knockout cell line
SLC25A40,HZGHC001757c005,Human SLC25A40 26bp deletion knockout cell line
SLC25A40,HZGHC001757c012,Human SLC25A40 1bp insertion knockout cell line
SLC19A1,HZGHC001771c002,Human SLC19A1 8bp deletion knockout cell line
SLC19A1,HZGHC001771c012,Human SLC19A1 10bp deletion knockout cell line
LRP1,HZGHC001773c001,Human LRP1 5bp deletion knockout cell line
LRP1,HZGHC001773c010,Human LRP1 4bp deletion knockout cell line
LRP1,HZGHC001774c001,Human LRP1 2bp deletion knockout cell line
LRP1,HZGHC001774c009,Human LRP1 5bp deletion knockout cell line
SLC30A1,HZGHC001777c010,Human SLC30A1 1bp insertion knockout cell line
SLC30A1,HZGHC001777c011,Human SLC30A1 1bp insertion knockout cell line
SORT1,HZGHC001782c002,Human SORT1 1bp insertion knockout cell line
SORT1,HZGHC001782c010,Human SORT1 1bp insertion knockout cell line
GNPTG,HZGHC001784c005,Human GNPTG 14bp deletion knockout cell line
GNPTG,HZGHC001784c012,Human GNPTG 2bp deletion knockout cell line
GNPTAB,HZGHC001785c004,Human GNPTAB 4bp deletion knockout cell line
GNPTAB,HZGHC001785c005,Human GNPTAB 4bp deletion knockout cell line
ETFB,HZGHC001787c010,Human ETFB 4bp deletion knockout cell line
GCDH,HZGHC001789c009,Human GCDH 4bp deletion knockout cell line
GCDH,HZGHC001789c010,Human GCDH 22bp deletion knockout cell line
ZDHHC3,HZGHC001792c010,Human ZDHHC3 10bp deletion knockout cell line
ZDHHC3,HZGHC001792c012,Human ZDHHC3 8bp deletion knockout cell line
ZDHHC4,HZGHC001794c001,Human ZDHHC4 1bp insertion knockout cell line
ZDHHC4,HZGHC001794c005,Human ZDHHC4 1bp insertion knockout cell line
ZDHHC4,HZGHC001794c007,Human ZDHHC4 2bp insertion knockout cell line
ZDHHC4,HZGHC001795c010,Human ZDHHC4 2bp deletion knockout cell line
ZDHHC4,HZGHC001795c011,Human ZDHHC4 11bp deletion knockout cell line
ZDHHC7,HZGHC001796c003,Human ZDHHC7 5bp deletion knockout cell line
ZDHHC7,HZGHC001796c010,Human ZDHHC7 2bp deletion knockout cell line
ZDHHC8,HZGHC001798c004,Human ZDHHC8 10bp deletion knockout cell line
ZDHHC8,HZGHC001798c005,Human ZDHHC8 10bp deletion knockout cell line
ZDHHC8,HZGHC001799c011,Human ZDHHC8 1bp insertion knockout cell line
ZDHHC9,HZGHC001801c009,Human ZDHHC9 4bp deletion knockout cell line
ZDHHC9,HZGHC001801c012,Human ZDHHC9 14bp deletion knockout cell line
ZDHHC23,HZGHC001805c002,Human ZDHHC23 7bp deletion knockout cell line
ZDHHC23,HZGHC001805c012,Human ZDHHC23 19bp deletion knockout cell line
RAB5A,HZGHC001809c001,Human RAB5A 19bp deletion knockout cell line
RAB5A,HZGHC001809c010,Human RAB5A 2bp deletion knockout cell line
NPRL2,HZGHC001810c001,Human NPRL2 1bp insertion knockout cell line
NPRL2,HZGHC001810c002,Human NPRL2 2bp insertion knockout cell line
SLC43A1,HZGHC001814c001,Human SLC43A1 2bp insertion knockout cell line
GCDH,HZGHC001824c004,Human GCDH 13bp deletion knockout cell line
SLC12A5,HZGHC001825c001,Human SLC12A5 10bp insertion knockout cell line
SLC12A5,HZGHC001825c004,Human SLC12A5 4bp deletion knockout cell line
SLC39A6,HZGHC001832c004,Human SLC39A6 7bp deletion knockout cell line
SLC16A3,HZGHC001844c001,Human SLC16A3 2bp deletion knockout cell line
SLC16A3,HZGHC001844c010,Human SLC16A3 19bp deletion knockout cell line
SLC26A2,HZGHC001849c006,Human SLC26A2 1bp deletion knockout cell line
SLC26A2,HZGHC001849c010,Human SLC26A2 1bp insertion knockout cell line
SLC36A4,HZGHC001862c005,Human SLC36A4 2bp deletion knockout cell line
SLC36A4,HZGHC001862c010,Human SLC36A4 1bp insertion knockout cell line
SLC5A6,HZGHC001869c004,Human SLC5A6 5bp deletion knockout cell line
SLC5A6,HZGHC001869c012,Human SLC5A6 2bp deletion knockout cell line
SLC43A2,HZGHC001877c002,Human SLC43A2 4bp insertion knockout cell line
SLC43A2,HZGHC001877c008,Human SLC43A2 2bp deletion knockout cell line
SLC4A2,HZGHC001880c004,Human SLC4A2 2bp deletion knockout cell line
SLC4A2,HZGHC001880c007,Human SLC4A2 13bp deletion knockout cell line
SLC7A2,HZGHC001888c001,Human SLC7A2 1bp insertion knockout cell line
SLC11A2,HZGHC001897c001,Human SLC11A2 32bp deletion knockout cell line
SLC11A2,HZGHC001897c011,Human SLC11A2 11bp deletion knockout cell line
SLC30A3,HZGHC001903c011,Human SLC30A3 17bp deletion knockout cell line
SLC30A3,HZGHC001903c012,Human SLC30A3 5bp deletion knockout cell line
SLC9A7,HZGHC001918c001,Human SLC9A7 1bp insertion knockout cell line
SLC9A7,HZGHC001918c008,Human SLC9A7 1bp deletion knockout cell line
SLC25A51,HZGHC001927c010,Human SLC25A51 4bp deletion knockout cell line
SLC25A51,HZGHC001927c011,Human SLC25A51 2bp deletion knockout cell line
SLC19A2,HZGHC001936c006,Human SLC19A2 2bp deletion knockout cell line
SLC19A2,HZGHC001936c008,Human SLC19A2 8bp deletion knockout cell line
SLC29A3,HZGHC001939c007,Human SLC29A3 5bp deletion knockout cell line
SLC29A3,HZGHC001939c010,Human SLC29A3 14bp deletion knockout cell line
SLC35C1,HZGHC001942c010,Human SLC35C1 1bp insertion knockout cell line
SLC25A37,HZGHC001952c001,Human SLC25A37 5bp deletion knockout cell line
SLC25A37,HZGHC001952c010,Human SLC25A37 2bp deletion knockout cell line
SHMT2,HZGHC001954c003,Human SHMT2 5bp deletion knockout cell line
SHMT2,HZGHC001954c006,Human SHMT2 2bp deletion knockout cell line
SMOX,HZGHC001955c010,Human SMOX 11bp deletion knockout cell line
SMOX,HZGHC001955c011,Human SMOX 17bp deletion knockout cell line
HEXDC,HZGHC001958c002,Human HEXDC 2bp deletion knockout cell line
HEXDC,HZGHC001958c010,Human HEXDC 5bp deletion knockout cell line
SLC44A2,HZGHC001963c001,Human SLC44A2 14bp deletion knockout cell line
SLC44A2,HZGHC001963c002,Human SLC44A2 13bp deletion knockout cell line
SLC25A33,HZGHC001971c006,Human SLC25A33 28bp deletion knockout cell line
SLC25A33,HZGHC001971c010,Human SLC25A33 4bp deletion knockout cell line
SLC38A2,HZGHC001975c002,Human SLC38A2 1bp insertion knockout cell line
SLC38A2,HZGHC001975c003,Human SLC38A2 1bp insertion knockout cell line
SLC38A2,HZGHC001975c006,Human SLC38A2 1bp insertion knockout cell line
SLC4A8,HZGHC001987c001,Human SLC4A8 5bp deletion knockout cell line
SLC4A8,HZGHC001987c010,Human SLC4A8 8bp deletion knockout cell line
SLC25A25,HZGHC001999c001,Human SLC25A25 2bp deletion knockout cell line
SLC25A25,HZGHC001999c003,Human SLC25A25 4bp deletion knockout cell line
SLC38A1,HZGHC002006c002,Human SLC38A1 5bp deletion knockout cell line
SLC25A29,HZGHC002012c003,Human SLC25A29 2bp deletion knockout cell line
SLC25A29,HZGHC002012c004,Human SLC25A29 5bp insertion knockout cell line
SLC39A9,HZGHC002017c001,Human SLC39A9 1bp insertion knockout cell line
SLC39A9,HZGHC002017c007,Human SLC39A9 2bp deletion knockout cell line
SLC39A9,HZGHC002017c011,Human SLC39A9 1bp insertion knockout cell line
RAB2B,HZGHC002023c003,Human RAB2B 1bp insertion knockout cell line
TBC1D24,HZGHC002029c004,Human TBC1D24 1bp insertion knockout cell line
TBC1D24,HZGHC002029c010,Human TBC1D24 13bp deletion knockout cell line
PROCR,HZGHC002030c004,Human PROCR 10bp deletion knockout cell line
EIF2AK3,HZGHC002033c003,Human EIF2AK3 1bp insertion knockout cell line
SLC25A36,HZGHC002039c001,Human SLC25A36 2bp deletion knockout cell line
SLC25A36,HZGHC002039c004,Human SLC25A36 20bp deletion knockout cell line
SLC39A8,HZGHC002069c031,Human SLC39A8 67bp insertion knockout cell line
SLC25A14,HZGHC002074c009,Human SLC25A14 7bp deletion knockout cell line
SLC25A14,HZGHC002074c010,Human SLC25A14 20bp deletion knockout cell line
SLC31A1,HZGHC002093c005,Human SLC31A1 10bp deletion knockout cell line
SLC41A3,HZGHC002098c007,Human SLC41A3 2bp deletion knockout cell line
SLC41A3,HZGHC002098c009,Human SLC41A3 2bp deletion knockout cell line
SLC25A39,HZGHC002113c003,Human SLC25A39 1bp insertion knockout cell line
SLC25A39,HZGHC002113c010,Human SLC25A39 1bp insertion knockout cell line
SLC35F2,HZGHC002119c003,Human SLC35F2 1bp insertion knockout cell line
SLC35F2,HZGHC002119c004,Human SLC35F2 4bp deletion knockout cell line
SLC39A1,HZGHC002125c006,Human SLC39A1 16bp deletion knockout cell line
SLC39A1,HZGHC002125c012,Human SLC39A1 5bp deletion knockout cell line
SLC25A11,HZGHC002127c010,Human SLC25A11 17bp deletion knockout cell line
SLC25A11,HZGHC002127c012,Human SLC25A11 8bp deletion knockout cell line
SLC25A38,HZGHC002134c008,Human SLC25A38 1bp insertion knockout cell line
SLC25A38,HZGHC002134c011,Human SLC25A38 1bp insertion knockout cell line
SLC29A4,HZGHC002139c003,Human SLC29A4 1bp insertion knockout cell line
SLC29A4,HZGHC002139c005,Human SLC29A4 14bp deletion knockout cell line
SLC29A4,HZGHC002139c009,Human SLC29A4 1bp insertion knockout cell line
SLC17A9,HZGHC002153c005,Human SLC17A9 22bp deletion knockout cell line
SLC35A5,HZGHC002170c009,Human SLC35A5 22bp deletion knockout cell line
SLC16A13,HZGHC002176c010,Human SLC16A13 1bp insertion knockout cell line
SLC25A35,HZGHC002183c011,Human SLC25A35 2bp deletion knockout cell line
SLC35E2B,HZGHC002191c003,Human SLC35E2B 7bp deletion knockout cell line
SLC35E2B,HZGHC002191c008,Human SLC35E2B 22bp deletion knockout cell line
SLC35B4,HZGHC002204c001,Human SLC35B4 2bp deletion knockout cell line
SLC35B4,HZGHC002204c010,Human SLC35B4 20bp deletion knockout cell line
SLC17A5,HZGHC002214c006,Human SLC17A5 1bp insertion knockout cell line
SLC17A5,HZGHC002214c012,Human SLC17A5 2bp insertion knockout cell line
SLC46A3,HZGHC002222c001,Human SLC46A3 1bp insertion knockout cell line
SLC46A3,HZGHC002222c006,Human SLC46A3 1bp insertion knockout cell line
SLC46A3,HZGHC002222c009,Human SLC46A3 13bp deletion knockout cell line
SLC16A10,HZGHC002232c004,Human SLC16A10 5bp deletion knockout cell line
SLC16A10,HZGHC002232c007,Human SLC16A10 8bp deletion knockout cell line
SLC22A5,HZGHC002234c003,Human SLC22A5 34bp deletion knockout cell line
SLC43A3,HZGHC002241c001,Human SLC43A3 1bp insertion knockout cell line
SLC43A3,HZGHC002241c005,Human SLC43A3 7bp deletion knockout cell line
SLC39A3,HZGHC002246c001,Human SLC39A3 4bp deletion knockout cell line
SLC39A3,HZGHC002246c005,Human SLC39A3 29bp deletion knockout cell line
SLC25A17,HZGHC002268c006,Human SLC25A17 5bp deletion knockout cell line
SLC25A17,HZGHC002268c007,Human SLC25A17 7bp deletion knockout cell line
SLC2A8,HZGHC002276c001,Human SLC2A8 2bp deletion knockout cell line
SLC2A8,HZGHC002276c010,Human SLC2A8 26bp deletion knockout cell line
SLC25A30,HZGHC002288c001,Human SLC25A30 1bp insertion knockout cell line
SLC25A30,HZGHC002288c010,Human SLC25A30 1bp insertion knockout cell line
SLC25A30,HZGHC002288c012,Human SLC25A30 1bp insertion knockout cell line
TUBA1C,HZGHC002323c001,Human TUBA1C 4bp deletion knockout cell line
TUBA1C,HZGHC002323c010,Human TUBA1C 10bp deletion knockout cell line
ZNF267,HZGHC002324c004,Human ZNF267 2bp insertion knockout cell line
ZNF267,HZGHC002324c005,Human ZNF267 11bp deletion knockout cell line
ZNF764,HZGHC002326c001,Human ZNF764 1bp insertion knockout cell line
ZNF764,HZGHC002326c008,Human ZNF764 20bp deletion knockout cell line
ZNF764,HZGHC002326c010,Human ZNF764 1bp insertion knockout cell line
SEMA7A,HZGHC002328c006,Human SEMA7A 20bp deletion knockout cell line
PPARA,HZGHC002330c003,Human PPARA 2bp insertion knockout cell line
ALG3,HZGHC002387c001,Human ALG3 4bp deletion knockout cell line
ALG3,HZGHC002387c006,Human ALG3 2bp deletion knockout cell line
SIRT7,HZGHC002412c004,Human SIRT7 1bp deletion knockout cell line
STK11,HZGHC002413c004,Human STK11 17bp deletion knockout cell line
STK11,HZGHC002413c011,Human STK11 1bp insertion knockout cell line
EIF4EBP2,HZGHC002414c004,Human EIF4EBP2 2bp deletion knockout cell line
EIF4EBP2,HZGHC002414c005,Human EIF4EBP2 13bp deletion knockout cell line
ATPIF1,HZGHC002416c004,Human ATPIF1 23bp deletion knockout cell line
ATPIF1,HZGHC002416c007,Human ATPIF1 13bp deletion knockout cell line
DCK,HZGHC002417c011,Human DCK 7bp deletion knockout cell line
MFSD2A,HZGHC002418c002,Human MFSD2A 2bp deletion knockout cell line
BCL11A,HZGHC002426c005,Human BCL11A 19bp deletion knockout cell line
BCL11A,HZGHC002426c010,Human BCL11A 13bp deletion knockout cell line
KIF1C,HZGHC002428c001,Human KIF1C 1bp insertion knockout cell line
KIF1C,HZGHC002429c006,Human KIF1C 13bp deletion knockout cell line
KIF1C,HZGHC002429c010,Human KIF1C 23bp deletion knockout cell line
ABCB1,HZGHC002430c001,Human ABCB1 1bp insertion knockout cell line
ABCB1,HZGHC002430c005,Human ABCB1 7bp deletion knockout cell line
ABCB1,HZGHC002430c012,Human ABCB1 1bp insertion knockout cell line
BCL7A,HZGHC002434c010,Human BCL7A 7bp deletion knockout cell line
NRBP2,HZGHC002436c002,Human NRBP2 5bp deletion knockout cell line
NRBP2,HZGHC002436c004,Human NRBP2 17bp deletion knockout cell line
KIF15,HZGHC002439c010,Human KIF15 1bp insertion knockout cell line
KIF15,HZGHC002440c003,Human KIF15 4bp deletion knockout cell line
SURF4,HZGHC002442c001,Human SURF4 13bp deletion knockout cell line
SURF4,HZGHC002442c002,Human SURF4 10bp deletion knockout cell line
RER1,HZGHC002443c002,Human RER1 2bp deletion knockout cell line
ZDHHC12,HZGHC002445c009,Human ZDHHC12 25bp deletion knockout cell line
ZDHHC12,HZGHC002445c010,Human ZDHHC12 1bp insertion knockout cell line
ZDHHC13,HZGHC002447c003,Human ZDHHC13 2bp deletion knockout cell line
ZDHHC13,HZGHC002447c011,Human ZDHHC13 13bp deletion knockout cell line
ZDHHC14,HZGHC002450c003,Human ZDHHC14 7bp deletion knockout cell line
ZDHHC14,HZGHC002450c006,Human ZDHHC14 10bp deletion knockout cell line
TNK2,HZGHC002454c026,Human TNK2 13bp deletion knockout cell line
AGO1,HZGHC002455c001,Human AGO1 1bp insertion knockout cell line
AGO1,HZGHC002455c012,Human AGO1 4bp deletion knockout cell line
UTRN,HZGHC002461c007,"Human DMD, UTRN multiple knockout cell line"
UTRN,HZGHC002461c010,"Human DMD, UTRN multiple knockout cell line"
VHL,HZGHC002468c010,Human VHL 1bp insertion knockout cell line
FCHO1,HZGHC002469c006,"Human FCHO2, FCHO1 multiple knockout cell line"
ACTB,HZGHC002471c002,Human ACTB 4bp deletion knockout cell line
ACTB,HZGHC002471c010,Human ACTB 13bp deletion knockout cell line
SMARCC1,HZGHC002476c011,Human SMARCC1 2bp insertion knockout cell line
SMARCC1,HZGHC002476c012,Human SMARCC1 4bp deletion knockout cell line
SMARCD1,HZGHC002478c001,Human SMARCD1 1bp deletion knockout cell line
SMARCD1,HZGHC002478c006,Human SMARCD1 16bp deletion knockout cell line
SMARCD1,HZGHC002478c010,Human SMARCD1 1bp insertion knockout cell line
SMARCD3,HZGHC002480c002,Human SMARCD3 7bp deletion knockout cell line
SMARCD3,HZGHC002480c012,Human SMARCD3 8bp deletion knockout cell line
CBX3,HZGHC002481c001,Human CBX3 2bp deletion knockout cell line
CBX3,HZGHC002481c005,Human CBX3 2bp deletion knockout cell line
CBX3,HZGHC002482c005,Human CBX3 14bp deletion knockout cell line
TRPM7,HZGHC002483c001,Human TRPM7 88bp insertion knockout cell line
TRPM7,HZGHC002483c004,Human TRPM7 17bp deletion knockout cell line
NDUFA9,HZGHC002487c004,Human NDUFA9 11bp deletion knockout cell line
NDUFA9,HZGHC002487c006,Human NDUFA9 28bp deletion knockout cell line
EGLN1,HZGHC002490c004,Human EGLN1 5bp deletion knockout cell line
EZH2,HZGHC002494c001,Human EZH2 16bp deletion knockout cell line
KIAA0196,HZGHC002497c002,Human KIAA0196 2bp deletion knockout cell line
KIAA0196,HZGHC002497c011,Human KIAA0196 10bp deletion knockout cell line
KIAA0196,HZGHC002498c010,Human KIAA0196 13bp deletion knockout cell line
KIAA0196,HZGHC002498c011,Human KIAA0196 19bp deletion knockout cell line
SUMO1,HZGHC002501c006,Human SUMO1 14bp deletion knockout cell line
SUMO1,HZGHC002501c010,Human SUMO1 2bp deletion knockout cell line
SUMO1,HZGHC002502c005,Human SUMO1 28bp deletion knockout cell line
SUMO1,HZGHC002502c008,Human SUMO1 11bp deletion knockout cell line
MTOR,HZGHC002505c003,Human MTOR 202bp insertion knockout cell line
PIEZO1,HZGHC002507c002,Human PIEZO1 5bp insertion knockout cell line
ENDOG,HZGHC002510c002,Human ENDOG 16bp deletion knockout cell line
ENDOG,HZGHC002510c011,Human ENDOG 23bp deletion knockout cell line
ENDOG,HZGHC002511c002,Human ENDOG 7bp deletion knockout cell line
ENDOG,HZGHC002511c003,Human ENDOG 14bp deletion knockout cell line
ZMIZ2,HZGHC002513c004,Human ZMIZ2 14bp deletion knockout cell line
ZMIZ2,HZGHC002513c008,Human ZMIZ2 2bp deletion knockout cell line
GNPTAB,HZGHC002514c009,"Human LRP1, GNPTAB multiple knockout cell line"
CARKD,HZGHC002518c004,Human CARKD 2bp deletion knockout cell line
CARKD,HZGHC002518c011,Human CARKD 5bp deletion knockout cell line
CARKD,HZGHC002519c005,Human CARKD 2bp deletion knockout cell line
CARKD,HZGHC002519c010,Human CARKD 124bp insertion knockout cell line
PCMT1,HZGHC002524c001,Human PCMT1 1bp deletion knockout cell line
FOXRED1,HZGHC002525c006,Human FOXRED1 4bp deletion knockout cell line
FOXRED1,HZGHC002525c011,Human FOXRED1 5bp deletion knockout cell line
HADHA,HZGHC002529c002,Human HADHA 13bp deletion knockout cell line
HADHA,HZGHC002529c004,Human HADHA 7bp deletion knockout cell line
SLC15A4,HZGHC002530c001,Human SLC15A4 34bp deletion knockout cell line
SLC15A4,HZGHC002530c002,Human SLC15A4 10bp deletion knockout cell line
RFWD3,HZGHC002532c002,Human RFWD3 28bp deletion knockout cell line
RFWD3,HZGHC002532c010,Human RFWD3 13bp deletion knockout cell line
UBE2T,HZGHC002533c001,Human UBE2T 2bp deletion knockout cell line
CLN6,HZGHC002536c010,Human CLN6 7bp deletion knockout cell line
MCOLN1,HZGHC002537c002,Human MCOLN1 26bp deletion knockout cell line
MCOLN1,HZGHC002537c011,Human MCOLN1 5bp deletion knockout cell line
MCOLN1,HZGHC002538c001,Human MCOLN1 1bp insertion knockout cell line
MCOLN1,HZGHC002538c010,Human MCOLN1 1bp insertion knockout cell line
MCOLN1,HZGHC002538c011,Human MCOLN1 1bp insertion knockout cell line
PPP3R1,HZGHC002540c002,Human PPP3R1 5bp deletion knockout cell line
PPP3R1,HZGHC002540c012,Human PPP3R1 2bp deletion knockout cell line
GNPTG,HZGHC002542c002,Human GNPTG 1bp insertion knockout cell line
GNPTG,HZGHC002542c004,Human GNPTG 1bp insertion knockout cell line
GNPTG,HZGHC002542c006,Human GNPTG 14bp deletion knockout cell line
AKTIP,HZGHC002549c005,Human AKTIP 4bp insertion knockout cell line
AKTIP,HZGHC002549c010,Human AKTIP 2bp deletion knockout cell line
BIRC6,HZGHC002550c004,Human BIRC6 2bp deletion knockout cell line
BIRC6,HZGHC002550c005,Human BIRC6 4bp deletion knockout cell line
CDC34,HZGHC002551c004,Human CDC34 2bp insertion knockout cell line
ISG15,HZGHC002552c002,Human ISG15 70bp deletion knockout cell line
ISG15,HZGHC002552c004,Human ISG15 7bp deletion knockout cell line
SUMO3,HZGHC002553c001,Human SUMO3 14bp deletion knockout cell line
SUMO3,HZGHC002553c011,Human SUMO3 25bp deletion knockout cell line
UBE2A,HZGHC002554c004,Human UBE2A 8bp deletion knockout cell line
UBE2A,HZGHC002554c009,Human UBE2A 5bp insertion knockout cell line
UBE2B,HZGHC002555c001,Human UBE2B 2bp deletion knockout cell line
UBE2D1,HZGHC002557c001,Human UBE2D1 16bp deletion knockout cell line
UBE2D1,HZGHC002557c005,Human UBE2D1 2bp insertion knockout cell line
UBE2D2,HZGHC002558c003,Human UBE2D2 1bp insertion knockout cell line
UBE2D2,HZGHC002558c010,Human UBE2D2 2bp deletion knockout cell line
UBE2D3,HZGHC002559c004,Human UBE2D3 2bp deletion knockout cell line
UBE2D3,HZGHC002559c007,Human UBE2D3 5bp deletion knockout cell line
UBE2D4,HZGHC002560c007,Human UBE2D4 8bp deletion knockout cell line
UBE2E1,HZGHC002561c001,Human UBE2E1 2bp insertion knockout cell line
UBE2E1,HZGHC002561c010,Human UBE2E1 11bp deletion knockout cell line
UBE2E2,HZGHC002562c010,Human UBE2E2 14bp deletion knockout cell line
UBE2E3,HZGHC002563c001,Human UBE2E3 11bp deletion knockout cell line
UBE2E3,HZGHC002563c002,Human UBE2E3 7bp deletion knockout cell line
UBE2G2,HZGHC002566c007,Human UBE2G2 1bp insertion knockout cell line
UBE2J1,HZGHC002567c003,Human UBE2J1 8bp deletion knockout cell line
UBE2J1,HZGHC002567c010,Human UBE2J1 4bp deletion knockout cell line
UBE2J2,HZGHC002568c003,Human UBE2J2 13bp deletion knockout cell line
UBE2J2,HZGHC002568c006,Human UBE2J2 16bp deletion knockout cell line
UBE2K,HZGHC002569c003,Human UBE2K 2bp deletion knockout cell line
UBE2K,HZGHC002569c010,Human UBE2K 22bp deletion knockout cell line
UBE2L6,HZGHC002570c001,Human UBE2L6 16bp deletion knockout cell line
UBE2L6,HZGHC002570c002,Human UBE2L6 10bp deletion knockout cell line
UBE2O,HZGHC002571c005,Human UBE2O 4bp deletion knockout cell line
UBE2O,HZGHC002571c012,Human UBE2O 7bp deletion knockout cell line
UBE2Q1,HZGHC002572c010,Human UBE2Q1 1bp insertion knockout cell line
UBE2Q1,HZGHC002572c012,Human UBE2Q1 17bp deletion knockout cell line
UBE2W,HZGHC002576c001,Human UBE2W 1bp insertion knockout cell line
UBE2W,HZGHC002576c008,Human UBE2W 1bp insertion knockout cell line
UBE2Z,HZGHC002577c003,Human UBE2Z 7bp deletion knockout cell line
UBE2Z,HZGHC002577c012,Human UBE2Z 8bp deletion knockout cell line
UBE4A,HZGHC002578c003,Human UBE4A 245bp insertion knockout cell line
UBE4B,HZGHC002579c002,Human UBE4B 10bp deletion knockout cell line
UBE4B,HZGHC002579c011,Human UBE4B 13bp deletion knockout cell line
UBL3,HZGHC002580c003,Human UBL3 2bp insertion knockout cell line
UBL3,HZGHC002580c007,Human UBL3 1bp insertion knockout cell line
UBL4A,HZGHC002581c002,Human UBL4A 2bp insertion knockout cell line
UEVLD,HZGHC002582c005,Human UEVLD 26bp deletion knockout cell line
UEVLD,HZGHC002582c011,Human UEVLD 2bp deletion knockout cell line
UFC1,HZGHC002583c005,Human UFC1 10bp deletion knockout cell line
UFC1,HZGHC002583c006,Human UFC1 1bp insertion knockout cell line
UFC1,HZGHC002583c012,Human UFC1 1bp insertion knockout cell line
UFM1,HZGHC002584c003,Human UFM1 2bp deletion knockout cell line
UFM1,HZGHC002584c004,Human UFM1 2bp deletion knockout cell line
TNFRSF1A,HZGHC002585c006,Human TNFRSF1A 5bp deletion knockout cell line
TRAF2,HZGHC002588c002,Human TRAF2 1bp insertion knockout cell line
TRAF5,HZGHC002589c007,Human TRAF5 1bp insertion knockout cell line
BIRC2,HZGHC002590c010,Human BIRC2 5bp deletion knockout cell line
BIRC2,HZGHC002590c011,Human BIRC2 11bp deletion knockout cell line
TAB1,HZGHC002591c004,Human TAB1 20bp deletion knockout cell line
TAB1,HZGHC002591c008,Human TAB1 2bp deletion knockout cell line
TAB2,HZGHC002592c012,Human TAB2 4bp deletion knockout cell line
TAB3,HZGHC002593c003,Human TAB3 1bp insertion knockout cell line
MAPK14,HZGHC002595c010,Human MAPK14 5bp deletion knockout cell line
MAPK14,HZGHC002595c011,Human MAPK14 2bp insertion knockout cell line
FADD,HZGHC002596c006,Human FADD 2bp deletion knockout cell line
FADD,HZGHC002596c007,Human FADD 11bp deletion knockout cell line
ITCH,HZGHC002597c009,Human ITCH 4bp deletion knockout cell line
CREB1,HZGHC002598c006,Human CREB1 35bp deletion knockout cell line
CREB1,HZGHC002598c011,Human CREB1 2bp deletion knockout cell line
NFKBIA,HZGHC002599c002,Human NFKBIA 1bp insertion knockout cell line
NFKBIB,HZGHC002600c002,Human NFKBIB 1bp insertion knockout cell line
NFKB1,HZGHC002602c001,Human NFKB1 1bp insertion knockout cell line
NFKB2,HZGHC002603c002,Human NFKB2 7bp deletion knockout cell line
NFKB2,HZGHC002603c011,Human NFKB2 2bp deletion knockout cell line
RELA,HZGHC002605c002,Human RELA 1bp insertion knockout cell line
RELA,HZGHC002605c004,Human RELA 20bp deletion knockout cell line
RELA,HZGHC002605c010,Human RELA 1bp insertion knockout cell line
TRAF3,HZGHC002608c001,Human TRAF3 1bp insertion knockout cell line
TRAF3,HZGHC002608c006,Human TRAF3 7bp deletion knockout cell line
SNAP23,HZGHC002609c003,Human SNAP23 5bp deletion knockout cell line
SNAP23,HZGHC002609c010,Human SNAP23 2bp deletion knockout cell line
SNAP23,HZGHC002610c011,Human SNAP23 1bp insertion knockout cell line
CDK5RAP1,HZGHC002612c012,Human CDK5RAP1 22bp deletion knockout cell line
SLC35E1,HZGHC002613c001,Human SLC35E1 4bp deletion knockout cell line
SLC35E1,HZGHC002613c011,Human SLC35E1 16bp deletion knockout cell line
MAVS,HZGHC002614c007,"Human ADAR, MAVS multiple knockout cell line"
STX2,HZGHC002615c002,Human STX2 2bp deletion knockout cell line
STX2,HZGHC002615c012,Human STX2 20bp deletion knockout cell line
STX2,HZGHC002616c003,Human STX2 2bp deletion knockout cell line
STX4,HZGHC002617c009,Human STX4 2bp deletion knockout cell line
STX4,HZGHC002618c007,Human STX4 480bp insertion knockout cell line
TLE1,HZGHC002620c001,Human TLE1 1bp insertion knockout cell line
TLE1,HZGHC002620c011,Human TLE1 1bp deletion knockout cell line
TRMT10A,HZGHC002623c004,Human TRMT10A 28bp deletion knockout cell line
TRMT10A,HZGHC002623c010,Human TRMT10A 1bp insertion knockout cell line
TRMT10A,HZGHC002624c002,Human TRMT10A 1bp insertion knockout cell line
TRMT10A,HZGHC002624c004,Human TRMT10A 1bp insertion knockout cell line
TRMT10A,HZGHC002624c008,Human TRMT10A 1bp insertion knockout cell line
TRMT10B,HZGHC002626c004,Human TRMT10B 2bp insertion knockout cell line
TRMT10B,HZGHC002626c009,Human TRMT10B 32bp deletion knockout cell line
CTTN,HZGHC002627c002,Human CTTN 2bp deletion knockout cell line
CTTN,HZGHC002627c009,Human CTTN 11bp deletion knockout cell line
CTTN,HZGHC002628c003,Human CTTN 16bp deletion knockout cell line
CDK11A,HZGHC002629c012,Human CDK11A 2bp deletion knockout cell line
JMY,HZGHC002630c002,Human JMY 10bp deletion knockout cell line
JMY,HZGHC002631c007,Human JMY 2bp deletion knockout cell line
WASL,HZGHC002632c003,Human WASL 14bp deletion knockout cell line
WASL,HZGHC002632c011,Human WASL 22bp deletion knockout cell line
NRD1,HZGHC002634c002,Human NRD1 5bp deletion knockout cell line
MYEOV2,HZGHC002637c010,Human MYEOV2 16bp deletion knockout cell line
MYEOV2,HZGHC002637c012,Human MYEOV2 11bp deletion knockout cell line
GMPPB,HZGHC002644c007,Human GMPPB  knockout cell line
MUS81,HZGHC002646c006,Human MUS81 1bp insertion knockout cell line
EEF1A2,HZGHC002647c006,Human EEF1A2 2bp deletion knockout cell line
EEF1A2,HZGHC002648c006,Human EEF1A2 13bp deletion knockout cell line
EIF2A,HZGHC002650c001,Human EIF2A 16bp deletion knockout cell line
EIF2D,HZGHC002651c012,Human EIF2D 206bp deletion knockout cell line
EIF2D,HZGHC002652c005,Human EIF2D 10bp deletion knockout cell line
EIF2D,HZGHC002652c011,Human EIF2D 1bp insertion knockout cell line
TAP2,HZGHC002663c004,HAP1 TAP2 (-)
TAP2,HZGHC002663c005,HAP1 TAP2 (-)
LIMK1,HZGHC002670c001,Human LIMK1 124bp deletion knockout cell line
LIMK1,HZGHC002670c007,Human LIMK1 38bp deletion knockout cell line
NRBP2,HZGHC002671c001,Human NRBP2 13bp deletion knockout cell line
PRDX1,HZGHC002675c002,Human PRDX1 2bp insertion knockout cell line
PRDX1,HZGHC002675c008,Human PRDX1 172bp deletion knockout cell line
PRDX2,HZGHC002676c002,Human PRDX2 8bp deletion knockout cell line
PRDX2,HZGHC002676c003,Human PRDX2 11bp deletion knockout cell line
PRDX2,HZGHC002678c006,Human PRDX2 2bp deletion knockout cell line
PRDX2,HZGHC002678c011,Human PRDX2 19bp deletion knockout cell line
PRDX3,HZGHC002679c003,Human PRDX3 8bp deletion knockout cell line
PRDX3,HZGHC002679c008,Human PRDX3 19bp deletion knockout cell line
PRDX5,HZGHC002681c003,Human PRDX5 10bp deletion knockout cell line
PRDX5,HZGHC002681c012,Human PRDX5 4bp deletion knockout cell line
COQ2,HZGHC002683c001,Human COQ2 4bp deletion knockout cell line
COQ2,HZGHC002683c011,Human COQ2 2bp deletion knockout cell line
FBXO7,HZGHC002685c006,Human FBXO7 2bp deletion knockout cell line
CHCHD2,HZGHC002686c002,Human CHCHD2 5bp deletion knockout cell line
CHCHD2,HZGHC002686c003,Human CHCHD2 1bp deletion knockout cell line
ZDHHC11,HZGHC002688c003,Human ZDHHC11 13bp deletion knockout cell line
ZDHHC17,HZGHC002690c007,Human ZDHHC17 11bp deletion knockout cell line
ZDHHC17,HZGHC002691c003,Human ZDHHC17 17bp deletion knockout cell line
ZDHHC17,HZGHC002691c004,Human ZDHHC17 5bp deletion knockout cell line
ZDHHC20,HZGHC002695c010,Human ZDHHC20 11bp deletion knockout cell line
WNK1,HZGHC002696c009,Human WNK1 10bp deletion knockout cell line
WNK1,HZGHC002696c011,Human WNK1 11bp deletion knockout cell line
TWF1,HZGHC002698c002,Human TWF1 14bp deletion knockout cell line
NEIL2,HZGHC002699c001,"Human NEIL3, NEIL2, NEIL1 multiple knockout cell line"
NEIL2,HZGHC002700c005,"Human NEIL3, NEIL2, NEIL1 multiple knockout cell line"
NEIL2,HZGHC002700c007,"Human NEIL3, NEIL2, NEIL1 multiple knockout cell line"
ZMPSTE24,HZGHC002703c001,Human ZMPSTE24 14bp deletion knockout cell line
ZMPSTE24,HZGHC002703c007,Human ZMPSTE24 17bp deletion knockout cell line
NEIL2,HZGHC002738c001,"Human NEIL3, NEIL2 multiple knockout cell line"
NEIL2,HZGHC002738c010,"Human NEIL3, NEIL2 multiple knockout cell line"
TRIM32,HZGHC002740c007,Human TRIM32 100bp deletion knockout cell line
TRIM32,HZGHC002741c006,Human TRIM32 5bp deletion knockout cell line
TRIM32,HZGHC002741c010,Human TRIM32 2bp deletion knockout cell line
SOD2,HZGHC002751c002,Human SOD2 5bp deletion knockout cell line
TP53BP1,HZGHC002757c007,"Human BRCA1, TP53BP1 multiple knockout cell line"
TP53BP1,HZGHC002757c009,"Human BRCA1, TP53BP1 multiple knockout cell line"
PCSK6,HZGHC002762c003,Human PCSK6 14bp deletion knockout cell line
PCSK6,HZGHC002763c008,Human PCSK6 5bp deletion knockout cell line
PCSK6,HZGHC002763c012,Human PCSK6 1bp insertion knockout cell line
TMEM56,HZGHC002768c002,Human TMEM56 4bp deletion knockout cell line
TMEM56,HZGHC002768c009,Human TMEM56 1bp insertion knockout cell line
NXN,HZGHC002769c001,Human NXN 7bp deletion knockout cell line
DPF2,HZGHC002777c004,Human DPF2 2bp deletion knockout cell line
PHF10,HZGHC002778c011,Human PHF10 8bp deletion knockout cell line
PHF10,HZGHC002778c012,Human PHF10 8bp deletion knockout cell line
DPF1,HZGHC002779c011,Human DPF1 2bp deletion knockout cell line
DPF1,HZGHC002779c012,Human DPF1 7bp deletion knockout cell line
GCDH,HZGHC002780c011,"Human SIRT5, GCDH multiple knockout cell line"
SMARCD2,HZGHC002782c010,Human SMARCD2 7bp deletion knockout cell line
SMARCC2,HZGHC002783c011,Human SMARCC2 2bp deletion knockout cell line
SLC30A6,HZGHC002784c010,Human SLC30A6 26bp deletion knockout cell line
GBA,HZGHC002786c011,Human GBA 1bp insertion knockout cell line
ENDOV,HZGHC002792c002,Human ENDOV 2bp deletion knockout cell line
SNX3,HZGHC002795c010,Human SNX3 13bp deletion knockout cell line
SNX3,HZGHC002795c011,Human SNX3 38bp deletion knockout cell line
TROVE2,HZGHC002796c011,Human TROVE2 2bp deletion knockout cell line
SNX9,HZGHC002803c005,Human SNX9 4bp deletion knockout cell line
SNX9,HZGHC002803c010,Human SNX9 10bp deletion knockout cell line
LMO4,HZGHC002805c009,Human LMO4 2bp insertion knockout cell line
LMO4,HZGHC002805c012,Human LMO4 2bp deletion knockout cell line
ARAF,HZGHC002806c004,Human ARAF 11bp deletion knockout cell line
ARAF,HZGHC002806c008,Human ARAF 2bp deletion knockout cell line
RAF1,HZGHC002807c010,Human RAF1 28bp deletion knockout cell line
RAF1,HZGHC002807c012,Human RAF1 2bp deletion knockout cell line
ARAF,HZGHC002808c008,Human ARAF 2bp deletion knockout cell line
ARAF,HZGHC002808c009,Human ARAF 7bp deletion knockout cell line
RAF1,HZGHC002809c001,Human RAF1 22bp deletion knockout cell line
RAF1,HZGHC002809c011,Human RAF1 10bp deletion knockout cell line
SNX9,HZGHC002810c005,Human SNX9 31bp deletion knockout cell line
PSMF1,HZGHC002821c001,Human PSMF1 10bp deletion knockout cell line
PSMF1,HZGHC002821c004,Human PSMF1 5bp deletion knockout cell line
SELK,HZGHC002824c001,Human SELK 1bp insertion knockout cell line
SELK,HZGHC002824c004,Human SELK 13bp deletion knockout cell line
DPM1,HZGHC002825c011,Human DPM1 7bp deletion knockout cell line
DPM1,HZGHC002825c012,Human DPM1 1bp deletion knockout cell line
RAB32,HZGHC002827c006,Human RAB32 7bp deletion knockout cell line
RAB32,HZGHC002827c010,Human RAB32 2bp deletion knockout cell line
GPT2,HZGHC002829c002,Human GPT2 11bp deletion knockout cell line
GPT2,HZGHC002829c004,Human GPT2 20bp deletion knockout cell line
GGA1,HZGHC002831c012,Human GGA1 2bp deletion knockout cell line
NFKBIA,HZGHC002834c004,Human NFKBIA 7bp deletion knockout cell line
NFKBIA,HZGHC002834c010,Human NFKBIA 16bp deletion knockout cell line
NDUFS4,HZGHC002835c001,Human NDUFS4 32bp deletion knockout cell line
NDUFS4,HZGHC002835c009,Human NDUFS4 16bp deletion knockout cell line
TYK2,HZGHC002840c002,Human TYK2 20bp deletion knockout cell line
TYK2,HZGHC002840c011,Human TYK2 2bp deletion knockout cell line
ICAM5,HZGHC002844c003,Human ICAM5 1bp insertion knockout cell line
ICAM5,HZGHC002844c008,Human ICAM5 22bp deletion knockout cell line
ICAM5,HZGHC002845c005,Human ICAM5 22bp deletion knockout cell line
ICAM5,HZGHC002845c011,Human ICAM5 125bp deletion knockout cell line
SLC12A2,HZGHC002848c001,Human SLC12A2 1bp insertion knockout cell line
SLC12A2,HZGHC002848c002,Human SLC12A2 11bp deletion knockout cell line
SLC12A2,HZGHC002848c011,Human SLC12A2 1bp deletion knockout cell line
DIRC2,HZGHC002849c011,Human DIRC2 4bp deletion knockout cell line
DIRC2,HZGHC002849c012,Human DIRC2 2bp deletion knockout cell line
UBE2G1,HZGHC002850c011,Human UBE2G1 8bp deletion knockout cell line
UBE2G1,HZGHC002850c012,Human UBE2G1 13bp deletion knockout cell line
NMT1,HZGHC002875c003,"Human NMT2, NMT1 multiple knockout cell line"
NMT1,HZGHC002875c010,"Human NMT2, NMT1 multiple knockout cell line"
SMARCA4,HZGHC002878c004,Human SMARCA4 1bp insertion knockout cell line
SMARCA4,HZGHC002878c006,Human SMARCA4 10bp deletion knockout cell line
SLC16A1,HZGHC002882c002,Human SLC16A1 7bp deletion knockout cell line
SLC16A1,HZGHC002882c010,Human SLC16A1 7bp deletion knockout cell line
NFKBIE,HZGHC002884c004,Human NFKBIE 20bp deletion knockout cell line
NFKBIE,HZGHC002884c010,Human NFKBIE 7bp deletion knockout cell line
MET,HZGHC002886c004,Human MET 4bp deletion knockout cell line
SYNJ1,HZGHC002887c001,Human SYNJ1 2bp deletion knockout cell line
SYNJ1,HZGHC002887c004,Human SYNJ1 14bp deletion knockout cell line
PITPNB,HZGHC002889c009,Human PITPNB 2bp deletion knockout cell line
PITPNB,HZGHC002889c010,Human PITPNB 2bp insertion knockout cell line
PIP5K1C,HZGHC002890c004,Human PIP5K1C 11bp deletion knockout cell line
PIP5K1C,HZGHC002890c012,Human PIP5K1C 31bp deletion knockout cell line
PIP5K1A,HZGHC002891c003,Human PIP5K1A 14bp deletion knockout cell line
PIP5K1A,HZGHC002891c006,Human PIP5K1A 32bp deletion knockout cell line
PI4K2B,HZGHC002892c004,Human PI4K2B 2bp insertion knockout cell line
PI4K2B,HZGHC002892c009,Human PI4K2B 2bp deletion knockout cell line
OCRL,HZGHC002893c001,Human OCRL 1bp deletion knockout cell line
OCRL,HZGHC002893c002,Human OCRL 1bp insertion knockout cell line
OCRL,HZGHC002893c006,Human OCRL 7bp deletion knockout cell line
MTMR3,HZGHC002895c010,Human MTMR3 1bp insertion knockout cell line
MTM1,HZGHC002896c003,Human MTM1 89bp deletion knockout cell line
MTM1,HZGHC002896c008,Human MTM1 13bp deletion knockout cell line
MTMR1,HZGHC002897c007,Human MTMR1 1bp insertion knockout cell line
INPP5K,HZGHC002898c003,Human INPP5K 133bp deletion knockout cell line
INPP5K,HZGHC002898c008,Human INPP5K 1bp insertion knockout cell line
INPP5J,HZGHC002899c012,Human INPP5J 1bp insertion knockout cell line
SYNJ2,HZGHC002901c010,Human SYNJ2 1bp insertion knockout cell line
INPP5E,HZGHC002902c002,Human INPP5E 1bp deletion knockout cell line
MTMR6,HZGHC002904c004,Human MTMR6 1bp insertion knockout cell line
PIK3R3,HZGHC002905c001,Human PIK3R3 7bp deletion knockout cell line
PIK3R3,HZGHC002905c003,Human PIK3R3 4bp deletion knockout cell line
MTMR4,HZGHC002907c002,Human MTMR4 8bp deletion knockout cell line
MTMR4,HZGHC002907c006,Human MTMR4 5bp insertion knockout cell line
PIK3R1,HZGHC002908c002,Human PIK3R1 23bp deletion knockout cell line
PIK3R1,HZGHC002908c007,Human PIK3R1 7bp deletion knockout cell line
VAC14,HZGHC002910c001,Human VAC14 11bp deletion knockout cell line
VAC14,HZGHC002910c011,Human VAC14 1bp deletion knockout cell line
INPPL1,HZGHC002911c003,Human INPPL1 25bp deletion knockout cell line
INPPL1,HZGHC002911c004,Human INPPL1 23bp deletion knockout cell line
FIG4,HZGHC002912c006,Human FIG4 1bp deletion knockout cell line
FIG4,HZGHC002912c010,Human FIG4 1bp insertion knockout cell line
MTMR14,HZGHC002913c010,Human MTMR14 173bp deletion knockout cell line
MTMR14,HZGHC002913c012,Human MTMR14 5bp deletion knockout cell line
ARF1,HZGHC002914c002,Human ARF1 5bp deletion knockout cell line
ARF1,HZGHC002914c006,Human ARF1 19bp deletion knockout cell line
PI4K2A,HZGHC002916c001,Human PI4K2A 7bp deletion knockout cell line
PI4K2A,HZGHC002916c010,Human PI4K2A 4bp deletion knockout cell line
PIP4K2A,HZGHC002917c003,Human PIP4K2A 121bp deletion knockout cell line
PIP4K2A,HZGHC002917c010,Human PIP4K2A 5bp deletion knockout cell line
PIP4K2B,HZGHC002918c002,Human PIP4K2B 5bp deletion knockout cell line
PIP4K2B,HZGHC002918c012,Human PIP4K2B 22bp deletion knockout cell line
FANCD2,HZGHC002922c002-INT,HAP1 FANCD2 knockout
FANCD2,HZGHC002922c004,Human FANCD2 2bp deletion knockout cell line
FANCD2,HZGHC002922c004-INT,HAP1 FANCD2 knockout
GEN1,HZGHC002924c005,Human GEN1 10bp deletion knockout cell line
MYD88,HZGHC002929c003,Human MYD88 2bp deletion knockout cell line
MYD88,HZGHC002929c011,Human MYD88 13bp deletion knockout cell line
IRF3,HZGHC002931c005,Human IRF3 40bp deletion knockout cell line
IRF3,HZGHC002931c012,Human IRF3 14bp deletion knockout cell line
IKBKE,HZGHC002933c001,Human IKBKE 2bp insertion knockout cell line
IKBKE,HZGHC002933c007,Human IKBKE 10bp deletion knockout cell line
SLX1B,HZGHC002935c004,Human SLX1B 11bp deletion knockout cell line
UBE4A,HZGHC002942c001,Human UBE4A 11bp deletion knockout cell line
UBE4A,HZGHC002942c006,Human UBE4A 5bp deletion knockout cell line
WHSC1L1,HZGHC002945c011,Human WHSC1L1 2bp insertion knockout cell line
WHSC1L1,HZGHC002945c012,Human WHSC1L1 10bp deletion knockout cell line
SLC6A8,HZGHC002946c006,Human SLC6A8 4bp deletion knockout cell line
SLC6A8,HZGHC002946c008,Human SLC6A8 22bp deletion knockout cell line
MPG,HZGHC002949c001,"Human POLI, MPG multiple knockout cell line"
MPG,HZGHC002949c003,"Human POLI, MPG multiple knockout cell line"
NTHL1,HZGHC002950c011,"Human POLI, NTHL1 multiple knockout cell line"
NTHL1,HZGHC002950c012,"Human POLI, NTHL1 multiple knockout cell line"
MPG,HZGHC002953c001,"Human POLK, MPG multiple knockout cell line"
MPG,HZGHC002953c006,"Human POLK, MPG multiple knockout cell line"
ANO6,HZGHC002956c003,Human ANO6 20bp deletion knockout cell line
ANO6,HZGHC002956c005,Human ANO6 7bp deletion knockout cell line
ZDHHC2,HZGHC002959c001,"Human ZDHHC6, ZDHHC2 multiple knockout cell line"
ZDHHC2,HZGHC002959c002,"Human ZDHHC6, ZDHHC2 multiple knockout cell line"
MUS81,HZGHC002960c005,Human MUS81 29bp deletion knockout cell line
MUS81,HZGHC002960c011,Human MUS81 4bp deletion knockout cell line
MUS81,HZGHC002961c002,Human MUS81 2bp deletion knockout cell line
MUS81,HZGHC002961c011,Human MUS81 7bp deletion knockout cell line
EPHB2,HZGHC002962c001,Human EPHB2 4bp deletion knockout cell line
EPHB2,HZGHC002962c003,Human EPHB2 16bp deletion knockout cell line
MAP2K1,HZGHC002963c007,Human MAP2K1 13bp deletion knockout cell line
MAP2K2,HZGHC002965c001,Human MAP2K2 17bp deletion knockout cell line
MAP2K2,HZGHC002965c003,Human MAP2K2 86bp deletion knockout cell line
CDC42BPB,HZGHC002968c004,Human CDC42BPB 11bp deletion knockout cell line
CDC42BPB,HZGHC002968c006,Human CDC42BPB 4bp deletion knockout cell line
PKDCC,HZGHC002969c004,Human PKDCC 2bp deletion knockout cell line
SENP1,HZGHC002973c001,Human SENP1 17bp deletion knockout cell line
SENP2,HZGHC002974c003,Human SENP2 128bp deletion knockout cell line
SENP2,HZGHC002974c005,Human SENP2 2bp deletion knockout cell line
SENP3,HZGHC002975c001,Human SENP3 14bp deletion knockout cell line
SENP3,HZGHC002975c003,Human SENP3 221bp deletion knockout cell line
SENP5,HZGHC002976c003,Human SENP5 2bp deletion knockout cell line
SENP5,HZGHC002976c009,Human SENP5 1bp insertion knockout cell line
ARHGAP31,HZGHC002978c003,Human ARHGAP31 1bp insertion knockout cell line
ARHGAP31,HZGHC002978c012,Human ARHGAP31 8bp deletion knockout cell line
SMPD1,HZGHC002979c005,Human SMPD1 2bp deletion knockout cell line
SMPD1,HZGHC002979c012,Human SMPD1 5bp deletion knockout cell line
ADCK2,HZGHC002981c010,Human ADCK2 5bp deletion knockout cell line
ADCK2,HZGHC002981c011,Human ADCK2 8bp deletion knockout cell line
ALPK1,HZGHC002982c003,Human ALPK1 11bp deletion knockout cell line
ALPK1,HZGHC002982c010,Human ALPK1 13bp deletion knockout cell line
BCR,HZGHC002983c001,Human BCR 41bp deletion knockout cell line
BCR,HZGHC002983c010,Human BCR 4bp deletion knockout cell line
DMPK,HZGHC002985c001,Human DMPK 4bp deletion knockout cell line
DMPK,HZGHC002985c010,Human DMPK 2bp deletion knockout cell line
EIF2AK4,HZGHC002987c002,Human EIF2AK4 10bp deletion knockout cell line
EIF2AK4,HZGHC002987c010,Human EIF2AK4 14bp deletion knockout cell line
KIAA1804,HZGHC002990c002,Human KIAA1804 1bp insertion knockout cell line
KIAA1804,HZGHC002990c007,Human KIAA1804 7bp deletion knockout cell line
KIAA1804,HZGHC002990c010,Human KIAA1804 1bp insertion knockout cell line
LRRK1,HZGHC002991c002,Human LRRK1 13bp deletion knockout cell line
LRRK1,HZGHC002991c011,Human LRRK1 29bp deletion knockout cell line
MAP2K4,HZGHC002993c003,Human MAP2K4 11bp deletion knockout cell line
MAP2K4,HZGHC002993c012,Human MAP2K4 2bp deletion knockout cell line
MAP3K4,HZGHC002994c001,Human MAP3K4 1bp insertion knockout cell line
MAP3K4,HZGHC002994c010,Human MAP3K4 1bp insertion knockout cell line
MAP3K4,HZGHC002994c011,Human MAP3K4 1bp insertion knockout cell line
OSR1,HZGHC002997c003,Human OSR1 8bp deletion knockout cell line
OSR1,HZGHC002997c011,Human OSR1 2bp deletion knockout cell line
PIM1,HZGHC002998c008,Human PIM1 14bp deletion knockout cell line
PIM1,HZGHC002998c010,Human PIM1 2bp deletion knockout cell line
PIM2,HZGHC002999c008,Human PIM2 2bp deletion knockout cell line
PIM2,HZGHC002999c010,Human PIM2 8bp deletion knockout cell line
PRKCZ,HZGHC003001c001,Human PRKCZ 10bp deletion knockout cell line
PRKCZ,HZGHC003001c002,Human PRKCZ 26bp deletion knockout cell line
RPS6KA4,HZGHC003002c001,Human RPS6KA4 2bp insertion knockout cell line
RPS6KA4,HZGHC003002c008,Human RPS6KA4 7bp deletion knockout cell line
RPS6KL1,HZGHC003003c011,Human RPS6KL1 4bp deletion knockout cell line
RPS6KL1,HZGHC003003c012,Human RPS6KL1 8bp deletion knockout cell line
SLK,HZGHC003005c003,Human SLK 11bp deletion knockout cell line
STK3,HZGHC003006c001,Human STK3 11bp deletion knockout cell line
STK3,HZGHC003006c002,Human STK3 7bp deletion knockout cell line
STRADB,HZGHC003007c001,Human STRADB 5bp deletion knockout cell line
STRADB,HZGHC003007c012,Human STRADB 5bp deletion knockout cell line
TRIB1,HZGHC003008c004,Human TRIB1 10bp deletion knockout cell line
TRIB1,HZGHC003008c006,Human TRIB1 1bp insertion knockout cell line
TRIM33,HZGHC003009c001,Human TRIM33 8bp deletion knockout cell line
TRIM33,HZGHC003009c002,Human TRIM33 8bp deletion knockout cell line
LRP1,HZGHC003013c004,"Human SORT1, LRP1, GNPTAB multiple knockout cell line"
PRDX5,HZGHC003015c007,"Human PRDX1, PRDX5 multiple knockout cell line"
PRDX5,HZGHC003015c009,"Human PRDX1, PRDX5 multiple knockout cell line"
PRDX5,HZGHC003016c001,"Human PRDX2, PRDX5 multiple knockout cell line"
PRDX5,HZGHC003016c004,"Human PRDX2, PRDX5 multiple knockout cell line"
UBE2R2,HZGHC003024c003,Human UBE2R2 5bp deletion knockout cell line
UBE2R2,HZGHC003024c004,Human UBE2R2 13bp deletion knockout cell line
ATF6,HZGHC003031c004,Human ATF6 2bp deletion knockout cell line
ATF6,HZGHC003031c011,Human ATF6 2bp deletion knockout cell line
SECISBP2L,HZGHC003035c011,Human SECISBP2L 1bp insertion knockout cell line
PLK3,HZGHC003037c002,Human PLK3 13bp deletion knockout cell line
PLK3,HZGHC003037c011,Human PLK3 13bp deletion knockout cell line
TP53INP2,HZGHC003042c007,Human TP53INP2 10bp deletion knockout cell line
TP53INP2,HZGHC003042c009,Human TP53INP2 2bp insertion knockout cell line
PTAR1,HZGHC003043c001,Human PTAR1 1bp insertion knockout cell line
PTAR1,HZGHC003043c007,Human PTAR1 14bp deletion knockout cell line
PTAR1,HZGHC003043c008,Human PTAR1 1bp insertion knockout cell line
TIA1,HZGHC003048c010,Human TIA1 5bp deletion knockout cell line
TIA1,HZGHC003048c011,Human TIA1 8bp deletion knockout cell line
FAM195A,HZGHC003050c001,Human FAM195A 1bp insertion knockout cell line
FAM195A,HZGHC003050c007,Human FAM195A 1bp deletion knockout cell line
GABARAP,HZGHC003053c009,Human GABARAP 13bp deletion knockout cell line
GABARAP,HZGHC003053c012,Human GABARAP 4bp deletion knockout cell line
GABARAP,HZGHC003054c004,Human GABARAP 1bp deletion knockout cell line
GABARAP,HZGHC003054c011,Human GABARAP 14bp deletion knockout cell line
GABARAP,HZGHC003054c012,Human GABARAP 1bp insertion knockout cell line
GABARAPL1,HZGHC003055c010,Human GABARAPL1 2bp deletion knockout cell line
GABARAPL1,HZGHC003055c011,Human GABARAPL1 20bp deletion knockout cell line
GABARAPL2,HZGHC003057c001,Human GABARAPL2 2bp deletion knockout cell line
GABARAPL2,HZGHC003057c006,Human GABARAPL2 7bp deletion knockout cell line
TECPR2,HZGHC003060c002,Human TECPR2 1bp insertion knockout cell line
TECPR2,HZGHC003060c003,Human TECPR2 2bp deletion knockout cell line
TECPR2,HZGHC003060c011,Human TECPR2 1bp deletion knockout cell line
LRSAM1,HZGHC003062c002,Human LRSAM1 2bp deletion knockout cell line
LRSAM1,HZGHC003062c010,Human LRSAM1 2bp deletion knockout cell line
ARIH1,HZGHC003063c001,Human ARIH1 1bp insertion knockout cell line
ARIH1,HZGHC003063c006,Human ARIH1 1bp insertion knockout cell line
ARIH1,HZGHC003064c005,Human ARIH1 1bp deletion knockout cell line
CHAMP1,HZGHC003065c009,Human CHAMP1 8bp deletion knockout cell line
POGZ,HZGHC003068c010,Human POGZ 1bp insertion knockout cell line
PYCR1,HZGHC003073c011,Human PYCR1 1bp insertion knockout cell line
UBE2V2,HZGHC003075c001,Human UBE2V2 2bp deletion knockout cell line
UBE2V2,HZGHC003075c011,Human UBE2V2 5bp deletion knockout cell line
PKD2,HZGHC003076c007,Human PKD2 2bp insertion knockout cell line
AKAP1,HZGHC003077c001,Human AKAP1 2bp insertion knockout cell line
AKAP1,HZGHC003077c004,Human AKAP1 2bp deletion knockout cell line
AKAP11,HZGHC003078c002,Human AKAP11 2bp insertion knockout cell line
AKAP9,HZGHC003079c010,Human AKAP9 10bp deletion knockout cell line
AKAP9,HZGHC003079c012,Human AKAP9 7bp deletion knockout cell line
ANKRD28,HZGHC003080c001,Human ANKRD28 5bp deletion knockout cell line
ANKRD28,HZGHC003080c011,Human ANKRD28 11bp deletion knockout cell line
ANKRD44,HZGHC003081c006,Human ANKRD44 5bp deletion knockout cell line
ANKRD44,HZGHC003081c010,Human ANKRD44 8bp deletion knockout cell line
ANKRD52,HZGHC003082c001,Human ANKRD52 14bp deletion knockout cell line
ANKRD52,HZGHC003082c012,Human ANKRD52 2bp deletion knockout cell line
KIAA1244,HZGHC003083c003,Human KIAA1244 4bp deletion knockout cell line
KIAA1244,HZGHC003083c010,Human KIAA1244 2bp deletion knockout cell line
BCL2L2,HZGHC003084c001,Human BCL2L2 1bp insertion knockout cell line
BCL2L2,HZGHC003084c007,Human BCL2L2 5bp deletion knockout cell line
BCL2L2,HZGHC003084c010,Human BCL2L2 1bp insertion knockout cell line
CD2BP2,HZGHC003085c001,Human CD2BP2 8bp deletion knockout cell line
CD2BP2,HZGHC003085c010,Human CD2BP2 13bp deletion knockout cell line
CDC25C,HZGHC003086c001,Human CDC25C 35bp deletion knockout cell line
CENPE,HZGHC003087c003,Human CENPE 7bp deletion knockout cell line
CENPE,HZGHC003087c012,Human CENPE 2bp insertion knockout cell line
CHCHD3,HZGHC003088c006,Human CHCHD3 13bp deletion knockout cell line
CHCHD3,HZGHC003088c010,Human CHCHD3 10bp deletion knockout cell line
CHCHD6,HZGHC003089c001,Human CHCHD6 11bp deletion knockout cell line
CHCHD6,HZGHC003089c010,Human CHCHD6 4bp deletion knockout cell line
CLCN7,HZGHC003090c001,Human CLCN7 5bp deletion knockout cell line
CNST,HZGHC003091c001,Human CNST 14bp deletion knockout cell line
CNST,HZGHC003091c010,Human CNST 5bp deletion knockout cell line
CSRNP2,HZGHC003093c002,Human CSRNP2 2bp deletion knockout cell line
CSRNP2,HZGHC003093c011,Human CSRNP2 34bp deletion knockout cell line
CTDNEP1,HZGHC003094c006,Human CTDNEP1 2bp insertion knockout cell line
CTDNEP1,HZGHC003094c012,Human CTDNEP1 1bp deletion knockout cell line
CTDSP1,HZGHC003095c009,Human CTDSP1 26bp deletion knockout cell line
CTDSP2,HZGHC003096c001,Human CTDSP2 2bp deletion knockout cell line
CTDSP2,HZGHC003096c002,Human CTDSP2 5bp deletion knockout cell line
CTDSPL,HZGHC003097c001,Human CTDSPL 1bp insertion knockout cell line
CTDSPL,HZGHC003097c006,Human CTDSPL 1bp deletion knockout cell line
DDX31,HZGHC003098c004,Human DDX31 7bp deletion knockout cell line
DDX31,HZGHC003098c006,Human DDX31 5bp deletion knockout cell line
DZIP3,HZGHC003100c011,Human DZIP3 2bp deletion knockout cell line
FARP1,HZGHC003103c004,Human FARP1 14bp deletion knockout cell line
FARP1,HZGHC003103c012,Human FARP1 22bp deletion knockout cell line
FKBP15,HZGHC003104c007,Human FKBP15 13bp deletion knockout cell line
FKBP15,HZGHC003104c009,Human FKBP15 2bp deletion knockout cell line
ILKAP,HZGHC003106c012,Human ILKAP 1bp deletion knockout cell line
PDP1,HZGHC003107c007,Human PDP1 23bp deletion knockout cell line
PHLPP1,HZGHC003109c001,Human PHLPP1 13bp deletion knockout cell line
PHLPP1,HZGHC003109c004,Human PHLPP1 154bp deletion knockout cell line
PHLPP2,HZGHC003110c009,Human PHLPP2 1bp insertion knockout cell line
PHLPP2,HZGHC003110c010,Human PHLPP2 1bp insertion knockout cell line
PHLPP2,HZGHC003110c011,Human PHLPP2 8bp deletion knockout cell line
PPM1A,HZGHC003112c003,Human PPM1A 13bp deletion knockout cell line
PPM1A,HZGHC003112c011,Human PPM1A 5bp deletion knockout cell line
PPM1B,HZGHC003113c006,Human PPM1B 14bp deletion knockout cell line
PPM1E,HZGHC003115c001,Human PPM1E 1bp insertion knockout cell line
PPM1F,HZGHC003116c006,Human PPM1F 4bp deletion knockout cell line
PPM1F,HZGHC003116c010,Human PPM1F 188bp deletion knockout cell line
PPM1G,HZGHC003117c001,Human PPM1G 2bp deletion knockout cell line
PPM1G,HZGHC003117c010,Human PPM1G 10bp deletion knockout cell line
PPM1H,HZGHC003118c007,Human PPM1H 25bp deletion knockout cell line
PPM1H,HZGHC003118c010,Human PPM1H 16bp deletion knockout cell line
PPM1K,HZGHC003120c006,Human PPM1K 17bp deletion knockout cell line
PPM1K,HZGHC003120c008,Human PPM1K 2bp deletion knockout cell line
PPM1L,HZGHC003121c006,Human PPM1L 4bp deletion knockout cell line
PPM1L,HZGHC003121c011,Human PPM1L 2bp deletion knockout cell line
PPM1M,HZGHC003122c006,Human PPM1M 61bp deletion knockout cell line
PPM1M,HZGHC003122c012,Human PPM1M 14bp deletion knockout cell line
PPP1CA,HZGHC003124c003,Human PPP1CA 10bp deletion knockout cell line
PPP1R13B,HZGHC003127c005,Human PPP1R13B 5bp deletion knockout cell line
PPP1R13B,HZGHC003127c008,Human PPP1R13B 14bp deletion knockout cell line
PPP1R14A,HZGHC003128c006,Human PPP1R14A 16bp deletion knockout cell line
PPP1R14C,HZGHC003129c012,Human PPP1R14C 11bp deletion knockout cell line
PPP1R15A,HZGHC003130c016,HAP1 PPP1R15A (-)
PPP1R15A,HZGHC003130c018,HAP1 PPP1R15A (-)
PPP1R16A,HZGHC003131c002,Human PPP1R16A 13bp deletion knockout cell line
PPP1R16A,HZGHC003131c006,Human PPP1R16A 4bp deletion knockout cell line
PPP1R18,HZGHC003133c004,Human PPP1R18 1bp insertion knockout cell line
PPP1R18,HZGHC003133c006,Human PPP1R18 22bp deletion knockout cell line
PPP1R26,HZGHC003135c001,Human PPP1R26 8bp deletion knockout cell line
PPP1R26,HZGHC003135c010,Human PPP1R26 7bp deletion knockout cell line
PPP1R21,HZGHC003136c004,Human PPP1R21 8bp deletion knockout cell line
PPP1R37,HZGHC003139c010,Human PPP1R37 2bp deletion knockout cell line
PPP1R37,HZGHC003139c011,Human PPP1R37 16bp deletion knockout cell line
PPP1R9A,HZGHC003144c003,Human PPP1R9A 122bp deletion knockout cell line
PPP1R9A,HZGHC003144c011,Human PPP1R9A 7bp deletion knockout cell line
PPP2CB,HZGHC003146c001,Human PPP2CB 1bp insertion knockout cell line
PPP2CB,HZGHC003146c005,Human PPP2CB 1bp deletion knockout cell line
PPP2CB,HZGHC003146c010,Human PPP2CB 2bp insertion knockout cell line
PPP2R1B,HZGHC003147c002,Human PPP2R1B 8bp deletion knockout cell line
PPP2R1B,HZGHC003147c010,Human PPP2R1B 4bp deletion knockout cell line
PPP2R2B,HZGHC003148c001,Human PPP2R2B 8bp deletion knockout cell line
PPP2R2B,HZGHC003148c003,Human PPP2R2B 2bp deletion knockout cell line
PPP2R2C,HZGHC003149c010,Human PPP2R2C 2bp deletion knockout cell line
PPP2R2D,HZGHC003150c002,Human PPP2R2D 1bp deletion knockout cell line
PPP2R2D,HZGHC003150c004,Human PPP2R2D 1bp insertion knockout cell line
PPP2R3A,HZGHC003151c001,Human PPP2R3A 5bp deletion knockout cell line
PPP2R3A,HZGHC003151c010,Human PPP2R3A 10bp deletion knockout cell line
PPP2R5A,HZGHC003152c002,Human PPP2R5A 5bp deletion knockout cell line
PPP2R5B,HZGHC003153c009,Human PPP2R5B 10bp deletion knockout cell line
PPP2R5C,HZGHC003154c010,Human PPP2R5C 4bp deletion knockout cell line
PPP2R5C,HZGHC003154c011,Human PPP2R5C 11bp deletion knockout cell line
PPP2R5D,HZGHC003155c003,Human PPP2R5D 5bp deletion knockout cell line
PPP2R5E,HZGHC003156c001,Human PPP2R5E 7bp deletion knockout cell line
PPP2R5E,HZGHC003156c011,Human PPP2R5E 2bp deletion knockout cell line
PPP3CA,HZGHC003157c002,Human PPP3CA 14bp deletion knockout cell line
PPP3CA,HZGHC003157c011,Human PPP3CA 14bp deletion knockout cell line
PPP3CB,HZGHC003158c010,Human PPP3CB 13bp deletion knockout cell line
PPP3CB,HZGHC003158c011,Human PPP3CB 11bp deletion knockout cell line
PPP3CC,HZGHC003159c006,Human PPP3CC 2bp deletion knockout cell line
PPP3CC,HZGHC003159c010,Human PPP3CC 4bp deletion knockout cell line
PPP4R1,HZGHC003160c003,Human PPP4R1 4bp deletion knockout cell line
PPP4R1,HZGHC003160c011,Human PPP4R1 2bp deletion knockout cell line
PPP4R2,HZGHC003161c002,Human PPP4R2 2bp deletion knockout cell line
PPP4R2,HZGHC003161c011,Human PPP4R2 20bp deletion knockout cell line
PPP4R4,HZGHC003162c010,Human PPP4R4 5bp deletion knockout cell line
PPP4R4,HZGHC003162c012,Human PPP4R4 8bp deletion knockout cell line
PPP5C,HZGHC003163c001,Human PPP5C 23bp deletion knockout cell line
PPP5C,HZGHC003163c011,Human PPP5C 8bp deletion knockout cell line
PPP6R1,HZGHC003164c001,Human PPP6R1 20bp deletion knockout cell line
PPP6R1,HZGHC003164c010,Human PPP6R1 10bp deletion knockout cell line
PPP6R2,HZGHC003165c003,Human PPP6R2 5bp deletion knockout cell line
PPP6R2,HZGHC003165c006,Human PPP6R2 5bp deletion knockout cell line
SH3GLB1,HZGHC003166c002,Human SH3GLB1 2bp deletion knockout cell line
SH3GLB1,HZGHC003166c011,Human SH3GLB1 11bp deletion knockout cell line
TP53BP2,HZGHC003167c011,Human TP53BP2 1bp insertion knockout cell line
TP53BP2,HZGHC003167c012,Human TP53BP2 1bp deletion knockout cell line
ZFYVE16,HZGHC003169c001,Human ZFYVE16 2bp deletion knockout cell line
ZFYVE16,HZGHC003169c007,Human ZFYVE16 8bp deletion knockout cell line
NAA60,HZGHC003172c003,Human NAA60 2bp deletion knockout cell line
NAA60,HZGHC003172c010,Human NAA60 2bp deletion knockout cell line
SMO,HZGHC003175c010,Human SMO 17bp deletion knockout cell line
SMO,HZGHC003175c012,Human SMO 26bp deletion knockout cell line
PRDX1,HZGHC003182c005,"Human PRDX2, PRDX1 multiple knockout cell line"
PRDX1,HZGHC003183c001,"Human PRDX2, PRDX1 multiple knockout cell line"
PRDX1,HZGHC003183c003,"Human PRDX2, PRDX1 multiple knockout cell line"
PRDX1,HZGHC003183c007,"Human PRDX2, PRDX1 multiple knockout cell line"
ATXN2,HZGHC003203c002,Human ATXN2 67bp deletion knockout cell line
ATXN2,HZGHC003203c011,Human ATXN2 7bp deletion knockout cell line
SNCA,HZGHC003210c003,Human SNCA 103bp deletion knockout cell line
SNCA,HZGHC003210c010,Human SNCA 1bp insertion knockout cell line
FBXW7,HZGHC003212c002,Human FBXW7 35bp deletion knockout cell line
FBXW7,HZGHC003212c008,Human FBXW7 4bp deletion knockout cell line
NAA40,HZGHC003224c001,Human NAA40 4bp deletion knockout cell line
NAA40,HZGHC003224c012,Human NAA40 2bp deletion knockout cell line
EIF4E2,HZGHC003226c001,Human EIF4E2 1bp insertion knockout cell line
EIF4E2,HZGHC003226c010,Human EIF4E2 1bp deletion knockout cell line
NAA40,HZGHC003228c011,Human NAA40 11bp deletion knockout cell line
NAA40,HZGHC003228c012,Human NAA40 11bp deletion knockout cell line
EIF1B,HZGHC003231c010,Human EIF1B 11bp deletion knockout cell line
EIF1B,HZGHC003231c012,Human EIF1B 34bp deletion knockout cell line
EIF1,HZGHC003235c012,Human EIF1 14bp deletion knockout cell line
CHD2,HZGHC003236c005,Human CHD2 4bp deletion knockout cell line
CHD2,HZGHC003236c012,Human CHD2 2bp deletion knockout cell line
NEK3,HZGHC003237c005,Human NEK3 1bp deletion knockout cell line
NEK3,HZGHC003237c010,Human NEK3 5bp deletion knockout cell line
NEK3,HZGHC003237c022,Human NEK3 8bp deletion knockout cell line
CHD2,HZGHC003238c010,Human CHD2 2bp deletion knockout cell line
CHD2,HZGHC003238c012,Human CHD2 35bp deletion knockout cell line
FBXO25,HZGHC003240c006,Human FBXO25 2bp deletion knockout cell line
MAP1LC3B,HZGHC003241c005,Human MAP1LC3B 7bp deletion knockout cell line
MAP1LC3B,HZGHC003242c003,Human MAP1LC3B 29bp deletion knockout cell line
MAP1LC3B,HZGHC003242c007,Human MAP1LC3B 4bp deletion knockout cell line
TET3,HZGHC003243c010,"Human TET1, TET3 multiple knockout cell line"
TET3,HZGHC003243c011,"Human TET1, TET3 multiple knockout cell line"
TET3,HZGHC003244c001,"Human TET2, TET3 multiple knockout cell line"
TET3,HZGHC003244c012,"Human TET2, TET3 multiple knockout cell line"
PIKFYVE,HZGHC003245c003,Human PIKFYVE 31bp deletion knockout cell line
PIKFYVE,HZGHC003245c012,Human PIKFYVE 7bp deletion knockout cell line
DCTPP1,HZGHC003248c001,Human DCTPP1 2bp deletion knockout cell line
DCTPP1,HZGHC003248c012,Human DCTPP1 13bp deletion knockout cell line
NUDT15,HZGHC003250c002,Human NUDT15 19bp deletion knockout cell line
NUDT15,HZGHC003250c003,Human NUDT15 4bp deletion knockout cell line
NUDT19,HZGHC003252c010,Human NUDT19 17bp deletion knockout cell line
NUDT19,HZGHC003252c011,Human NUDT19 4bp deletion knockout cell line
NUDT2,HZGHC003253c001,Human NUDT2 2bp deletion knockout cell line
NUDT2,HZGHC003253c003,Human NUDT2 20bp deletion knockout cell line
NUDT3,HZGHC003254c012,Human NUDT3 11bp deletion knockout cell line
NUDT6,HZGHC003255c004,Human NUDT6 10bp deletion knockout cell line
NUDT6,HZGHC003255c006,Human NUDT6 11bp deletion knockout cell line
NUDT7,HZGHC003256c003,Human NUDT7 11bp deletion knockout cell line
NUDT7,HZGHC003256c006,Human NUDT7 61bp deletion knockout cell line
CAST,HZGHC003257c001,Human CAST 5bp deletion knockout cell line
CAST,HZGHC003257c012,Human CAST 8bp deletion knockout cell line
ARAF,HZGHC003259c008,Human ARAF 7bp deletion knockout cell line
ARAF,HZGHC003259c010,Human ARAF 7bp deletion knockout cell line
RAF1,HZGHC003260c004,Human RAF1 10bp deletion knockout cell line
RAF1,HZGHC003260c011,Human RAF1 4bp deletion knockout cell line
GPX1,HZGHC003261c004,Human GPX1 110bp deletion knockout cell line
GPX1,HZGHC003261c010,Human GPX1 38bp deletion knockout cell line
PABPC4,HZGHC003272c002,Human PABPC4 1bp insertion knockout cell line
PABPC4,HZGHC003272c003,Human PABPC4 1bp deletion knockout cell line
PABPC4,HZGHC003272c010,Human PABPC4 1bp deletion knockout cell line
CDCA2,HZGHC003275c001,Human CDCA2 5bp deletion knockout cell line
CDCA2,HZGHC003275c011,Human CDCA2 1bp insertion knockout cell line
CDCA2,HZGHC003275c012,Human CDCA2 1bp insertion knockout cell line
MAPT,HZGHC003277c003,Human MAPT 14bp deletion knockout cell line
MAPT,HZGHC003277c009,Human MAPT 2bp deletion knockout cell line
POLH,HZGHC003290c011,"Human NTHL1, POLH multiple knockout cell line"
POLH,HZGHC003290c012,"Human NTHL1, POLH multiple knockout cell line"
POLH,HZGHC003291c001,"Human MPG, POLH multiple knockout cell line"
POLH,HZGHC003291c002,"Human MPG, POLH multiple knockout cell line"
PIK3R2,HZGHC003292c006,Human PIK3R2 2bp deletion knockout cell line
LITAF,HZGHC003295c002,Human LITAF 2bp deletion knockout cell line
LITAF,HZGHC003295c003,Human LITAF 14bp deletion knockout cell line
VIM,HZGHC003297c001,Human VIM 2bp deletion knockout cell line
UBE2V1,HZGHC003299c009,Human UBE2V1 2bp insertion knockout cell line
UBE2V1,HZGHC003299c010,Human UBE2V1 7bp deletion knockout cell line
SMUG1,HZGHC003300c009,Human SMUG1 2bp deletion knockout cell line
GRK6,HZGHC003303c003,Human GRK6 2bp deletion knockout cell line
PTPRS,HZGHC003309c005,Human PTPRS 46bp deletion knockout cell line
PTPRS,HZGHC003309c006,Human PTPRS 19bp deletion knockout cell line
PTPRS,HZGHC003311c003,Human PTPRS 1bp insertion knockout cell line
NPM1,HZGHC003312c002,Human NPM1 1bp deletion knockout cell line
SFI1,HZGHC003314c001,Human SFI1 4bp deletion knockout cell line
SFI1,HZGHC003314c010,Human SFI1 1bp deletion knockout cell line
SFI1,HZGHC003314c012,Human SFI1 1bp insertion knockout cell line
HDAC8,HZGHC003316c002,Human HDAC8 23bp deletion knockout cell line
HDAC8,HZGHC003316c006,Human HDAC8 2bp deletion knockout cell line
HUWE1,HZGHC003321c010,Human HUWE1 28bp deletion knockout cell line
HUWE1,HZGHC003321c011,Human HUWE1 4bp deletion knockout cell line
STK10,HZGHC003322c008,Human STK10 10bp deletion knockout cell line
IDH1,HZGHC003323c006,Human IDH1 2bp deletion knockout cell line
IDH1,HZGHC003323c010,Human IDH1 1bp insertion knockout cell line
IDH1,HZGHC003323c012,Human IDH1 1bp deletion knockout cell line
DOT1L,HZGHC003324c005,Human DOT1L 2bp deletion knockout cell line
WASF3,HZGHC003325c004,Human WASF3 2bp deletion knockout cell line
WASF3,HZGHC003325c005,Human WASF3 4bp deletion knockout cell line
WASF2,HZGHC003327c004,Human WASF2 46bp deletion knockout cell line
WASF2,HZGHC003328c004,Human WASF2 17bp deletion knockout cell line
WASF1,HZGHC003330c002,Human WASF1 11bp deletion knockout cell line
WASF1,HZGHC003330c010,Human WASF1 11bp deletion knockout cell line
NCKIPSD,HZGHC003331c002,Human NCKIPSD 1bp deletion knockout cell line
NCKIPSD,HZGHC003331c004,Human NCKIPSD 8bp deletion knockout cell line
NCKIPSD,HZGHC003331c010,Human NCKIPSD 1bp insertion knockout cell line
HEXA,HZGHC003333c005,Human HEXA 7bp deletion knockout cell line
HEXB,HZGHC003336c001,Human HEXB 1bp insertion knockout cell line
HEXB,HZGHC003336c010,Human HEXB 5bp deletion knockout cell line
ARF3,HZGHC003337c004,Human ARF3 2bp deletion knockout cell line
ARF3,HZGHC003337c008,Human ARF3 11bp deletion knockout cell line
EIF2AK2,HZGHC003339c001,"Human RNASEL, EIF2AK2 multiple knockout cell line"
EIF2AK2,HZGHC003339c010,"Human RNASEL, EIF2AK2 multiple knockout cell line"
POLK,HZGHC003342c002,"Human NTHL1, POLK multiple knockout cell line"
POLK,HZGHC003342c010,"Human NTHL1, POLK multiple knockout cell line"
RNASEK,HZGHC003344c009,Human RNASEK  knockout cell line
ATP6V1H,HZGHC003349c001,Human ATP6V1H 38bp deletion knockout cell line
TAZ,HZGHC003351c010,Human TAZ 2bp deletion knockout cell line
CHRNA7,HZGHC003352c012,Human CHRNA7 32bp deletion knockout cell line
PHF13,HZGHC003353c003,Human PHF13 79bp deletion knockout cell line
PHF13,HZGHC003353c012,Human PHF13 13bp deletion knockout cell line
TERT,HZGHC003354c001,Human TERT 8bp deletion knockout cell line
TERT,HZGHC003354c006,Human TERT 13bp deletion knockout cell line
PIGA,HZGHC003355c001,Human PIGA 2bp deletion knockout cell line
PIGA,HZGHC003355c004,Human PIGA 2bp deletion knockout cell line
SETD2,HZGHC003361c006,Human SETD2 128bp deletion knockout cell line
SETD2,HZGHC003361c011,HAP1 SETD2 KO SETD2
CHD1L,HZGHC003363c002,Human CHD1L 19bp deletion knockout cell line
SIKE1,HZGHC003366c007,Human SIKE1 5bp deletion knockout cell line
SIKE1,HZGHC003366c008,Human SIKE1 16bp deletion knockout cell line
FGFR1OP2,HZGHC003368c007,Human FGFR1OP2 11bp deletion knockout cell line
CLN3,HZGHC003369c002,Human CLN3 19bp deletion knockout cell line
CLN3,HZGHC003369c010,Human CLN3 8bp deletion knockout cell line
GGA1,HZGHC003372c006,"Human GGA1, GGA1 multiple knockout cell line"
LPPR5,HZGHC003375c006,Human LPPR5 10bp deletion knockout cell line
MNT,HZGHC003376c010,Human MNT 1bp insertion knockout cell line
MNT,HZGHC003376c012,Human MNT 4bp insertion knockout cell line
PLA2G12A,HZGHC003378c005,Human PLA2G12A 11bp deletion knockout cell line
PLA2G12A,HZGHC003378c011,Human PLA2G12A 2bp deletion knockout cell line
PLA2G15,HZGHC003379c007,Human PLA2G15 14bp deletion knockout cell line
PLA2G15,HZGHC003379c008,Human PLA2G15 5bp deletion knockout cell line
PLA2G4A,HZGHC003380c001,Human PLA2G4A 1bp insertion knockout cell line
PLA2G6,HZGHC003382c001,Human PLA2G6 5bp deletion knockout cell line
PLA2G6,HZGHC003382c011,Human PLA2G6 2bp deletion knockout cell line
PLCB1,HZGHC003383c010,Human PLCB1 17bp deletion knockout cell line
PLCB1,HZGHC003383c012,Human PLCB1 35bp deletion knockout cell line
PLCB3,HZGHC003384c010,Human PLCB3 19bp deletion knockout cell line
PLCB3,HZGHC003384c012,Human PLCB3 4bp deletion knockout cell line
PLCD1,HZGHC003386c007,Human PLCD1 5bp deletion knockout cell line
PLCD1,HZGHC003386c008,Human PLCD1 2bp deletion knockout cell line
PLCD3,HZGHC003387c010,Human PLCD3 1bp insertion knockout cell line
PLCD4,HZGHC003388c001,Human PLCD4 17bp deletion knockout cell line
PLCD4,HZGHC003388c011,Human PLCD4 13bp deletion knockout cell line
PLCE1,HZGHC003389c001,Human PLCE1 1bp insertion knockout cell line
PLCG1,HZGHC003390c010,Human PLCG1 2bp insertion knockout cell line
PLCG1,HZGHC003390c011,Human PLCG1 4bp insertion knockout cell line
PLCG2,HZGHC003391c005,Human PLCG2 2bp deletion knockout cell line
PLCG2,HZGHC003391c006,Human PLCG2 8bp deletion knockout cell line
PLD2,HZGHC003394c001,Human PLD2 1bp insertion knockout cell line
PLD2,HZGHC003394c007,Human PLD2 1bp deletion knockout cell line
PLD3,HZGHC003395c011,Human PLD3 4bp deletion knockout cell line
PLD3,HZGHC003395c012,Human PLD3 10bp deletion knockout cell line
PLD5,HZGHC003396c001,Human PLD5 19bp deletion knockout cell line
PLD5,HZGHC003396c011,Human PLD5 11bp deletion knockout cell line
PLD6,HZGHC003397c002,Human PLD6 16bp deletion knockout cell line
RAC1,HZGHC003399c004,Human RAC1 4bp deletion knockout cell line
NCKAP1,HZGHC003401c001,Human NCKAP1 14bp deletion knockout cell line
NCKAP1,HZGHC003401c004,Human NCKAP1 31bp deletion knockout cell line
ARF6,HZGHC003403c005,Human ARF6 1bp insertion knockout cell line
ARF6,HZGHC003403c006,Human ARF6 19bp deletion knockout cell line
ARF6,HZGHC003403c009,Human ARF6 40bp deletion knockout cell line
CDC42,HZGHC003404c002,Human CDC42 2bp deletion knockout cell line
CDC42,HZGHC003404c010,Human CDC42 4bp deletion knockout cell line
GGA1,HZGHC003406c010,Human GGA1 10bp deletion knockout cell line
GGA1,HZGHC003406c011,Human GGA1 122bp deletion knockout cell line
GGA1,HZGHC003407c001,Human GGA1 1bp insertion knockout cell line
GGA1,HZGHC003407c006,Human GGA1 46bp deletion knockout cell line
GCH1,HZGHC003409c003,Human GCH1 10bp deletion knockout cell line
GCH1,HZGHC003409c012,Human GCH1 10bp deletion knockout cell line
SUFU,HZGHC003413c006,Human SUFU 28bp deletion knockout cell line
SUFU,HZGHC003413c007,Human SUFU 7bp deletion knockout cell line
TYK2,HZGHC003415c010,Human TYK2 8bp deletion knockout cell line
TYK2,HZGHC003415c011,Human TYK2 5bp deletion knockout cell line
SNX17,HZGHC003416c008,Human SNX17 20bp deletion knockout cell line
ATF6,HZGHC003429c006,Human ATF6 2bp deletion knockout cell line
ATF6,HZGHC003429c012,Human ATF6 10bp deletion knockout cell line
CD24,HZGHC003432c001,Human CD24 1bp insertion knockout cell line
CD24,HZGHC003433c008,Human CD24 7bp deletion knockout cell line
CD24,HZGHC003433c009,Human CD24 5bp deletion knockout cell line
CD24,HZGHC003434c003,Human CD24 10bp deletion knockout cell line
CD24,HZGHC003434c011,Human CD24 13bp deletion knockout cell line
CD24,HZGHC003435c009,Human CD24 2bp deletion knockout cell line
CD24,HZGHC003435c010,Human CD24 1bp insertion knockout cell line
CD24,HZGHC003435c012,Human CD24 1bp deletion knockout cell line
CD46,HZGHC003436c005,Human CD46 2bp insertion knockout cell line
CD46,HZGHC003437c001,Human CD46 2bp insertion knockout cell line
CD46,HZGHC003437c006,Human CD46 1bp deletion knockout cell line
CD46,HZGHC003438c008,Human CD46 4bp deletion knockout cell line
CD81,HZGHC003440c006,Human CD81 1bp insertion knockout cell line
CD81,HZGHC003441c006,Human CD81 1bp insertion knockout cell line
CTIF,HZGHC003451c003,Human CTIF 4bp deletion knockout cell line
CTIF,HZGHC003451c006,Human CTIF 11bp deletion knockout cell line
TRAF6,HZGHC003466c011,Human TRAF6 10bp deletion knockout cell line
WWP1,HZGHC003468c009,Human WWP1 8bp deletion knockout cell line
WWP1,HZGHC003468c011,Human WWP1 23bp deletion knockout cell line
ASPM,HZGHC003472c007,Human ASPM 2bp deletion knockout cell line
ASPM,HZGHC003472c008,Human ASPM 367bp insertion knockout cell line
ASPM,HZGHC003472c010,Human ASPM 1bp insertion knockout cell line
RHBDD2,HZGHC003474c005,Human RHBDD2 4bp deletion knockout cell line
TFEB,HZGHC003476c010,Human TFEB 7bp deletion knockout cell line
TFEB,HZGHC003476c012,Human TFEB 4bp deletion knockout cell line
ASPSCR1,HZGHC003479c010,Human ASPSCR1 2bp deletion knockout cell line
UBLCP1,HZGHC003482c001,Human UBLCP1 7bp deletion knockout cell line
UBLCP1,HZGHC003482c002,Human UBLCP1 16bp deletion knockout cell line
POLI,HZGHC003483c012,Human POLI 2bp deletion knockout cell line
PPP1R1A,HZGHC003489c010,Human PPP1R1A 52bp deletion knockout cell line
NAA40,HZGHC003497c012,Human NAA40 10bp deletion knockout cell line
ANG,HZGHC003507c001,Human ANG 1bp insertion knockout cell line
ANG,HZGHC003507c006,Human ANG 2bp insertion knockout cell line
GPATCH2,HZGHC003511c002,Human GPATCH2 5bp deletion knockout cell line
GPATCH2,HZGHC003511c012,Human GPATCH2 23bp deletion knockout cell line
PDP2,HZGHC003512c010,Human PDP2 44bp deletion knockout cell line
KAT7,HZGHC003518c004,Human KAT7 4bp deletion knockout cell line
KAT7,HZGHC003518c008,Human KAT7 1bp insertion knockout cell line
KAT7,HZGHC003518c010,Human KAT7 1bp insertion knockout cell line
DBF4,HZGHC003520c008,Human DBF4 17bp deletion knockout cell line
DBF4B,HZGHC003523c002,Human DBF4B 2bp deletion knockout cell line
RBM8A,HZGHC003532c002,Human RBM8A 1bp insertion knockout cell line
RBM8A,HZGHC003532c010,Human RBM8A 1bp insertion knockout cell line
RBM8A,HZGHC003532c011,Human RBM8A 1bp insertion knockout cell line
ATP13A2,HZGHC003547c002,Human ATP13A2 8bp deletion knockout cell line
ATP13A2,HZGHC003547c012,Human ATP13A2 2bp deletion knockout cell line
TNPO1,HZGHC003548c001,Human TNPO1 5bp deletion knockout cell line
TNPO1,HZGHC003548c007,Human TNPO1 2bp deletion knockout cell line
TNPO1,HZGHC003548c008,Human TNPO1 2bp deletion knockout cell line
IGF2BP3,HZGHC003551c002,Human IGF2BP3 2bp deletion knockout cell line
COG1,HZGHC003560c002,Human COG1 1bp deletion knockout cell line
TET2,HZGHC003562c006,Human TET2 4bp deletion knockout cell line
TET2,HZGHC003562c011,Human TET2 8bp deletion knockout cell line
USP16,HZGHC003566c002,Human USP16 1bp insertion knockout cell line
USP16,HZGHC003566c010,Human USP16 8bp deletion knockout cell line
USP16,HZGHC003566c011,Human USP16 8bp deletion knockout cell line
ACVR2A,HZGHC003568c004,Human ACVR2A 4bp deletion knockout cell line
ACVR2A,HZGHC003568c005,Human ACVR2A 22bp deletion knockout cell line
METAP1,HZGHC003574c004,Human METAP1 2bp deletion knockout cell line
METAP2,HZGHC003577c002,Human METAP2 19bp deletion knockout cell line
SPTLC1,HZGHC003579c006,Human SPTLC1 2bp deletion knockout cell line
SPTLC1,HZGHC003579c012,Human SPTLC1 11bp deletion knockout cell line
SLC35D1,HZGHC003586c001,Human SLC35D1 2bp deletion knockout cell line
SLC35D1,HZGHC003586c002,Human SLC35D1 5bp deletion knockout cell line
WDR37,HZGHC003592c010,Human WDR37 1bp insertion knockout cell line
WTAP,HZGHC003593c002,Human WTAP 5bp deletion knockout cell line
WTAP,HZGHC003593c005,Human WTAP 4bp deletion knockout cell line
WTAP,HZGHC003593c008,Human WTAP 4bp deletion knockout cell line
CEBPB,HZGHC003598c002,Human CEBPB 6bp deletion knockout cell line
CEBPB,HZGHC003598c007,Human CEBPB 13bp deletion knockout cell line
MTF2,HZGHC003599c002,Human MTF2 1bp insertion knockout cell line
MTF2,HZGHC003599c011,Human MTF2 2bp insertion knockout cell line
SEPT6,HZGHC003603c001,Human SEPT6 1bp insertion knockout cell line
SEPT6,HZGHC003603c002,Human SEPT6 20bp deletion knockout cell line
SEPT6,HZGHC003603c004,Human SEPT6 1bp deletion knockout cell line
TMEM223,HZGHC003614c003,Human TMEM223 2bp deletion knockout cell line
TMEM70,HZGHC003615c001,Human TMEM70 34bp deletion knockout cell line
TMEM70,HZGHC003615c010,Human TMEM70 32bp deletion knockout cell line
NCOA4,HZGHC003617c010,Human NCOA4 1bp insertion knockout cell line
WDR73,HZGHC003620c003,"Human WHAMM, WDR73 multiple knockout cell line"
WDR73,HZGHC003620c012,"Human WHAMM, WDR73 multiple knockout cell line"
TET2,HZGHC003621c001,"Human TET1, TET2, TET3 multiple knockout cell line"
KDM6A,HZGHC003625c010,Human KDM6A 7bp deletion knockout cell line
MBD2,HZGHC003628c010,Human MBD2 2bp deletion knockout cell line
MBD2,HZGHC003628c011,Human MBD2 8bp deletion knockout cell line
CHD3,HZGHC003630c003,Human CHD3 2bp deletion knockout cell line
TRIM27,HZGHC003632c003,Human TRIM27 23bp deletion knockout cell line
TRIM27,HZGHC003632c004,Human TRIM27 1bp insertion knockout cell line
TRIM27,HZGHC003632c010,Human TRIM27 1bp insertion knockout cell line
TRIM25,HZGHC003633c001,Human TRIM25 1bp insertion knockout cell line
TRIM25,HZGHC003633c004,Human TRIM25 1bp deletion knockout cell line
TRIM9,HZGHC003634c005,Human TRIM9 22bp deletion knockout cell line
TRIM9,HZGHC003634c006,Human TRIM9 4bp deletion knockout cell line
TRIM2,HZGHC003635c001,Human TRIM2 17bp deletion knockout cell line
TRIM2,HZGHC003635c005,Human TRIM2 25bp deletion knockout cell line
TRIM65,HZGHC003636c002,Human TRIM65 2bp insertion knockout cell line
TRIM65,HZGHC003636c005,Human TRIM65 1bp insertion knockout cell line
TRIM65,HZGHC003636c010,Human TRIM65 1bp deletion knockout cell line
TRIM22,HZGHC003637c001,Human TRIM22 1bp insertion knockout cell line
TRIM22,HZGHC003637c006,Human TRIM22 2bp insertion knockout cell line
TRIM37,HZGHC003638c002,Human TRIM37 7bp deletion knockout cell line
TRIM37,HZGHC003638c011,Human TRIM37 8bp deletion knockout cell line
TRIM14,HZGHC003639c005,Human TRIM14 16bp deletion knockout cell line
TRIM14,HZGHC003639c006,Human TRIM14 2bp deletion knockout cell line
TRIM5,HZGHC003640c006,Human TRIM5 34bp deletion knockout cell line
TRIM5,HZGHC003640c009,Human TRIM5 7bp deletion knockout cell line
TRIM41,HZGHC003641c010,Human TRIM41 1bp insertion knockout cell line
TRIM26,HZGHC003642c001,Human TRIM26 55bp deletion knockout cell line
TRIM26,HZGHC003642c007,Human TRIM26 20bp deletion knockout cell line
TRIM8,HZGHC003643c012,Human TRIM8 2bp insertion knockout cell line
TRIM47,HZGHC003644c010,Human TRIM47 10bp deletion knockout cell line
TRIM47,HZGHC003644c012,Human TRIM47 2bp deletion knockout cell line
TRIM44,HZGHC003646c001,Human TRIM44 1bp insertion knockout cell line
TRIM11,HZGHC003651c004,Human TRIM11 11bp deletion knockout cell line
TRIM11,HZGHC003651c008,Human TRIM11 1bp insertion knockout cell line
TRIM52,HZGHC003652c001,Human TRIM52 2bp deletion knockout cell line
TRIM52,HZGHC003652c012,Human TRIM52 13bp deletion knockout cell line
TRIM6,HZGHC003653c001,Human TRIM6 1bp insertion knockout cell line
TRIM6,HZGHC003653c010,Human TRIM6 25bp deletion knockout cell line
TRIM6,HZGHC003653c011,Human TRIM6 13bp deletion knockout cell line
TRIM58,HZGHC003654c008,Human TRIM58 2bp deletion knockout cell line
TRIM23,HZGHC003656c001,Human TRIM23 1bp deletion knockout cell line
TRIM23,HZGHC003656c002,Human TRIM23 17bp deletion knockout cell line
TRIM23,HZGHC003656c010,Human TRIM23 1bp insertion knockout cell line
TRIM21,HZGHC003657c005,Human TRIM21 139bp deletion knockout cell line
TRIM21,HZGHC003657c011,Human TRIM21 25bp deletion knockout cell line
TRIM35,HZGHC003658c002,Human TRIM35 10bp deletion knockout cell line
TRIM39,HZGHC003659c007,Human TRIM39 7bp deletion knockout cell line
TRIM39,HZGHC003659c010,Human TRIM39 4bp deletion knockout cell line
TRIM38,HZGHC003661c003,Human TRIM38 2bp deletion knockout cell line
TRIM38,HZGHC003661c010,Human TRIM38 10bp deletion knockout cell line
TRIM3,HZGHC003662c005,Human TRIM3 5bp deletion knockout cell line
TRIM3,HZGHC003662c012,Human TRIM3 17bp deletion knockout cell line
TRIM16,HZGHC003663c001,Human TRIM16 107bp deletion knockout cell line
VAPA,HZGHC003665c008,Human VAPA 1bp deletion knockout cell line
VAPB,HZGHC003668c007,Human VAPB 17bp deletion knockout cell line
VAPB,HZGHC003668c009,Human VAPB 1bp insertion knockout cell line
ESYT1,HZGHC003669c001,Human ESYT1 8bp deletion knockout cell line
ESYT2,HZGHC003672c011,Human ESYT2 4bp insertion knockout cell line
EFR3A,HZGHC003674c012,Human EFR3A 4bp deletion knockout cell line
TMEM150C,HZGHC003676c001,Human TMEM150C 2bp deletion knockout cell line
TMEM150C,HZGHC003676c007,Human TMEM150C 2bp insertion knockout cell line
TRIM68,HZGHC003681c002,Human TRIM68 1bp insertion knockout cell line
TRIM68,HZGHC003681c004,Human TRIM68 23bp deletion knockout cell line
BUB1,HZGHC003682c001,Human BUB1 1bp insertion knockout cell line
TRIM62,HZGHC003684c002,Human TRIM62 4bp deletion knockout cell line
TRIM62,HZGHC003684c003,Human TRIM62 10bp deletion knockout cell line
TRIM56,HZGHC003685c001,Human TRIM56 8bp deletion knockout cell line
TRIM71,HZGHC003686c008,Human TRIM71 5bp deletion knockout cell line
TRIM71,HZGHC003686c012,Human TRIM71 8bp deletion knockout cell line
CKB,HZGHC003691c007,Human CKB 1bp insertion knockout cell line
TUBB4B,HZGHC003692c001,Human TUBB4B 13bp deletion knockout cell line
TUBB4B,HZGHC003692c011,Human TUBB4B 4bp deletion knockout cell line
FTL,HZGHC003693c009,Human FTL 16bp deletion knockout cell line
FTL,HZGHC003693c012,Human FTL 2bp deletion knockout cell line
TUBA1A,HZGHC003694c003,Human TUBA1A 17bp deletion knockout cell line
HPRT1,HZGHC003696c011,Human HPRT1 7bp deletion knockout cell line
HPRT1,HZGHC003696c012,Human HPRT1 8bp deletion knockout cell line
TOP2B,HZGHC003697c011,Human TOP2B 19bp deletion knockout cell line
TOP2B,HZGHC003697c012,Human TOP2B 2bp deletion knockout cell line
HMMR,HZGHC003698c004,Human HMMR 23bp deletion knockout cell line
HMMR,HZGHC003698c006,Human HMMR 2bp deletion knockout cell line
ANXA1,HZGHC003699c006,Human ANXA1 10bp deletion knockout cell line
ANXA1,HZGHC003699c007,Human ANXA1 7bp deletion knockout cell line
FASN,HZGHC003700c006,Human FASN 26bp deletion knockout cell line
FASN,HZGHC003700c011,Human FASN 2bp insertion knockout cell line
MAP4,HZGHC003701c011,Human MAP4 5bp deletion knockout cell line
MAP4,HZGHC003701c012,Human MAP4 2bp deletion knockout cell line
MVP,HZGHC003713c002,Human MVP 14bp deletion knockout cell line
MVP,HZGHC003713c007,Human MVP 4bp deletion knockout cell line
TEP1,HZGHC003715c002,Human TEP1 1bp deletion knockout cell line
TEP1,HZGHC003715c011,Human TEP1 10bp deletion knockout cell line
MED13L,HZGHC003719c010,Human MED13L 7bp deletion knockout cell line
TBX3,HZGHC003721c004,Human TBX3 7bp deletion knockout cell line
SETD9,HZGHC003722c004,Human SETD9 14bp deletion knockout cell line
SETD9,HZGHC003722c005,Human SETD9 20bp deletion knockout cell line
ZNF174,HZGHC003725c003,Human ZNF174 115bp deletion knockout cell line
ZNF174,HZGHC003725c011,Human ZNF174 20bp deletion knockout cell line
SHOX2,HZGHC003726c002,Human SHOX2 70bp deletion knockout cell line
SHOX2,HZGHC003727c005,Human SHOX2 1bp deletion knockout cell line
SHOX2,HZGHC003727c006,Human SHOX2 1bp insertion knockout cell line
SHOX2,HZGHC003727c011,Human SHOX2 10bp deletion knockout cell line
C9ORF72,HZGHC003729c002,Human C9orf72 13bp deletion knockout cell line
C9ORF72,HZGHC003729c004,Human C9orf72 2bp insertion knockout cell line
TARDBP,HZGHC003730c001,Human TARDBP 7bp deletion knockout cell line
TARDBP,HZGHC003730c011,Human TARDBP 11bp deletion knockout cell line
ZNF10,HZGHC003733c002,Human ZNF10 8bp deletion knockout cell line
HAX1,HZGHC003734c003,Human HAX1 14bp deletion knockout cell line
MTMR2,HZGHC003737c002,Human MTMR2 7bp deletion knockout cell line
MTMR2,HZGHC003737c012,Human MTMR2 5bp deletion knockout cell line
GLRB,HZGHC003738c004,Human GLRB 13bp deletion knockout cell line
GLRB,HZGHC003738c012,Human GLRB 5bp deletion knockout cell line
PLCH1,HZGHC003739c001,Human PLCH1 1bp deletion knockout cell line
PLCH1,HZGHC003739c011,Human PLCH1 2bp deletion knockout cell line
MKNK1,HZGHC003741c001,"Human MKNK2, MKNK1 multiple knockout cell line"
TSPO,HZGHC003742c011,Human TSPO 29bp deletion knockout cell line
TSPO,HZGHC003742c012,Human TSPO 31bp deletion knockout cell line
FADS1,HZGHC003743c003,Human FADS1 7bp deletion knockout cell line
FADS1,HZGHC003743c007,Human FADS1 2bp deletion knockout cell line
NDUFS2,HZGHC003745c003,Human NDUFS2 11bp deletion knockout cell line
NDUFS2,HZGHC003745c010,Human NDUFS2 16bp deletion knockout cell line
REXO2,HZGHC003748c001,Human REXO2 2bp insertion knockout cell line
REXO2,HZGHC003749c012,Human REXO2 1bp insertion knockout cell line
PPP1R14B,HZGHC003750c012,Human PPP1R14B 1bp insertion knockout cell line
CDKN2A,HZGHC003751c004,Human CDKN2A 19bp deletion knockout cell line
CRBN,HZGHC003752c001,Human CRBN 1bp insertion knockout cell line
ATAD2,HZGHC003753c008,Human ATAD2 7bp deletion knockout cell line
ATAD2,HZGHC003753c012,Human ATAD2 2bp deletion knockout cell line
SQLE,HZGHC003754c006,Human SQLE 25bp deletion knockout cell line
SQLE,HZGHC003754c007,Human SQLE 22bp deletion knockout cell line
FER,HZGHC003755c004,Human FER 59bp deletion knockout cell line
FER,HZGHC003755c010,Human FER 2bp insertion knockout cell line
VKORC1,HZGHC003757c005,Human VKORC1 2bp deletion knockout cell line
M6PR,HZGHC003759c001,Human M6PR 8bp deletion knockout cell line
M6PR,HZGHC003759c010,Human M6PR 4bp deletion knockout cell line
BLVRB,HZGHC003760c002,Human BLVRB 2bp insertion knockout cell line
BLVRB,HZGHC003760c010,Human BLVRB 10bp deletion knockout cell line
BLVRB,HZGHC003760c011,Human BLVRB 2bp deletion knockout cell line
TUBA4A,HZGHC003761c001,Human TUBA4A 1bp insertion knockout cell line
TUBA4A,HZGHC003761c002,Human TUBA4A 1bp insertion knockout cell line
CYP51A1,HZGHC003762c002,Human CYP51A1 11bp deletion knockout cell line
CYP51A1,HZGHC003762c012,Human CYP51A1 10bp deletion knockout cell line
PNP,HZGHC003765c003,Human PNP 1bp insertion knockout cell line
GSR,HZGHC003767c003,Human GSR 2bp deletion knockout cell line
CAT,HZGHC003768c005,Human CAT 5bp deletion knockout cell line
CAT,HZGHC003768c012,Human CAT 2bp deletion knockout cell line
IMPDH1,HZGHC003769c001,Human IMPDH1 5bp deletion knockout cell line
IMPDH1,HZGHC003769c002,Human IMPDH1 7bp deletion knockout cell line
GAMT,HZGHC003770c002,Human GAMT 8bp deletion knockout cell line
GAMT,HZGHC003770c003,Human GAMT 2bp insertion knockout cell line
TOP1MT,HZGHC003771c001,Human TOP1MT 23bp deletion knockout cell line
TOP1MT,HZGHC003771c010,Human TOP1MT 2bp deletion knockout cell line
ADK,HZGHC003773c002,Human ADK 7bp deletion knockout cell line
ADK,HZGHC003773c011,Human ADK 7bp deletion knockout cell line
KEAP1,HZGHC003774c005,Human KEAP1 10bp deletion knockout cell line
KEAP1,HZGHC003774c009,HAP1 KEAP1 Knock out
ITPR2,HZGHC003777c007,Human ITPR2 2bp deletion knockout cell line
ITPR2,HZGHC003778c002,Human ITPR2 17bp deletion knockout cell line
ITPR2,HZGHC003778c011,Human ITPR2 23bp deletion knockout cell line
ITPR3,HZGHC003780c001,Human ITPR3 1bp insertion knockout cell line
ITPR3,HZGHC003780c010,Human ITPR3 1bp deletion knockout cell line
AGL,HZGHC003782c011,Human AGL 5bp deletion knockout cell line
IFNGR2,HZGHC003785c008,Human IFNGR2 11bp deletion knockout cell line
CPT1A,HZGHC003786c010,Human CPT1A 2bp deletion knockout cell line
CPT1A,HZGHC003786c012,Human CPT1A 11bp deletion knockout cell line
SHMT1,HZGHC003788c004,Human SHMT1 19bp deletion knockout cell line
SHMT1,HZGHC003788c008,Human SHMT1 11bp deletion knockout cell line
SOAT1,HZGHC003789c001,Human SOAT1 10bp deletion knockout cell line
SOAT1,HZGHC003789c008,Human SOAT1 1bp insertion knockout cell line
SOAT1,HZGHC003789c010,Human SOAT1 1bp insertion knockout cell line
DDR1,HZGHC00378c010,HAP1 DDR1 (-)
MUT,HZGHC003790c004,Human MUT 5bp deletion knockout cell line
MUT,HZGHC003790c005,Human MUT 2bp deletion knockout cell line
VKORC1L1,HZGHC003791c001,Human VKORC1L1 2bp deletion knockout cell line
VKORC1L1,HZGHC003791c003,Human VKORC1L1 2bp insertion knockout cell line
SIGMAR1,HZGHC003792c010,Human SIGMAR1 80bp deletion knockout cell line
SIGMAR1,HZGHC003792c011,Human SIGMAR1 11bp deletion knockout cell line
MAOA,HZGHC003794c001,Human MAOA 1bp insertion knockout cell line
MAOA,HZGHC003794c004,Human MAOA 1bp deletion knockout cell line
MAOA,HZGHC003794c011,Human MAOA 35bp deletion knockout cell line
CPT2,HZGHC003795c007,Human CPT2 5bp deletion knockout cell line
CPT2,HZGHC003795c011,Human CPT2 14bp deletion knockout cell line
CHD1,HZGHC003796c002,Human CHD1 8bp deletion knockout cell line
CHD1,HZGHC003796c010,Human CHD1 82bp deletion knockout cell line
RXRB,HZGHC003797c011,Human RXRB 1bp deletion knockout cell line
RXRB,HZGHC003797c012,Human RXRB 16bp deletion knockout cell line
VEGFB,HZGHC003798c007,Human VEGFB 2bp deletion knockout cell line
VEGFB,HZGHC003798c008,Human VEGFB 170bp deletion knockout cell line
VEGFA,HZGHC003799c008,Human VEGFA 2bp deletion knockout cell line
VEGFA,HZGHC003799c011,Human VEGFA 10bp deletion knockout cell line
KCNQ2,HZGHC003800c001,Human KCNQ2 1bp insertion knockout cell line
KCNQ2,HZGHC003800c004,Human KCNQ2 7bp deletion knockout cell line
KCNQ2,HZGHC003800c012,Human KCNQ2 1bp insertion knockout cell line
ABCC1,HZGHC003801c001,Human ABCC1 14bp deletion knockout cell line
ABCC1,HZGHC003801c003,Human ABCC1 14bp deletion knockout cell line
ABCC1,HZGHC003801c009,Human ABCC1 1bp insertion knockout cell line
PLEKHA1,HZGHC003803c006,Human PLEKHA1 5bp deletion knockout cell line
PLEKHA1,HZGHC003803c011,Human PLEKHA1 5bp deletion knockout cell line
PTGER3,HZGHC003805c008,Human PTGER3 10bp deletion knockout cell line
PTGER3,HZGHC003805c010,Human PTGER3 2bp deletion knockout cell line
MTR,HZGHC003808c002,Human MTR 8bp deletion knockout cell line
MTR,HZGHC003808c003,Human MTR 4bp deletion knockout cell line
IFNAR2,HZGHC003809c001,Human IFNAR2 8bp deletion knockout cell line
IFNAR2,HZGHC003809c002,Human IFNAR2 7bp deletion knockout cell line
ASIC1,HZGHC003810c007,Human ASIC1 1bp insertion knockout cell line
ASIC1,HZGHC003810c010,Human ASIC1 235bp insertion knockout cell line
AR,HZGHC003811c012,Human AR 16bp deletion knockout cell line
TMEM150A,HZGHC003812c007,Human TMEM150A 17bp deletion knockout cell line
TMEM150A,HZGHC003812c012,Human TMEM150A 35bp deletion knockout cell line
RAMP1,HZGHC003813c001,Human RAMP1 23bp deletion knockout cell line
RAMP1,HZGHC003813c003,Human RAMP1 58bp insertion knockout cell line
RAMP1,HZGHC003813c009,Human RAMP1 2bp deletion knockout cell line
IFNGR1,HZGHC003814c010,Human IFNGR1 14bp deletion knockout cell line
IFNGR1,HZGHC003814c011,Human IFNGR1 14bp deletion knockout cell line
QPRT,HZGHC003815c010,Human QPRT 11bp deletion knockout cell line
QPRT,HZGHC003815c011,Human QPRT 7bp deletion knockout cell line
KCNK2,HZGHC003816c008,Human KCNK2 53bp deletion knockout cell line
COMT,HZGHC003817c001,Human COMT 10bp deletion knockout cell line
COMT,HZGHC003817c003,Human COMT 148bp deletion knockout cell line
ADA,HZGHC003818c011,Human ADA 1bp insertion knockout cell line
SRD5A1,HZGHC003819c007,Human SRD5A1 11bp deletion knockout cell line
SRD5A1,HZGHC003819c009,Human SRD5A1 2bp deletion knockout cell line
GABBR1,HZGHC003820c010,Human GABBR1 1bp insertion knockout cell line
CACNA2D2,HZGHC003821c005,Human CACNA2D2 4bp deletion knockout cell line
MMP17,HZGHC003822c002,Human MMP17 26bp deletion knockout cell line
MMP17,HZGHC003822c011,Human MMP17 10bp deletion knockout cell line
CA2,HZGHC003823c008,Human CA2 2bp deletion knockout cell line
CA2,HZGHC003823c012,Human CA2 22bp deletion knockout cell line
SMS,HZGHC003824c002,Human SMS 1bp insertion knockout cell line
SMS,HZGHC003824c010,Human SMS 1bp insertion knockout cell line
SMS,HZGHC003824c012,Human SMS 1bp insertion knockout cell line
RARG,HZGHC003825c004,Human RARG 20bp deletion knockout cell line
RARG,HZGHC003825c006,Human RARG 1bp deletion knockout cell line
GABRB3,HZGHC003826c003,Human GABRB3 1bp insertion knockout cell line
GABRB3,HZGHC003826c004,Human GABRB3 1bp insertion knockout cell line
GABRB3,HZGHC003826c011,Human GABRB3 2bp deletion knockout cell line
CACNB3,HZGHC003828c001,Human CACNB3 4bp deletion knockout cell line
CACNB3,HZGHC003828c011,Human CACNB3 14bp deletion knockout cell line
UGCG,HZGHC003829c001,Human UGCG 2bp insertion knockout cell line
UGCG,HZGHC003829c006,Human UGCG 1bp insertion knockout cell line
UGCG,HZGHC003829c010,Human UGCG 1bp insertion knockout cell line
FN1,HZGHC003830c002,Human FN1 5bp deletion knockout cell line
FN1,HZGHC003830c008,Human FN1 11bp deletion knockout cell line
TPMT,HZGHC003831c004,Human TPMT 7bp deletion knockout cell line
TPMT,HZGHC003831c011,Human TPMT 22bp deletion knockout cell line
VAMP1,HZGHC003832c007,Human VAMP1 5bp deletion knockout cell line
VAMP1,HZGHC003832c012,Human VAMP1 2bp insertion knockout cell line
GGCX,HZGHC003833c011,Human GGCX 17bp deletion knockout cell line
GABRA5,HZGHC003834c004,Human GABRA5 22bp deletion knockout cell line
GABRA5,HZGHC003834c011,Human GABRA5 7bp deletion knockout cell line
PSMB10,HZGHC003835c002,Human PSMB10 35bp deletion knockout cell line
IFNAR1,HZGHC003836c005,Human IFNAR1 4bp deletion knockout cell line
KCNH2,HZGHC003837c001,Human KCNH2 22bp deletion knockout cell line
KCNH2,HZGHC003837c011,Human KCNH2 2bp deletion knockout cell line
PSMB8,HZGHC003838c004,Human PSMB8 32bp deletion knockout cell line
PSMB8,HZGHC003838c009,Human PSMB8 29bp deletion knockout cell line
PSMB8,HZGHC003838c011,Human PSMB8 2bp deletion knockout cell line
PDE7A,HZGHC003840c008,Human PDE7A 20bp deletion knockout cell line
PDE7A,HZGHC003840c011,Human PDE7A 13bp deletion knockout cell line
HSPG2,HZGHC003848c001,Human HSPG2 1bp insertion knockout cell line
HSPG2,HZGHC003848c010,Human HSPG2 11bp deletion knockout cell line
MME,HZGHC003851c001,Human MME 5bp deletion knockout cell line
MME,HZGHC003851c006,Human MME 16bp deletion knockout cell line
RXRA,HZGHC003852c012,Human RXRA 7bp deletion knockout cell line
SUZ12,HZGHC003853c001,Human SUZ12 2bp deletion knockout cell line
SUZ12,HZGHC003853c011,Human SUZ12 1bp insertion knockout cell line
FGF2,HZGHC003854c001,Human FGF2 1bp insertion knockout cell line
FGF2,HZGHC003854c005,Human FGF2 1bp insertion knockout cell line
CLCN2,HZGHC003856c005,Human CLCN2 7bp deletion knockout cell line
CCKBR,HZGHC003857c005,Human CCKBR 13bp deletion knockout cell line
CCKBR,HZGHC003857c006,Human CCKBR 7bp deletion knockout cell line
KCNJ11,HZGHC003858c011,Human KCNJ11 2bp deletion knockout cell line
KCNJ11,HZGHC003858c012,Human KCNJ11 22bp deletion knockout cell line
MMP15,HZGHC003861c005,Human MMP15 14bp deletion knockout cell line
MMP15,HZGHC003861c011,Human MMP15 7bp deletion knockout cell line
RARA,HZGHC003862c012,Human RARA 10bp deletion knockout cell line
MMP16,HZGHC003863c002,Human MMP16 2bp insertion knockout cell line
CNR1,HZGHC003864c001,Human CNR1 14bp deletion knockout cell line
CNR1,HZGHC003864c007,Human CNR1 25bp deletion knockout cell line
PLAUR,HZGHC003866c001,HAP1 PLAUR Knock out
PLAUR,HZGHC003866c002,HAP1 PLAUR Knock out
PSMB9,HZGHC003867c003,Human PSMB9 4bp deletion knockout cell line
PSMB9,HZGHC003867c008,Human PSMB9 2bp deletion knockout cell line
PSMB9,HZGHC003867c011,Human PSMB9 1bp insertion knockout cell line
CACNA2D1,HZGHC003868c005,Human CACNA2D1 13bp deletion knockout cell line
CACNA2D1,HZGHC003868c012,Human CACNA2D1 2bp deletion knockout cell line
THRB,HZGHC003871c002,Human THRB 4bp deletion knockout cell line
THRB,HZGHC003871c003,Human THRB 8bp deletion knockout cell line
ITGA2B,HZGHC003872c002,Human ITGA2B 2bp insertion knockout cell line
ITGA2B,HZGHC003872c006,Human ITGA2B 7bp deletion knockout cell line
PROS1,HZGHC003876c004,Human PROS1 10bp deletion knockout cell line
PROS1,HZGHC003876c005,Human PROS1 2bp deletion knockout cell line
ACE,HZGHC003877c004,Human ACE 2bp deletion knockout cell line
ACE,HZGHC003877c005,Human ACE 7bp deletion knockout cell line
DPP4,HZGHC003881c003,Human DPP4 8bp deletion knockout cell line
DPP4,HZGHC003881c011,Human DPP4 17bp deletion knockout cell line
EPOR,HZGHC003882c005,Human EPOR 7bp deletion knockout cell line
EPOR,HZGHC003882c008,Human EPOR 20bp deletion knockout cell line
PDE4A,HZGHC003883c002,Human PDE4A 13bp deletion knockout cell line
PDE4A,HZGHC003883c010,Human PDE4A 95bp deletion knockout cell line
MAP1A,HZGHC003885c010,Human MAP1A 1bp deletion knockout cell line
MAP1A,HZGHC003885c011,Human MAP1A 1bp insertion knockout cell line
MAP1A,HZGHC003885c012,Human MAP1A 4bp deletion knockout cell line
SYNJ1,HZGHC003886c001,"Human SYNJ2, SYNJ1 multiple knockout cell line"
SYNJ1,HZGHC003886c006,"Human SYNJ2, SYNJ1 multiple knockout cell line"
SYNJ2,HZGHC003887c002,"Human SYNJ1, SYNJ2 multiple knockout cell line"
SYNJ2,HZGHC003887c004,"Human SYNJ1, SYNJ2 multiple knockout cell line"
SOX5,HZGHC003888c011,Human SOX5 5bp deletion knockout cell line
TIRAP,HZGHC003892c002,Human TIRAP 5bp deletion knockout cell line
TIRAP,HZGHC003892c004,Human TIRAP 2bp deletion knockout cell line
IFI16,HZGHC003894c007,Human IFI16 53bp deletion knockout cell line
IFI16,HZGHC003894c009,Human IFI16 13bp deletion knockout cell line
AZI2,HZGHC003895c005,Human AZI2 5bp deletion knockout cell line
AZI2,HZGHC003895c008,Human AZI2 2bp deletion knockout cell line
IRF5,HZGHC003896c004,Human IRF5 1bp insertion knockout cell line
IRF5,HZGHC003896c005,Human IRF5 13bp deletion knockout cell line
IRF5,HZGHC003896c011,Human IRF5 1bp deletion knockout cell line
TICAM1,HZGHC003898c004,Human TICAM1 5bp deletion knockout cell line
TICAM1,HZGHC003898c007,Human TICAM1 22bp deletion knockout cell line
PYCARD,HZGHC003899c001,Human PYCARD 1bp deletion knockout cell line
PYCARD,HZGHC003899c010,Human PYCARD 71bp deletion knockout cell line
TRAF7,HZGHC003901c010,Human TRAF7 5bp deletion knockout cell line
TRAF7,HZGHC003901c012,Human TRAF7 14bp deletion knockout cell line
DDX41,HZGHC003902c001,Human DDX41 1bp insertion knockout cell line
DDX41,HZGHC003902c005,Human DDX41 5bp deletion knockout cell line
TANK,HZGHC003904c003,Human TANK 1bp insertion knockout cell line
TANK,HZGHC003904c010,Human TANK 2bp deletion knockout cell line
RAMP2,HZGHC003905c001,Human RAMP2 13bp deletion knockout cell line
RAMP2,HZGHC003905c002,Human RAMP2 13bp deletion knockout cell line
PDE5A,HZGHC003906c012,Human PDE5A 2bp deletion knockout cell line
MS4A2,HZGHC003907c002,Human MS4A2 10bp deletion knockout cell line
MS4A2,HZGHC003907c010,Human MS4A2 20bp deletion knockout cell line
KMT2C,HZGHC003909c002,Human KMT2C 25bp deletion knockout cell line
KMT2C,HZGHC003909c012,Human KMT2C 5bp deletion knockout cell line
MMP24,HZGHC003910c007,Human MMP24 1bp deletion knockout cell line
MMP24,HZGHC003910c010,Human MMP24 1bp insertion knockout cell line
PRKAG1,HZGHC003911c003,Human PRKAG1 4bp deletion knockout cell line
PRKAG1,HZGHC003911c004,Human PRKAG1 2bp insertion knockout cell line
PRKAG1,HZGHC003911c008,Human PRKAG1 10bp deletion knockout cell line
PRKAG1,HZGHC003911c009,Human PRKAG1 2bp deletion knockout cell line
PRKAG2,HZGHC003912c004,Human PRKAG2 2bp insertion knockout cell line
PRKAG2,HZGHC003912c011,Human PRKAG2 1bp insertion knockout cell line
ADIPOR2,HZGHC003913c002,Human ADIPOR2 5bp deletion knockout cell line
ADIPOR2,HZGHC003913c006,Human ADIPOR2 1bp insertion knockout cell line
ADIPOR1,HZGHC003914c001,Human ADIPOR1 1bp insertion knockout cell line
ADIPOR1,HZGHC003914c003,Human ADIPOR1 2bp deletion knockout cell line
ADIPOR1,HZGHC003914c011,Human ADIPOR1 5bp deletion knockout cell line
ADIPOR1,HZGHC003914c012,Human ADIPOR1 4bp deletion knockout cell line
IL11RA,HZGHC003917c005,Human IL11RA 10bp deletion knockout cell line
IL11RA,HZGHC003917c006,Human IL11RA 23bp deletion knockout cell line
MAP2,HZGHC003927c006,Human MAP2 5bp deletion knockout cell line
MAP2,HZGHC003927c012,Human MAP2 2bp deletion knockout cell line
FOLH1,HZGHC003929c012,Human FOLH1 7bp deletion knockout cell line
PRLR,HZGHC003937c006,Human PRLR 25bp deletion knockout cell line
PRLR,HZGHC003937c011,Human PRLR 11bp deletion knockout cell line
QSOX1,HZGHC003945c004,Human QSOX1 2bp deletion knockout cell line
QSOX1,HZGHC003945c010,Human QSOX1 2bp insertion knockout cell line
MB21D1,HZGHC003946c003,Human MB21D1 2bp deletion knockout cell line
MB21D1,HZGHC003946c007,Human MB21D1 7bp deletion knockout cell line
PTPN11,HZGHC003949c003,Human PTPN11 2bp deletion knockout cell line
FGFR1,HZGHC003952c004,Human FGFR1 8bp deletion knockout cell line
FGFR1,HZGHC003952c011,Human FGFR1 2bp deletion knockout cell line
USP42,HZGHC003959c002,Human USP42 8bp deletion knockout cell line
USP42,HZGHC003959c010,Human USP42 5bp deletion knockout cell line
UCHL1,HZGHC003960c004,Human UCHL1 11bp deletion knockout cell line
UCHL1,HZGHC003960c010,Human UCHL1 1bp insertion knockout cell line
MADD,HZGHC003962c004,Human MADD 20bp deletion knockout cell line
MADD,HZGHC003962c010,Human MADD 2bp deletion knockout cell line
ZNF74,HZGHC003963c009,Human ZNF74 10bp deletion knockout cell line
ZNF74,HZGHC003963c010,Human ZNF74 5bp deletion knockout cell line
ZNF91,HZGHC003965c005,Human ZNF91 1bp insertion knockout cell line
ZNF91,HZGHC003965c008,Human ZNF91 5bp deletion knockout cell line
ZNF91,HZGHC003965c009,Human ZNF91 1bp deletion knockout cell line
ZNF777,HZGHC003968c005,Human ZNF777 10bp deletion knockout cell line
ZNF777,HZGHC003968c010,Human ZNF777 34bp deletion knockout cell line
C11ORF30,HZGHC003974c006,Human C11orf30 5bp deletion knockout cell line
C11ORF30,HZGHC003974c012,Human C11orf30 8bp deletion knockout cell line
ZNF746,HZGHC003975c005,Human ZNF746 47bp deletion knockout cell line
LDLR,HZGHC003978c019,HAP1 LDLR (-)
HNRNPDL,HZGHC003981c010,Human HNRNPDL 1bp deletion knockout cell line
HNRNPDL,HZGHC003981c011,Human HNRNPDL 2bp deletion knockout cell line
HNRNPDL,HZGHC003981c012,Human HNRNPDL 2bp deletion knockout cell line
CDH3,HZGHC003983c004,Human CDH3 10bp deletion knockout cell line
CDH3,HZGHC003983c005,Human CDH3 8bp deletion knockout cell line
PLP2,HZGHC003989c004,Human PLP2 7bp deletion knockout cell line
PLP2,HZGHC003989c007,Human PLP2 8bp deletion knockout cell line
FANCC,HZGHC003995c001,"Human CHAMP1, FANCC multiple knockout cell line"
FANCC,HZGHC003995c008,"Human CHAMP1, FANCC multiple knockout cell line"
REV1,HZGHC003996c003,"Human CHAMP1, REV1 multiple knockout cell line"
REV1,HZGHC003996c010,"Human CHAMP1, REV1 multiple knockout cell line"
ZBTB24,HZGHC003997c003,Human ZBTB24 1bp insertion knockout cell line
ZBTB24,HZGHC003997c010,Human ZBTB24 1bp insertion knockout cell line
ZBTB24,HZGHC003997c011,Human ZBTB24 1bp insertion knockout cell line
CDCA7,HZGHC004000c001,Human CDCA7 5bp deletion knockout cell line
CDCA7,HZGHC004000c012,Human CDCA7 7bp deletion knockout cell line
NAT9,HZGHC004002c008,Human NAT9 1bp insertion knockout cell line
NAT9,HZGHC004002c010,Human NAT9 1bp insertion knockout cell line
NAT14,HZGHC004003c007,Human NAT14 7bp deletion knockout cell line
NAT14,HZGHC004003c010,Human NAT14 1bp insertion knockout cell line
NAT14,HZGHC004004c006,Human NAT14 134bp deletion knockout cell line
C17ORF103,HZGHC004005c005,Human C17orf103 8bp deletion knockout cell line
C17ORF103,HZGHC004005c010,Human C17orf103 1bp insertion knockout cell line
ASPSCR1,HZGHC004012c002,Human ASPSCR1 11bp deletion knockout cell line
ASPSCR1,HZGHC004012c007,Human ASPSCR1 14bp deletion knockout cell line
CDKN1A,HZGHC004015c009,Human CDKN1A 16bp deletion knockout cell line
CDKN1A,HZGHC004015c010,Human CDKN1A 1bp insertion knockout cell line
PRDX1,HZGHC004016c001,Human PRDX1 1bp insertion knockout cell line
PRDX1,HZGHC004016c003,Human PRDX1 2bp deletion knockout cell line
PRDX1,HZGHC004016c010,Human PRDX1 1bp deletion knockout cell line
BRCC3,HZGHC004018c012,Human BRCC3 1bp deletion knockout cell line
MAP3K1,HZGHC004019c002,Human MAP3K1 1bp insertion knockout cell line
MAP3K1,HZGHC004019c009,Human MAP3K1 10bp deletion knockout cell line
LRP5,HZGHC004020c009,Human LRP5 23bp deletion knockout cell line
SLC39A8,HZGHC004021c006,Human SLC39A8 2bp insertion knockout cell line
SLC39A8,HZGHC004021c011,Human SLC39A8 8bp deletion knockout cell line
PRDX1,HZGHC004022c005,Human PRDX1 5bp deletion knockout cell line
PRDX1,HZGHC004022c010,Human PRDX1 11bp deletion knockout cell line
TAZ,HZGHC004024c008,Human TAZ 4bp deletion knockout cell line
TAZ,HZGHC004024c009,Human TAZ 5bp deletion knockout cell line
TRAPPC11,HZGHC004025c010,Human TRAPPC11 4bp insertion knockout cell line
TRAPPC11,HZGHC004025c011,Human TRAPPC11 4bp insertion knockout cell line
CCDC53,HZGHC004026c001,Human CCDC53 1bp insertion knockout cell line
CCDC53,HZGHC004026c008,Human CCDC53 5bp deletion knockout cell line
IQSEC1,HZGHC004028c001,Human IQSEC1 2bp deletion knockout cell line
IQSEC1,HZGHC004028c007,Human IQSEC1 16bp deletion knockout cell line
GPR137,HZGHC004029c002,Human GPR137 1bp deletion knockout cell line
WDR37,HZGHC004030c011,Human WDR37 2bp insertion knockout cell line
GRN,HZGHC004031c006,Human GRN 10bp deletion knockout cell line
GRN,HZGHC004031c009,Human GRN 2bp insertion knockout cell line
ASXL1,HZGHC004032c010,Human ASXL1 2bp deletion knockout cell line
ASXL1,HZGHC004032c012,Human ASXL1 4bp deletion knockout cell line
WDR73,HZGHC004033c004,"Human WHAMM, WDR73 multiple knockout cell line"
ERCC5,HZGHC004035c002,Human BIVM-ERCC5 17bp deletion knockout cell line
ERCC5,HZGHC004035c006,Human BIVM-ERCC5 11bp deletion knockout cell line
ZNF589,HZGHC004037c003,Human ZNF589 23bp deletion knockout cell line
ZNF589,HZGHC004037c008,Human ZNF589 7bp deletion knockout cell line
GHITM,HZGHC004039c011,Human GHITM 10bp deletion knockout cell line
GHITM,HZGHC004040c002,Human GHITM 32bp deletion knockout cell line
GHITM,HZGHC004040c010,Human GHITM 7bp deletion knockout cell line
TMBIM6,HZGHC004041c001,Human TMBIM6 1bp deletion knockout cell line
TMBIM6,HZGHC004041c003,Human TMBIM6 8bp deletion knockout cell line
TMBIM6,HZGHC004041c011,Human TMBIM6 1bp insertion knockout cell line
TMBIM6,HZGHC004042c005,Human TMBIM6 2bp deletion knockout cell line
TMBIM6,HZGHC004042c006,Human TMBIM6 2bp insertion knockout cell line
BCL9,HZGHC004044c006,Human BCL9 2bp deletion knockout cell line
BCL9,HZGHC004044c008,Human BCL9 11bp deletion knockout cell line
ASPH,HZGHC004045c006,Human ASPH 10bp deletion knockout cell line
ASPH,HZGHC004045c010,Human ASPH 70bp deletion knockout cell line
PRDX3,HZGHC004049c001,Human PRDX3 1bp insertion knockout cell line
PRDX3,HZGHC004049c011,Human PRDX3 1bp insertion knockout cell line
CSNK2A1,HZGHC004051c002,Human CSNK2A1 5bp deletion knockout cell line
CSNK2A1,HZGHC004051c003,Human CSNK2A1 2bp deletion knockout cell line
SLC11A2,HZGHC004052c003,Human SLC11A2 8bp deletion knockout cell line
SLC11A2,HZGHC004052c004,Human SLC11A2 17bp deletion knockout cell line
DDR2,HZGHC004053c010,Human DDR2 20bp deletion knockout cell line
DDR2,HZGHC004053c011,Human DDR2 13bp deletion knockout cell line
SMARCA2,HZGHC004055c008,Human SMARCA2 8bp deletion knockout cell line
SMARCA2,HZGHC004055c012,Human SMARCA2 10bp deletion knockout cell line
TMEM177,HZGHC004057c011,Human TMEM177 19bp deletion knockout cell line
TMEM177,HZGHC004057c012,Human TMEM177 4bp deletion knockout cell line
MPDU1,HZGHC004060c001,Human MPDU1 7bp deletion knockout cell line
MPDU1,HZGHC004060c012,Human MPDU1 13bp deletion knockout cell line
ALG12,HZGHC004061c006,Human ALG12 26bp deletion knockout cell line
ALG9,HZGHC004062c010,Human ALG9 5bp deletion knockout cell line
ALG9,HZGHC004062c012,Human ALG9 2bp deletion knockout cell line
ATP6V0A2,HZGHC004063c003,Human ATP6V0A2 2bp deletion knockout cell line
ATP6V0A2,HZGHC004063c008,Human ATP6V0A2 5bp deletion knockout cell line
326F20,HZGHC004065c012,Human RP11-326F20.5 2bp insertion knockout cell line
B4GALT7,HZGHC004066c001,Human B4GALT7 100bp deletion knockout cell line
B4GALT7,HZGHC004066c011,Human B4GALT7 2bp deletion knockout cell line
C1GALT1C1,HZGHC004067c003,Human C1GALT1C1 17bp deletion knockout cell line
C1GALT1C1,HZGHC004067c008,Human C1GALT1C1 7bp deletion knockout cell line
EXT1,HZGHC004069c001,Human EXT1 11bp deletion knockout cell line
EXT1,HZGHC004069c008,Human EXT1 16bp deletion knockout cell line
EXT2,HZGHC004070c010,Human EXT2 2bp deletion knockout cell line
EXT2,HZGHC004070c011,Human EXT2 5bp deletion knockout cell line
GLS,HZGHC004071c005,Human GLS 2bp insertion knockout cell line
GLS,HZGHC004071c007,Human GLS 2bp insertion knockout cell line
MGAT2,HZGHC004072c003,Human MGAT2 2bp insertion knockout cell line
MGAT2,HZGHC004072c005,Human MGAT2 14bp deletion knockout cell line
PIGM,HZGHC004074c001,Human PIGM 1bp insertion knockout cell line
ST3GAL5,HZGHC004075c001,Human ST3GAL5 2bp deletion knockout cell line
ST3GAL5,HZGHC004075c009,Human ST3GAL5 14bp deletion knockout cell line
TUSC3,HZGHC004076c007,Human TUSC3 28bp deletion knockout cell line
BAG4,HZGHC004077c005,Human BAG4 67bp deletion knockout cell line
TOMM7,HZGHC004079c005,Human TOMM7 8bp deletion knockout cell line
TOMM7,HZGHC004079c006,Human TOMM7 8bp deletion knockout cell line
ACVR2A,HZGHC004080c001,Human ACVR2A 2bp deletion knockout cell line
ACVR2A,HZGHC004080c005,Human ACVR2A 16bp deletion knockout cell line
CD46,HZGHC004081c006,Human CD46 10bp deletion knockout cell line
CD46,HZGHC004081c011,Human CD46 1bp insertion knockout cell line
TMEM150C,HZGHC004084c004,"Human TMEM150A, TMEM150C multiple knockout cell line"
TMEM150C,HZGHC004084c006,"Human TMEM150A, TMEM150C multiple knockout cell line"
UBQLN1,HZGHC004088c002,Human UBQLN1 172bp deletion knockout cell line
UBQLN1,HZGHC004088c009,Human UBQLN1 1bp deletion knockout cell line
UBQLN2,HZGHC004089c001,Human UBQLN2 7bp deletion knockout cell line
UBQLN2,HZGHC004089c007,Human UBQLN2 4bp deletion knockout cell line
TRIM4,HZGHC004093c001,Human TRIM4 11bp deletion knockout cell line
TRIM4,HZGHC004093c012,Human TRIM4 2bp deletion knockout cell line
H3F3B,HZGHC004094c001,Human H3F3B 1bp deletion knockout cell line
H3F3B,HZGHC004094c008,Human H3F3B 4bp deletion knockout cell line
SIRT1,HZGHC004099c002,Human SIRT1 10bp deletion knockout cell line
PRKD2,HZGHC004104c009,"Human PRKD1, PRKD2 multiple knockout cell line"
PPP1R1A,HZGHC004105c001,Human PPP1R1A 5bp deletion knockout cell line
PPP1R1A,HZGHC004105c003,Human PPP1R1A 1bp insertion knockout cell line
PPP1R1A,HZGHC004105c005,Human PPP1R1A 1bp deletion knockout cell line
HDAC6,HZGHC004106c005,Human HDAC6 10bp deletion knockout cell line
HDAC6,HZGHC004106c010,Human HDAC6 11bp deletion knockout cell line
GBA2,HZGHC004109c001,Human GBA2 5bp deletion knockout cell line
GBA2,HZGHC004109c002,Human GBA2 1bp insertion knockout cell line
GBA2,HZGHC004109c011,Human GBA2 1bp insertion knockout cell line
CRELD1,HZGHC004111c004,Human CRELD1 22bp deletion knockout cell line
CRELD1,HZGHC004111c009,Human CRELD1 14bp deletion knockout cell line
POLE4,HZGHC004113c006,Human POLE4 35bp deletion knockout cell line
CASC3,HZGHC004114c002,Human CASC3 2bp deletion knockout cell line
CASC3,HZGHC004114c010,Human CASC3 1bp insertion knockout cell line
CASC3,HZGHC004114c012,Human CASC3 1bp deletion knockout cell line
MAP3K8,HZGHC004116c002,Human MAP3K8 35bp deletion knockout cell line
MAP3K8,HZGHC004116c012,Human MAP3K8 2bp deletion knockout cell line
PPARD,HZGHC004117c004,Human PPARD 5bp deletion knockout cell line
PPARD,HZGHC004117c011,Human PPARD 4bp deletion knockout cell line
HDAC1,HZGHC004120c002,Human HDAC1 8bp deletion knockout cell line
HDAC1,HZGHC004120c004,Human HDAC1 1bp insertion knockout cell line
UBAC2,HZGHC004123c006,Human UBAC2 2bp deletion knockout cell line
UBAC2,HZGHC004124c008,Human UBAC2 10bp deletion knockout cell line
UBAC2,HZGHC004124c009,Human UBAC2 121bp insertion knockout cell line
RABGAP1,HZGHC004125c011,Human RABGAP1 4bp deletion knockout cell line
GPATCH2,HZGHC004130c003,Human GPATCH2 142bp deletion knockout cell line
GPATCH2,HZGHC004130c006,Human GPATCH2 10bp deletion knockout cell line
BUB1,HZGHC004132c001,Human BUB1 7bp deletion knockout cell line
BUB1,HZGHC004132c004,Human BUB1 10bp deletion knockout cell line
KDM6A,HZGHC004134c001,Human KDM6A 1bp insertion knockout cell line
KDM6A,HZGHC004134c011,Human KDM6A 1bp deletion knockout cell line
PDXK,HZGHC004144c003,Human PDXK 1bp insertion knockout cell line
TMEM150A,HZGHC004145c001,"Human TMEM150C, TMEM150A multiple knockout cell line"
TMEM150A,HZGHC004145c012,"Human TMEM150C, TMEM150A multiple knockout cell line"
MKNK1,HZGHC004146c007,"Human MKNK2, MKNK1 multiple knockout cell line"
MKNK1,HZGHC004146c012,"Human MKNK2, MKNK1 multiple knockout cell line"
ITPR2,HZGHC004149c002,"Human ITPR1, ITPR2 multiple knockout cell line"
ITPR2,HZGHC004149c007,"Human ITPR1, ITPR2 multiple knockout cell line"
ITPR2,HZGHC004149c011,"Human ITPR1, ITPR2 multiple knockout cell line"
ITPR2,HZGHC004150c008,"Human ITPR3, ITPR2 multiple knockout cell line"
ITPR2,HZGHC004150c010,"Human ITPR3, ITPR2 multiple knockout cell line"
ITPR3,HZGHC004151c004,"Human ITPR1, ITPR3 multiple knockout cell line"
ITPR3,HZGHC004151c005,"Human ITPR1, ITPR3 multiple knockout cell line"
ITPR3,HZGHC004152c004,"Human ITPR2, ITPR3 multiple knockout cell line"
ITPR3,HZGHC004152c012,"Human ITPR2, ITPR3 multiple knockout cell line"
KDM3A,HZGHC004156c010,Human KDM3A 4bp deletion knockout cell line
KDM3A,HZGHC004156c012,Human KDM3A 10bp deletion knockout cell line
KDM4B,HZGHC004158c004,Human KDM4B 118bp deletion knockout cell line
KDM4B,HZGHC004158c008,Human KDM4B 79bp deletion knockout cell line
KDM4C,HZGHC004161c004,Human KDM4C 2bp deletion knockout cell line
KDM5B,HZGHC004164c008,Human KDM5B 1bp deletion knockout cell line
KDM5B,HZGHC004164c011,Human KDM5B 1bp insertion knockout cell line
JMJD1C,HZGHC004168c002,Human JMJD1C 1bp deletion knockout cell line
JMJD1C,HZGHC004168c006,Human JMJD1C 1bp insertion knockout cell line
PHF2,HZGHC004169c007,Human PHF2 1bp insertion knockout cell line
PHF2,HZGHC004169c009,Human PHF2 25bp deletion knockout cell line
PHF8,HZGHC004171c002,Human PHF8 2bp deletion knockout cell line
PHF8,HZGHC004171c010,Human PHF8 4bp deletion knockout cell line
OXLD1,HZGHC004174c008,Human OXLD1 8bp deletion knockout cell line
ATP5I,HZGHC004183c008,Human ATP5I 5bp deletion knockout cell line
ATP5I,HZGHC004183c012,Human ATP5I 11bp deletion knockout cell line
PPIF,HZGHC004184c004,Human PPIF 1bp insertion knockout cell line
PPIF,HZGHC004185c012,Human PPIF 37bp deletion knockout cell line
TOX3,HZGHC004187c004,Human TOX3 34bp deletion knockout cell line
TOX3,HZGHC004187c011,Human TOX3 2bp deletion knockout cell line
RCAN1,HZGHC004188c010,Human RCAN1 4bp deletion knockout cell line
SPRED2,HZGHC004189c003,Human SPRED2 4bp deletion knockout cell line
SPRED2,HZGHC004189c012,Human SPRED2 1bp insertion knockout cell line
PIP4K2C,HZGHC004190c004,Human PIP4K2C 1bp insertion knockout cell line
IL6ST,HZGHC004191c007,Human IL6ST 5bp deletion knockout cell line
IL6ST,HZGHC004191c008,Human IL6ST 1bp insertion knockout cell line
CD58,HZGHC004192c004,Human CD58 16bp deletion knockout cell line
CD58,HZGHC004192c010,Human CD58 8bp deletion knockout cell line
GAA,HZGHC004204c004,Human GAA 2bp insertion knockout cell line
PALM,HZGHC004206c012,Human PALM 10bp deletion knockout cell line
PRPF40B,HZGHC004209c007,Human PRPF40B 1bp insertion knockout cell line
ESYT1,HZGHC004211c011,"Human ESYT2, ESYT1 multiple knockout cell line"
ESYT1,HZGHC004211c012,"Human ESYT2, ESYT1 multiple knockout cell line"
ESYT2,HZGHC004212c003,"Human ESYT1, ESYT2 multiple knockout cell line"
ESYT2,HZGHC004212c012,"Human ESYT1, ESYT2 multiple knockout cell line"
IQSEC1,HZGHC004214c001,"Human IQSEC2, IQSEC1 multiple knockout cell line"
IQSEC1,HZGHC004214c011,"Human IQSEC2, IQSEC1 multiple knockout cell line"
IQSEC1,HZGHC004214c012,"Human IQSEC2, IQSEC1 multiple knockout cell line"
IQSEC1,HZGHC004215c001,"Human IQSEC2, IQSEC1 multiple knockout cell line"
SMARCA4,HZGHC004218c005,Human SMARCA4 22bp deletion knockout cell line
ADIPOR1,HZGHC004219c005,"Human ADIPOR2, ADIPOR1 multiple knockout cell line"
ADIPOR1,HZGHC004219c012,"Human ADIPOR2, ADIPOR1 multiple knockout cell line"
ADIPOR2,HZGHC004220c001,"Human ADIPOR1, ADIPOR2 multiple knockout cell line"
NRBP1,HZGHC004221c009,Human NRBP1 8bp deletion knockout cell line
MAPK7,HZGHC004222c004,Human MAPK7 1bp insertion knockout cell line
MAPK7,HZGHC004222c008,Human MAPK7 13bp deletion knockout cell line
KIF2A,HZGHC004223c009,Human KIF2A 32bp deletion knockout cell line
KIF2A,HZGHC004223c012,Human KIF2A 5bp deletion knockout cell line
KIF4A,HZGHC004224c006,Human KIF4A 11bp deletion knockout cell line
KIF4A,HZGHC004224c012,Human KIF4A 8bp deletion knockout cell line
KIF2C,HZGHC004225c008,Human KIF2C 5bp deletion knockout cell line
KIF2C,HZGHC004225c012,Human KIF2C 2bp deletion knockout cell line
KIFC1,HZGHC004226c003,Human KIFC1 8bp deletion knockout cell line
KIFC1,HZGHC004226c006,Human KIFC1 5bp deletion knockout cell line
NDUFA2,HZGHC004228c001,Human NDUFA2 17bp deletion knockout cell line
NDUFA2,HZGHC004228c008,Human NDUFA2 2bp insertion knockout cell line
FANCA,HZGHC004231c005,Human FANCA 2bp deletion knockout cell line
ADORA2B,HZGHC004232c001,Human ADORA2B 2bp deletion knockout cell line
PLGRKT,HZGHC004234c010,Human PLGRKT 2bp deletion knockout cell line
PLGRKT,HZGHC004234c011,Human PLGRKT 5bp deletion knockout cell line
XPR1,HZGHC004238c006,Human XPR1 2bp deletion knockout cell line
XPR1,HZGHC004238c008,Human XPR1 2bp deletion knockout cell line
ZFYVE1,HZGHC004239c005,Human ZFYVE1 22bp deletion knockout cell line
SPIRE1,HZGHC004243c005,Human SPIRE1 86bp deletion knockout cell line
INF2,HZGHC004246c012,Human INF2 17bp deletion knockout cell line
N6AMT2,HZGHC004249c001,Human N6AMT2 1bp insertion knockout cell line
RNF111,HZGHC004250c003,Human RNF111 1bp deletion knockout cell line
RNF111,HZGHC004250c009,Human RNF111 1bp insertion knockout cell line
ZCCHC4,HZGHC004252c007,Human ZCCHC4 19bp deletion knockout cell line
ZCCHC4,HZGHC004252c009,Human ZCCHC4 4bp deletion knockout cell line
ZCCHC4,HZGHC004253c004,Human ZCCHC4 7bp deletion knockout cell line
ZCCHC4,HZGHC004253c012,Human ZCCHC4 13bp deletion knockout cell line
RLIM,HZGHC004255c001,Human RLIM 1bp insertion knockout cell line
RLIM,HZGHC004255c004,Human RLIM 1bp insertion knockout cell line
GPR137B,HZGHC004259c003,Human GPR137B 11bp deletion knockout cell line
CDH3,HZGHC004260c002,Human CDH3 80bp deletion knockout cell line
CDH3,HZGHC004260c003,Human CDH3 5bp deletion knockout cell line
KCNK1,HZGHC004276c001,Human KCNK1 11bp deletion knockout cell line
BCL7B,HZGHC004278c003,Human BCL7B 1bp deletion knockout cell line
BCL7B,HZGHC004278c008,Human BCL7B 7bp deletion knockout cell line
BCL7B,HZGHC004278c010,Human BCL7B 1bp insertion knockout cell line
PRPS1,HZGHC004289c002,Human PRPS1 5bp deletion knockout cell line
PRPS1,HZGHC004289c007,Human PRPS1 7bp deletion knockout cell line
APRT,HZGHC004290c003,Human APRT 4bp deletion knockout cell line
APRT,HZGHC004290c006,Human APRT 2bp deletion knockout cell line
CD46,HZGHC004295c009,Human CD46 4bp deletion knockout cell line
CD46,HZGHC004295c011,Human CD46 5bp deletion knockout cell line
CD46,HZGHC004295c012,Human CD46 1bp deletion knockout cell line
CD46,HZGHC004296c005,Human CD46 1bp insertion knockout cell line
CD46,HZGHC004296c007,Human CD46 1bp insertion knockout cell line
CD81,HZGHC004297c001,Human CD81 1bp insertion knockout cell line
CD81,HZGHC004297c005,Human CD81 2bp deletion knockout cell line
CD81,HZGHC004297c008,Human CD81 1bp deletion knockout cell line
CD81,HZGHC004297c009,Human CD81 92bp deletion knockout cell line
CD81,HZGHC004298c002,Human CD81 1bp insertion knockout cell line
MSH2,HZGHC004302c002,Human MSH2 1bp insertion knockout cell line
MSH2,HZGHC004302c006,Human MSH2 7bp deletion knockout cell line
MSH2,HZGHC004302c010,Human MSH2 1bp insertion knockout cell line
VAPB,HZGHC004304c002,"Human VAPA, VAPB multiple knockout cell line"
NEIL3,HZGHC004305c006,"""Human NTHL1, NEIL3, NEIL2, NEIL1 multiple knockout cell lin"
NEIL3,HZGHC004305c008,"""Human NTHL1, NEIL3, NEIL2, NEIL1 multiple knockout cell lin"
NEIL3,HZGHC004306c002,"""Human NTHL1, NEIL3, NEIL2, NEIL1 multiple knockout cell lin"
NEIL3,HZGHC004306c010,"""Human NTHL1, NEIL3, NEIL2, NEIL1 multiple knockout cell lin"
FAM91A1,HZGHC004315c011,Human FAM91A1 10bp deletion knockout cell line
FAM91A1,HZGHC004315c012,Human FAM91A1 4bp deletion knockout cell line
NMT1,HZGHC004318c001,Human NMT1 1bp insertion knockout cell line
NMT1,HZGHC004318c007,Human NMT1 2bp insertion knockout cell line
PAPSS2,HZGHC004332c002,Human PAPSS2 1bp deletion knockout cell line
PAPSS2,HZGHC004332c004,Human PAPSS2 22bp deletion knockout cell line
PAPSS2,HZGHC004332c012,Human PAPSS2 1bp insertion knockout cell line
INF2,HZGHC004333c007,Human INF2 10bp deletion knockout cell line
INF2,HZGHC004333c008,Human INF2 11bp deletion knockout cell line
SPIRE1C,HZGHC004334c002,Human  82bp deletion knockout cell line
B4GALNT3,HZGHC004336c006,Human B4GALNT3 7bp deletion knockout cell line
B4GALNT3,HZGHC004336c011,Human B4GALNT3 4bp deletion knockout cell line
B4GALNT4,HZGHC004337c004,Human B4GALNT4 143bp deletion knockout cell line
B4GALNT4,HZGHC004337c006,Human B4GALNT4 2bp deletion knockout cell line
METTL9,HZGHC004343c005,Human METTL9 28bp deletion knockout cell line
METTL9,HZGHC004343c010,Human METTL9 8bp deletion knockout cell line
RTN4,HZGHC004345c003,Human RTN4 5bp deletion knockout cell line
RTN4,HZGHC004345c005,Human RTN4 67bp deletion knockout cell line
RTN4,HZGHC004346c012,Human RTN4 67bp deletion knockout cell line
BIN1,HZGHC004348c005,Human BIN1 5bp deletion knockout cell line
IFITM1,HZGHC004350c009,Human IFITM1 11bp deletion knockout cell line
IFITM1,HZGHC004350c010,Human IFITM1 2bp insertion knockout cell line
IFITM2,HZGHC004353c001,Human IFITM2 20bp deletion knockout cell line
IFITM2,HZGHC004353c006,Human IFITM2 8bp deletion knockout cell line
APOBEC3C,HZGHC004360c008,Human APOBEC3C 4bp deletion knockout cell line
APOBEC3C,HZGHC004360c011,Human APOBEC3C 10bp deletion knockout cell line
TRMT2B,HZGHC004364c004,Human TRMT2B 16bp deletion knockout cell line
TRMT2B,HZGHC004364c006,Human TRMT2B 1bp deletion knockout cell line
TRMT2B,HZGHC004364c008,Human TRMT2B 1bp insertion knockout cell line
KDM5A,HZGHC004366c001,Human KDM5A 2bp deletion knockout cell line
KDM5A,HZGHC004366c006,Human KDM5A 17bp deletion knockout cell line
TIPRL,HZGHC004369c002,Human TIPRL 4bp insertion knockout cell line
CCDC6,HZGHC004371c006,Human CCDC6 56bp deletion knockout cell line
CCDC6,HZGHC004372c003,Human CCDC6 1bp insertion knockout cell line
LCMT1,HZGHC004373c001,Human LCMT1 7bp deletion knockout cell line
LCMT1,HZGHC004373c012,Human LCMT1 7bp deletion knockout cell line
LCMT1,HZGHC004374c006,Human LCMT1 4bp deletion knockout cell line
C9ORF142,HZGHC004376c005,Human C9orf142 1bp insertion knockout cell line
C9ORF142,HZGHC004376c006,Human C9orf142 2bp deletion knockout cell line
WDR76,HZGHC004377c007,Human WDR76 4bp deletion knockout cell line
WDR76,HZGHC004377c011,Human WDR76 10bp deletion knockout cell line
UBQLN1,HZGHC004379c007,"Human UBQLN2, UBQLN1 multiple knockout cell line"
UBQLN1,HZGHC004379c010,"Human UBQLN2, UBQLN1 multiple knockout cell line"
AR,HZGHC004384c005,Human AR 2bp deletion knockout cell line
AR,HZGHC004384c008,Human AR 1bp insertion knockout cell line
CD63,HZGHC004386c003,Human CD63 2bp deletion knockout cell line
INO80E,HZGHC004389c002,Human INO80E 11bp deletion knockout cell line
INO80E,HZGHC004390c001,Human INO80E 170bp deletion knockout cell line
PWWP2B,HZGHC004391c010,Human PWWP2B 5bp deletion knockout cell line
PWWP2B,HZGHC004392c001,Human PWWP2B 38bp deletion knockout cell line
B3GALTL,HZGHC004393c001,Human B3GALTL 1bp insertion knockout cell line
B3GALTL,HZGHC004393c005,Human B3GALTL 1bp deletion knockout cell line
TOM1,HZGHC004405c003,Human TOM1 1bp deletion knockout cell line
TOM1,HZGHC004405c006,Human TOM1 1bp insertion knockout cell line
TOM1,HZGHC004405c012,Human TOM1 7bp deletion knockout cell line
TOM1,HZGHC004406c009,Human TOM1 13bp deletion knockout cell line
FAM111A,HZGHC004409c008,Human FAM111A 11bp deletion knockout cell line
FAM111A,HZGHC004409c010,Human FAM111A 7bp deletion knockout cell line
FAM111A,HZGHC004410c010,Human FAM111A 1bp insertion knockout cell line
IRF2,HZGHC004411c001,Human IRF2 1bp deletion knockout cell line
IRF2,HZGHC004412c008,Human IRF2 1bp insertion knockout cell line
IRF2,HZGHC004412c010,Human IRF2 2bp deletion knockout cell line
POLDIP2,HZGHC004414c001,Human POLDIP2 1bp insertion knockout cell line
POLDIP2,HZGHC004414c008,Human POLDIP2 2bp insertion knockout cell line
INF2,HZGHC004415c001,"Human SPIRE1, INF2 multiple knockout cell line"
INF2,HZGHC004415c012,"Human SPIRE1, INF2 multiple knockout cell line"
NEDD4,HZGHC004416c002,Human NEDD4 2bp insertion knockout cell line
NEDD4,HZGHC004416c007,Human NEDD4 7bp deletion knockout cell line
PTCH1,HZGHC004419c010,Human PTCH1 94bp deletion knockout cell line
PTPN3,HZGHC004424c004,Human PTPN3 4bp deletion knockout cell line
PTPN3,HZGHC004424c008,Human PTPN3 1bp deletion knockout cell line
OGT,HZGHC004426c001,Human  7bp deletion knockout cell line
OGT,HZGHC004426c002,Human  16bp deletion knockout cell line
OGT,HZGHC004426c006,Human  1bp deletion knockout cell line
SDC2,HZGHC004431c002,Human SDC2 10bp deletion knockout cell line
SDC2,HZGHC004431c005,Human SDC2 10bp deletion knockout cell line
SDC2,HZGHC004432c003,Human SDC2 11bp deletion knockout cell line
SDC2,HZGHC004432c009,Human SDC2 7bp deletion knockout cell line
PFKFB3,HZGHC004434c009,Human PFKFB3 13bp deletion knockout cell line
PFKFB3,HZGHC004434c010,Human PFKFB3 2bp insertion knockout cell line
HLTF,HZGHC004435c003,Human HLTF 2bp deletion knockout cell line
HLTF,HZGHC004435c010,Human HLTF 2bp deletion knockout cell line
HLTF,HZGHC004436c009,Human HLTF 1bp insertion knockout cell line
UBQLN2,HZGHC004438c002,"Human UBQLN1, UBQLN2 multiple knockout cell line"
DAXX,HZGHC004446c010,Human DAXX 2bp deletion knockout cell line
EMC6,HZGHC004449c005,Human EMC6 1bp deletion knockout cell line
EMC6,HZGHC004449c007,Human EMC6 32bp deletion knockout cell line
APAF1,HZGHC004466c001,Human APAF1 2bp deletion knockout cell line
APAF1,HZGHC004466c012,Human APAF1 4bp deletion knockout cell line
APAF1,HZGHC004467c005,Human APAF1 1bp insertion knockout cell line
APAF1,HZGHC004467c011,Human APAF1 2bp deletion knockout cell line
PRIMPOL,HZGHC004469c008,Human PRIMPOL 2bp deletion knockout cell line
PRIMPOL,HZGHC004469c012,Human PRIMPOL 20bp deletion knockout cell line
TK1,HZGHC004471c004,Human TK1 19bp deletion knockout cell line
TK1,HZGHC004471c012,Human TK1 68bp deletion knockout cell line
DNAJA1,HZGHC004473c007,Human DNAJA1 2bp deletion knockout cell line
EZH2,HZGHC004488c006,Human EZH2 13bp deletion knockout cell line
EZH2,HZGHC004488c010,Human EZH2 17bp deletion knockout cell line
GPR137,HZGHC004496c002,"Human GPR137B, GPR137 multiple knockout cell line"
GPR137,HZGHC004496c012,"Human GPR137B, GPR137 multiple knockout cell line"
GPR137B,HZGHC004497c010,"Human GPR137, GPR137B multiple knockout cell line"
GPR137B,HZGHC004497c011,"Human GPR137, GPR137B multiple knockout cell line"
VAV2,HZGHC004498c002,Human VAV2 8bp deletion knockout cell line
VAV2,HZGHC004498c012,Human VAV2 14bp deletion knockout cell line
VAV2,HZGHC004499c003,Human VAV2 20bp deletion knockout cell line
VAV2,HZGHC004499c011,Human VAV2 1bp insertion knockout cell line
RFX5,HZGHC004500c001,Human RFX5 2bp deletion knockout cell line
RFX5,HZGHC004500c002,Human RFX5 19bp deletion knockout cell line
GABARAPL1,HZGHC004507c002,"Human GABARAPL2, GABARAPL1 multiple knockout cell line"
GABARAPL1,HZGHC004507c012,"Human GABARAPL2, GABARAPL1 multiple knockout cell line"
SLC1A5,HZGHC004512c005,Human SLC1A5 5bp deletion knockout cell line
SLC1A5,HZGHC004512c006,Human SLC1A5 8bp deletion knockout cell line
RECQL,HZGHC004513c004,Human RECQL 11bp deletion knockout cell line
RECQL,HZGHC004513c008,Human RECQL 5bp deletion knockout cell line
RECQL,HZGHC004514c006,Human RECQL 2bp insertion knockout cell line
RECQL,HZGHC004514c010,Human RECQL 8bp deletion knockout cell line
STAT3,HZGHC004516c002,Human STAT3 8bp deletion knockout cell line
STAT3,HZGHC004516c003,Human STAT3 1bp insertion knockout cell line
SLC40A1,HZGHC004521c010,Human SLC40A1 13bp deletion knockout cell line
GBA,HZGHC004523c001,Human GBA 1bp insertion knockout cell line
SLC9A6,HZGHC004524c003,Human SLC9A6 4bp deletion knockout cell line
SLC9A6,HZGHC004524c006,Human SLC9A6 1bp insertion knockout cell line
SLC9A6,HZGHC004524c011,Human SLC9A6 1bp deletion knockout cell line
CSNK1D,HZGHC004527c012,Human CSNK1D 10bp deletion knockout cell line
RNF31,HZGHC004529c011,Human RNF31 1bp insertion knockout cell line
RNF31,HZGHC004529c012,Human RNF31 1bp insertion knockout cell line
SETMAR,HZGHC004540c003,Human SETMAR 2bp insertion knockout cell line
SETMAR,HZGHC004540c004,Human SETMAR 10bp deletion knockout cell line
GBA,HZGHC004541c001,Human GBA 23bp deletion knockout cell line
GBA,HZGHC004541c010,Human GBA 2bp deletion knockout cell line
GBA,HZGHC004542c002,Human GBA 1bp insertion knockout cell line
GBA,HZGHC004542c012,Human GBA 1bp deletion knockout cell line
SLC1A5,HZGHC004543c006,Human SLC1A5 1bp insertion knockout cell line
PALM,HZGHC004544c007,Human PALM 10bp deletion knockout cell line
PALM,HZGHC004544c010,Human PALM 49bp deletion knockout cell line
BMPR1A,HZGHC004546c007,Human BMPR1A 8bp deletion knockout cell line
BMPR1A,HZGHC004546c010,Human BMPR1A 1bp insertion knockout cell line
PDIK1L,HZGHC004547c001,Human PDIK1L 2bp deletion knockout cell line
PDIK1L,HZGHC004547c010,Human PDIK1L 1bp deletion knockout cell line
PDIK1L,HZGHC004547c012,Human PDIK1L 1bp insertion knockout cell line
FASTK,HZGHC004548c005,Human FASTK 70bp deletion knockout cell line
FASTK,HZGHC004548c008,Human FASTK 16bp deletion knockout cell line
HARBI1,HZGHC004559c003,Human HARBI1 2bp deletion knockout cell line
RFX5,HZGHC004571c006,Human RFX5 2bp deletion knockout cell line
RFX5,HZGHC004571c010,Human RFX5 2bp deletion knockout cell line
ITPR1,HZGHC004573c001,"Human ITPR3, ITPR1, ITPR2 multiple knockout cell line"
ITPR3,HZGHC004574c003,"Human ITPR1, ITPR3, ITPR2 multiple knockout cell line"
ITPR3,HZGHC004574c011,"Human ITPR1, ITPR3, ITPR2 multiple knockout cell line"
ITPR1,HZGHC004575c003,"Human ITPR2, ITPR1, ITPR3 multiple knockout cell line"
ITPR1,HZGHC004575c005,"Human ITPR2, ITPR1, ITPR3 multiple knockout cell line"
SPIRE1,HZGHC004590c003,"Human INF2, SPIRE1 multiple knockout cell line"
SPIRE1,HZGHC004590c008,"Human INF2, SPIRE1 multiple knockout cell line"
TFE3,HZGHC004592c009,Human TFE3 2bp deletion knockout cell line
TFE3,HZGHC004592c010,Human TFE3 58bp deletion knockout cell line
TEX2,HZGHC004593c010,Human TEX2 7bp deletion knockout cell line
TEX2,HZGHC004593c011,Human TEX2 10bp deletion knockout cell line
HTT,HZGHC004595c006,Human HTT 2bp deletion knockout cell line
USMG5,HZGHC004597c002,Human USMG5 11bp deletion knockout cell line
USMG5,HZGHC004597c012,Human USMG5 43bp deletion knockout cell line
CCDC6,HZGHC004620c001,"Human PPP2R4, CCDC6 multiple knockout cell line"
CCDC6,HZGHC004620c010,"Human PPP2R4, CCDC6 multiple knockout cell line"
EWSR1,HZGHC004622c006,Human EWSR1 4bp deletion knockout cell line
EWSR1,HZGHC004622c011,Human EWSR1 5bp deletion knockout cell line
VPS4A,HZGHC004623c005,Human VPS4A 5bp deletion knockout cell line
VPS4A,HZGHC004623c007,Human VPS4A 143bp deletion knockout cell line
VPS4A,HZGHC004624c001,Human VPS4A 7bp deletion knockout cell line
VPS4A,HZGHC004624c003,Human VPS4A 2bp deletion knockout cell line
HGS,HZGHC004626c005,Human HGS 11bp deletion knockout cell line
HGS,HZGHC004626c010,Human HGS 10bp deletion knockout cell line
GPR137B,HZGHC004628c003,"Human GPR137C, GPR137B, GPR137 multiple knockout cell line"
GPR137B,HZGHC004628c010,"Human GPR137C, GPR137B, GPR137 multiple knockout cell line"
GPR137B,HZGHC004628c012,"Human GPR137C, GPR137B, GPR137 multiple knockout cell line"
SQRDL,HZGHC004630c011,Human SQRDL 2bp deletion knockout cell line
RNASEH2C,HZGHC004633c003,Human RNASEH2C 10bp deletion knockout cell line
PPP2R4,HZGHC004644c012,Human PPP2R4 1bp insertion knockout cell line
ULK1,HZGHC004649c003,"Human ULK2, ULK1 multiple knockout cell line"
ULK1,HZGHC004649c011,"Human ULK2, ULK1 multiple knockout cell line"
HNRNPA1,HZGHC004651c006,Human HNRNPA1 1bp insertion knockout cell line
HNRNPA1,HZGHC004651c010,Human HNRNPA1 2bp insertion knockout cell line
HNRNPA1,HZGHC004651c011,Human HNRNPA1 1bp insertion knockout cell line
HNRNPA1,HZGHC004652c004,Human HNRNPA1 2bp deletion knockout cell line
HNRNPA1,HZGHC004652c006,Human HNRNPA1 68bp insertion knockout cell line
TAF15,HZGHC004653c001,Human TAF15 2bp deletion knockout cell line
TAF15,HZGHC004653c012,Human TAF15 5bp deletion knockout cell line
MGME1,HZGHC004657c012,Human MGME1 1bp deletion knockout cell line
MGME1,HZGHC004658c009,Human MGME1 5bp deletion knockout cell line
TMEM5,HZGHC004662c002,Human TMEM5 2bp deletion knockout cell line
TMEM5,HZGHC004662c010,Human TMEM5 5bp deletion knockout cell line
TMEM5,HZGHC004663c001,Human TMEM5 1bp insertion knockout cell line
TMEM5,HZGHC004663c009,Human TMEM5 1bp insertion knockout cell line
DNMT1,HZGHC004665c007,"Human L1TD1, DNMT1 multiple knockout cell line"
PNPLA2,HZGHC004666c014,HAP1 PNPLA2 (-)
PNPLA2,HZGHC004666c018,HAP1 PNPLA2 (-)
PNPLA2,HZGHC004666c020,HAP1 PNPLA2 (-)
PNPLA2,HZGHC004666c021,HAP1 PNPLA2 (-)
PNPLA2,HZGHC004666c022,HAP1 PNPLA2 (-)
MTHFD2,HZGHC004667c004,Human MTHFD2 4bp deletion knockout cell line
MTHFD2,HZGHC004667c010,Human MTHFD2 1bp insertion knockout cell line
VPS4A,HZGHC004668c001,Human VPS4A 16bp deletion knockout cell line
VPS4A,HZGHC004668c004,Human VPS4A 100bp deletion knockout cell line
VPS4A,HZGHC004669c001,Human VPS4A 7bp deletion knockout cell line
VPS4A,HZGHC004669c010,Human VPS4A 19bp deletion knockout cell line
BAG6,HZGHC004676c001,Human BAG6 10bp deletion knockout cell line
BAG6,HZGHC004676c006,Human BAG6 29bp deletion knockout cell line
ARMC5,HZGHC004678c011,Human ARMC5 2bp deletion knockout cell line
ARMC5,HZGHC004678c012,Human ARMC5 16bp deletion knockout cell line
FGD4,HZGHC004680c001,Human FGD4 13bp deletion knockout cell line
FGD4,HZGHC004680c010,Human FGD4 2bp deletion knockout cell line
MPG,HZGHC004683c001,"Human XPA, MPG multiple knockout cell line"
MPG,HZGHC004683c010,"Human XPA, MPG multiple knockout cell line"
XPA,HZGHC004684c002,"Human MPG, XPA multiple knockout cell line"
XPA,HZGHC004684c011,"Human MPG, XPA multiple knockout cell line"
PARP4,HZGHC004689c004,Human PARP4 2bp deletion knockout cell line
PARP4,HZGHC004689c007,Human PARP4 7bp insertion knockout cell line
PARP9,HZGHC004692c010,Human PARP9 13bp deletion knockout cell line
PARP9,HZGHC004692c011,Human PARP9 29bp deletion knockout cell line
CD46,HZGHC004694c001,"Human CD81, CD46 multiple knockout cell line"
CD46,HZGHC004694c005,"Human CD81, CD46 multiple knockout cell line"
CD46,HZGHC004694c016,"Human CD81, CD46 multiple knockout cell line"
CD46,HZGHC004694c026,"Human CD81, CD46 multiple knockout cell line"
CD46,HZGHC004694c027,"Human CD81, CD46 multiple knockout cell line"
CD81,HZGHC004695c002,"Human CD46, CD81 multiple knockout cell line"
CD81,HZGHC004695c012,"Human CD46, CD81 multiple knockout cell line"
CD81,HZGHC004695c030,"Human CD46, CD81 multiple knockout cell line"
CD81,HZGHC004695c031,"Human CD46, CD81 multiple knockout cell line"
CD81,HZGHC004695c032,"Human CD46, CD81 multiple knockout cell line"
CD81,HZGHC004696c013,"Human CD46, CD81 multiple knockout cell line"
CD81,HZGHC004696c029,"Human CD46, CD81 multiple knockout cell line"
NEIL3,HZGHC004711c001,"Human FANCD2, NEIL3 multiple knockout cell line"
NEIL3,HZGHC004711c010,"Human FANCD2, NEIL3 multiple knockout cell line"
FANCD2,HZGHC004712c003,"Human NEIL3, FANCD2 multiple knockout cell line"
FANCD2,HZGHC004712c004,"Human NEIL3, FANCD2 multiple knockout cell line"
FANCD2,HZGHC004712c010,"Human NEIL3, FANCD2 multiple knockout cell line"
FBXO34,HZGHC004714c001,Human FBXO34 1bp insertion knockout cell line
FBXO34,HZGHC004714c002,Human FBXO34 1bp deletion knockout cell line
IDS,HZGHC004716c002,Human IDS 1bp deletion knockout cell line
TRAF3IP2,HZGHC004717c002,Human TRAF3IP2 2bp deletion knockout cell line
TRAF3IP2,HZGHC004717c008,Human TRAF3IP2 23bp deletion knockout cell line
TRAF3IP2,HZGHC004718c005,Human TRAF3IP2 4bp deletion knockout cell line
KIF5B,HZGHC004719c002,Human KIF5B 2bp deletion knockout cell line
ZNF816,HZGHC004722c011,Human ZNF816 8bp deletion knockout cell line
ZNF816,HZGHC004722c012,Human ZNF816 16bp deletion knockout cell line
GPR137B,HZGHC004724c001,"Human GPR137C, GPR137B, GPR137 multiple knockout cell line"
GPR137B,HZGHC004724c010,"Human GPR137C, GPR137B, GPR137 multiple knockout cell line"
ARPC5,HZGHC004728c009,Human ARPC5 5bp deletion knockout cell line
HSPB1,HZGHC004733c006,Human HSPB1 11bp deletion knockout cell line
HSPB1,HZGHC004733c011,Human HSPB1 1bp insertion knockout cell line
KRT8,HZGHC004735c005,Human KRT8 4bp deletion knockout cell line
KRT8,HZGHC004735c006,Human KRT8 2bp deletion knockout cell line
MDM2,HZGHC004736c005,Human MDM2 8bp deletion knockout cell line
MDM2,HZGHC004736c008,Human MDM2 22bp deletion knockout cell line
RB1,HZGHC004737c001,Human RB1 10bp deletion knockout cell line
BCL2,HZGHC004740c001,Human BCL2 5bp deletion knockout cell line
BCL2,HZGHC004740c012,Human BCL2 11bp deletion knockout cell line
MAST4,HZGHC004742c001,Human MAST4 10bp deletion knockout cell line
MAST4,HZGHC004742c002,Human MAST4 20bp deletion knockout cell line
MAST4,HZGHC004743c002,Human MAST4 10bp deletion knockout cell line
MAST4,HZGHC004743c003,Human MAST4 1bp insertion knockout cell line
TROVE2,HZGHC004744c002,Human TROVE2 1bp deletion knockout cell line
PIAS2,HZGHC004750c001,Human PIAS2 1bp insertion knockout cell line
PIAS2,HZGHC004750c008,Human PIAS2 10bp deletion knockout cell line
ATPAF1,HZGHC004752c002,Human ATPAF1 7bp deletion knockout cell line
ATPAF1,HZGHC004752c011,Human ATPAF1 2bp deletion knockout cell line
ATPAF2,HZGHC004753c006,Human ATPAF2 11bp deletion knockout cell line
ATPAF2,HZGHC004753c011,Human ATPAF2 17bp deletion knockout cell line
PARPBP,HZGHC004755c003,Human PARPBP 13bp deletion knockout cell line
PARPBP,HZGHC004755c012,Human PARPBP 5bp deletion knockout cell line
BCL2,HZGHC004759c001,Human BCL2 1bp deletion knockout cell line
CCNB1,HZGHC004760c003,Human CCNB1 1bp insertion knockout cell line
CCNB1,HZGHC004760c008,Human CCNB1 2bp deletion knockout cell line
CDKN1B,HZGHC004761c002,Human CDKN1B 10bp deletion knockout cell line
CDKN1B,HZGHC004761c006,Human CDKN1B 10bp deletion knockout cell line
CDKN1B,HZGHC004761c008,Human CDKN1B 1bp insertion knockout cell line
TUBB3,HZGHC004770c002,Human TUBB3 4bp deletion knockout cell line
TUBB3,HZGHC004770c009,Human TUBB3 1bp deletion knockout cell line
TP53BP1,HZGHC004776c002,Human TP53BP1 1bp insertion knockout cell line
TP53BP1,HZGHC004776c010,Human TP53BP1 1bp insertion knockout cell line
TP53BP1,HZGHC004776c012,Human TP53BP1 1bp deletion knockout cell line
F3,HZGHC004781c001,Human F3 8bp deletion knockout cell line
F3,HZGHC004781c012,Human F3 5bp deletion knockout cell line
GCLM,HZGHC004783c005,Human GCLM 16bp deletion knockout cell line
GCLM,HZGHC004783c006,Human GCLM 22bp deletion knockout cell line
IBTK,HZGHC004785c004,Human IBTK 17bp deletion knockout cell line
IBTK,HZGHC004785c012,Human IBTK 7bp deletion knockout cell line
NSUN3,HZGHC004798c002,Human NSUN3 1bp deletion knockout cell line
NSUN3,HZGHC004798c005,Human NSUN3 1bp insertion knockout cell line
HSF1,HZGHC004801c008,Human HSF1 26bp deletion knockout cell line
HSF1,HZGHC004802c002,Human HSF1 1bp insertion knockout cell line
HSF1,HZGHC004802c005,Human HSF1 1bp insertion knockout cell line
HSF1,HZGHC004802c006,Human HSF1 1bp insertion knockout cell line
CCNE1,HZGHC004808c002,Human CCNE1 13bp deletion knockout cell line
CCNE1,HZGHC004808c004,Human CCNE1 1bp deletion knockout cell line
CCNE1,HZGHC004808c010,Human CCNE1 82bp deletion knockout cell line
CCNT2,HZGHC004810c007,Human CCNT2 1bp insertion knockout cell line
CCNT2,HZGHC004810c009,Human CCNT2 1bp deletion knockout cell line
CCNT1,HZGHC004812c001,Human CCNT1 1bp deletion knockout cell line
CCNT1,HZGHC004812c004,Human CCNT1 1bp insertion knockout cell line
CCNO,HZGHC004814c006,Human CCNO 22bp deletion knockout cell line
CCNO,HZGHC004814c009,Human CCNO 2bp deletion knockout cell line
CCNL2,HZGHC004816c001,Human CCNL2 178bp deletion knockout cell line
CCNL2,HZGHC004816c002,Human CCNL2 5bp deletion knockout cell line
CCNG1,HZGHC004818c003,Human CCNG1 1bp deletion knockout cell line
CCNG2,HZGHC004820c004,Human CCNG2 1bp deletion knockout cell line
CCNG2,HZGHC004820c009,Human CCNG2 1bp insertion knockout cell line
CCNE2,HZGHC004824c001,Human CCNE2 34bp deletion knockout cell line
CCNJ,HZGHC004826c006,Human CCNJ 1bp insertion knockout cell line
CCNJ,HZGHC004826c010,Human CCNJ 1bp insertion knockout cell line
CIC,HZGHC004831c001,Human CIC 11bp deletion knockout cell line
CIC,HZGHC004831c012,Human CIC 10bp deletion knockout cell line
CIC,HZGHC004832c003,Human CIC 29bp deletion knockout cell line
CIC,HZGHC004832c004,Human CIC 95bp deletion knockout cell line
CCNY,HZGHC004835c012,Human CCNY 4bp deletion knockout cell line
CISD2,HZGHC004852c001,Human CISD2 4bp deletion knockout cell line
CISD2,HZGHC004852c009,Human CISD2 2bp deletion knockout cell line
GNAQ,HZGHC004862c001,Human GNAQ 1bp insertion knockout cell line
GNAQ,HZGHC004862c012,Human GNAQ 17bp deletion knockout cell line
KRT10,HZGHC004867c007,Human KRT10 34bp deletion knockout cell line
KRT10,HZGHC004867c011,Human KRT10 1bp deletion knockout cell line
MAST4,HZGHC004870c006,"Human MAST4, MAST4 multiple knockout cell line"
MAST4,HZGHC004870c010,"Human MAST4, MAST4 multiple knockout cell line"
HRSP12,HZGHC004873c012,Human HRSP12 1bp insertion knockout cell line
HRSP12,HZGHC004874c001,Human HRSP12 2bp insertion knockout cell line
FTO,HZGHC004875c012,Human FTO 16bp deletion knockout cell line
FTO,HZGHC004876c011,Human FTO 4bp deletion knockout cell line
FTO,HZGHC004876c012,Human FTO 2bp deletion knockout cell line
VPS51,HZGHC004878c010,Human VPS51 1bp insertion knockout cell line
VPS52,HZGHC004879c003,Human VPS52 2bp deletion knockout cell line
VPS52,HZGHC004879c006,Human VPS52 14bp deletion knockout cell line
WHAMM,HZGHC004883c001,"Human JMY, WHAMM multiple knockout cell line"
WHAMM,HZGHC004883c012,"Human JMY, WHAMM multiple knockout cell line"
WHAMM,HZGHC004884c003,"Human JMY, WHAMM multiple knockout cell line"
WHAMM,HZGHC004884c007,"Human JMY, WHAMM multiple knockout cell line"
MTAP,HZGHC004894c005,Human MTAP 29bp deletion knockout cell line
MTAP,HZGHC004894c012,Human MTAP 4bp deletion knockout cell line
BCOR,HZGHC004895c005,Human BCOR 4bp deletion knockout cell line
BCOR,HZGHC004895c010,Human BCOR 2bp deletion knockout cell line
ICMT,HZGHC004898c001,Human ICMT 5bp deletion knockout cell line
ICMT,HZGHC004898c006,Human ICMT 16bp deletion knockout cell line
CLASP1,HZGHC004899c001,Human CLASP1 20bp deletion knockout cell line
CLASP1,HZGHC004899c010,Human CLASP1 16bp deletion knockout cell line
NUSAP1,HZGHC004902c012,Human NUSAP1 2bp deletion knockout cell line
ACACA,HZGHC004903c002,Human ACACA 2bp deletion knockout cell line
ACO2,HZGHC004906c008,Human ACO2 2bp deletion knockout cell line
ACO2,HZGHC004906c011,Human ACO2 7bp deletion knockout cell line
ALG8,HZGHC004908c003,Human ALG8 1bp insertion knockout cell line
ALG8,HZGHC004908c010,Human ALG8 2bp insertion knockout cell line
DIAPH1,HZGHC004911c001,Human DIAPH1 82bp deletion knockout cell line
DIAPH1,HZGHC004911c003,Human DIAPH1 64bp deletion knockout cell line
GOT1,HZGHC004913c004,Human GOT1 5bp deletion knockout cell line
GOT1,HZGHC004913c010,Human GOT1 16bp deletion knockout cell line
KLF10,HZGHC004915c010,Human KLF10 4bp deletion knockout cell line
KLF10,HZGHC004915c011,Human KLF10 2bp deletion knockout cell line
LDHA,HZGHC004917c002,Human LDHA 22bp deletion knockout cell line
LDHA,HZGHC004917c008,Human LDHA 23bp deletion knockout cell line
PGLS,HZGHC004920c010,Human PGLS 1bp insertion knockout cell line
MAT2B,HZGHC004921c006,Human MAT2B 4bp insertion knockout cell line
MAT2B,HZGHC004922c001,Human MAT2B 1bp insertion knockout cell line
MAT2B,HZGHC004922c005,Human MAT2B 19bp deletion knockout cell line
PGP,HZGHC004923c003,Human PGP 8bp deletion knockout cell line
PGP,HZGHC004924c003,Human PGP 23bp deletion knockout cell line
PHGDH,HZGHC004925c001,Human PHGDH 17bp deletion knockout cell line
PHGDH,HZGHC004925c011,Human PHGDH 23bp deletion knockout cell line
TAF5L,HZGHC004928c010,Human TAF5L 8bp deletion knockout cell line
TAF5L,HZGHC004928c012,Human TAF5L 11bp deletion knockout cell line
NGLY1,HZGHC004929c005,Human NGLY1 10bp deletion knockout cell line
NGLY1,HZGHC004929c006,Human NGLY1 13bp deletion knockout cell line
HSPB1,HZGHC004943c001,Human HSPB1 11bp deletion knockout cell line
HSPB1,HZGHC004943c012,Human HSPB1 8bp deletion knockout cell line
KRT18,HZGHC004944c002,Human KRT18 1bp insertion knockout cell line
KRT18,HZGHC004944c003,Human KRT18 64bp deletion knockout cell line
RB1,HZGHC004945c002,Human RB1 5bp deletion knockout cell line
RB1,HZGHC004945c006,Human RB1 8bp deletion knockout cell line
ABCA7,HZGHC004950c002,Human ABCA7 7bp deletion knockout cell line
ABCA7,HZGHC004950c011,Human ABCA7 17bp deletion knockout cell line
MAPK6,HZGHC004955c001,Human MAPK6 22bp deletion knockout cell line
MAPK6,HZGHC004955c005,Human MAPK6 2bp deletion knockout cell line
PPTC7,HZGHC004959c002,Human PPTC7 10bp deletion knockout cell line
DHRS4,HZGHC004960c001,Human DHRS4 14bp deletion knockout cell line
ADCK1,HZGHC004962c001,Human ADCK1 7bp deletion knockout cell line
ADCK1,HZGHC004962c009,Human ADCK1 22bp deletion knockout cell line
C6ORF203,HZGHC004965c003,Human C6orf203 8bp deletion knockout cell line
C6ORF203,HZGHC004965c010,Human C6orf203 5bp deletion knockout cell line
COQ5,HZGHC004967c003,Human COQ5 1bp deletion knockout cell line
COQ5,HZGHC004968c005,Human COQ5 1bp insertion knockout cell line
PYURF,HZGHC004970c001,Human PYURF 17bp deletion knockout cell line
PYURF,HZGHC004970c006,Human PYURF 2bp deletion knockout cell line
GOLPH3,HZGHC004972c004,Human GOLPH3 2bp deletion knockout cell line
GOLPH3,HZGHC004972c007,Human GOLPH3 28bp deletion knockout cell line
COQ7,HZGHC004974c002,Human COQ7 5bp deletion knockout cell line
COQ7,HZGHC004974c005,Human COQ7 46bp deletion knockout cell line
COQ9,HZGHC004977c008,Human COQ9 1bp deletion knockout cell line
TRMT1,HZGHC004984c010,Human TRMT1 25bp deletion knockout cell line
TRMT1,HZGHC004984c011,Human TRMT1 10bp deletion knockout cell line
TRMT1,HZGHC004985c012,Human TRMT1 2bp deletion knockout cell line
CEBPA,HZGHC005015c006,Human CEBPA 218bp deletion knockout cell line
CEBPA,HZGHC005015c007,Human CEBPA 23bp deletion knockout cell line
CEBPA,HZGHC005016c012,Human CEBPA 2bp insertion knockout cell line
MPND,HZGHC005017c002,Human MPND 14bp deletion knockout cell line
MPND,HZGHC005017c006,Human MPND 11bp deletion knockout cell line
SLC20A1,HZGHC005018c003,Human SLC20A1 10bp deletion knockout cell line
SLC20A1,HZGHC005019c004,Human SLC20A1 1bp insertion knockout cell line
TRMT2A,HZGHC005020c001,Human TRMT2A 26bp deletion knockout cell line
TRMT2A,HZGHC005020c007,Human TRMT2A 1bp insertion knockout cell line
TRMT2A,HZGHC005021c005,Human TRMT2A 7bp deletion knockout cell line
TRMT2A,HZGHC005021c011,Human TRMT2A 1bp insertion knockout cell line
ATP5J,HZGHC005022c002,Human ATP5J 2bp deletion knockout cell line
ATP5D,HZGHC005025c006,Human ATP5D 1bp deletion knockout cell line
METTL5,HZGHC005028c010,Human METTL5 1bp insertion knockout cell line
METTL5,HZGHC005029c003,Human METTL5 7bp deletion knockout cell line
METTL5,HZGHC005029c005,Human METTL5 14bp deletion knockout cell line
METTL6,HZGHC005030c008,Human METTL6 7bp deletion knockout cell line
METTL6,HZGHC005031c010,Human METTL6 28bp deletion knockout cell line
METTL6,HZGHC005031c011,Human METTL6 1bp insertion knockout cell line
METTL8,HZGHC005033c009,Human METTL8 4bp deletion knockout cell line
METTL8,HZGHC005033c012,Human METTL8 2bp deletion knockout cell line
APOOL,HZGHC005036c005,Human APOOL 8bp deletion knockout cell line
APOOL,HZGHC005036c009,Human APOOL 2bp deletion knockout cell line
APOOL,HZGHC005037c007,Human APOOL 1bp insertion knockout cell line
APOOL,HZGHC005037c012,Human APOOL 1bp insertion knockout cell line
APOO,HZGHC005038c002,Human APOO 1bp insertion knockout cell line
APOO,HZGHC005038c010,Human APOO 1bp insertion knockout cell line
APOO,HZGHC005039c006,Human APOO 26bp deletion knockout cell line
C19ORF70,HZGHC005040c010,Human C19orf70 55bp deletion knockout cell line
C19ORF70,HZGHC005040c012,Human C19orf70 20bp deletion knockout cell line
CHCHD10,HZGHC005042c002,Human CHCHD10 7bp deletion knockout cell line
CHCHD10,HZGHC005042c011,Human CHCHD10 31bp deletion knockout cell line
CHCHD10,HZGHC005043c003,Human CHCHD10 1bp deletion knockout cell line
CHCHD10,HZGHC005043c007,Human CHCHD10 110bp deletion knockout cell line
IMMT,HZGHC005045c003,Human IMMT 10bp deletion knockout cell line
IMMT,HZGHC005045c006,Human IMMT 10bp deletion knockout cell line
IMMT,HZGHC005045c007,Human IMMT 10bp deletion knockout cell line
MINOS1,HZGHC005046c001,Human MINOS1 29bp deletion knockout cell line
ATP5I,HZGHC005050c009,Human ATP5I 7bp deletion knockout cell line
NOTCH1,HZGHC005051c006,Human NOTCH1 25bp deletion knockout cell line
HSD17B4,HZGHC005053c006,Human HSD17B4 25bp deletion knockout cell line
HSD17B4,HZGHC005053c012,Human HSD17B4 5bp deletion knockout cell line
ADCK3,HZGHC005056c009,"Human ADCK4, ADCK3 multiple knockout cell line"
C7ORF49,HZGHC005061c001,Human C7orf49 17bp deletion knockout cell line
ACD,HZGHC005062c003,Human ACD 62bp deletion knockout cell line
ACD,HZGHC005062c010,Human ACD 17bp deletion knockout cell line
GUSB,HZGHC005064c008,Human GUSB 1bp insertion knockout cell line
GUSB,HZGHC005064c011,Human GUSB 1bp insertion knockout cell line
YAP1,HZGHC005066c003,Human YAP1 11bp deletion knockout cell line
YAP1,HZGHC005066c005,Human YAP1 35bp deletion knockout cell line
ADARB1,HZGHC005068c002,Human ADARB1 2bp deletion knockout cell line
HAGH,HZGHC005070c003,Human HAGH 52bp deletion knockout cell line
HAGH,HZGHC005070c008,Human HAGH 13bp deletion knockout cell line
DBT,HZGHC005074c002,Human DBT 14bp deletion knockout cell line
DBT,HZGHC005074c007,Human DBT 16bp deletion knockout cell line
C1ORF115,HZGHC005078c010,Human C1orf115 8bp deletion knockout cell line
C1ORF115,HZGHC005078c011,Human C1orf115 1bp insertion knockout cell line
C1ORF115,HZGHC005079c006,Human C1orf115 1bp insertion knockout cell line
C1ORF115,HZGHC005079c012,Human C1orf115 13bp deletion knockout cell line
BRD3,HZGHC005081c002,Human BRD3 8bp deletion knockout cell line
BRD3,HZGHC005081c010,Human BRD3 86bp deletion knockout cell line
DNMT1,HZGHC005083c012,Human DNMT1 5bp deletion knockout cell line
RPS25,HZGHC005084c002,Human RPS25 10bp deletion knockout cell line
RPS25,HZGHC005084c011,Human RPS25 28bp deletion knockout cell line
RHOD,HZGHC005085c003,Human RHOD 22bp deletion knockout cell line
RHOD,HZGHC005085c011,Human RHOD 1bp deletion knockout cell line
METTL15,HZGHC005105c003,Human METTL15 34bp deletion knockout cell line
METTL15,HZGHC005105c010,Human METTL15 14bp deletion knockout cell line
C14ORF2,HZGHC005108c002,Human C14orf2 10bp deletion knockout cell line
C14ORF2,HZGHC005108c003,Human C14orf2 2bp deletion knockout cell line
PELO,HZGHC005109c001,Human PELO 7bp deletion knockout cell line
PELO,HZGHC005109c008,Human PELO 4bp deletion knockout cell line
BST2,HZGHC005111c007,Human BST2 11bp deletion knockout cell line
BST2,HZGHC005111c010,Human BST2 8bp deletion knockout cell line
HMGB2,HZGHC005113c002,Human HMGB2 17bp deletion knockout cell line
HMGB2,HZGHC005113c008,Human HMGB2 20bp deletion knockout cell line
LAMP1,HZGHC005119c002,Human LAMP1 8bp deletion knockout cell line
LAMP1,HZGHC005119c006,Human LAMP1 1bp deletion knockout cell line
EIF2D,HZGHC005121c002,"Human EIF2A, EIF2D multiple knockout cell line"
EIF2D,HZGHC005121c008,"Human EIF2A, EIF2D multiple knockout cell line"
EIF2D,HZGHC005121c012,"Human EIF2A, EIF2D multiple knockout cell line"
EIF2A,HZGHC005122c010,"Human EIF2D, EIF2A multiple knockout cell line"
EIF2A,HZGHC005122c012,"Human EIF2D, EIF2A multiple knockout cell line"
BTRC,HZGHC005127c007,Human BTRC 7bp deletion knockout cell line
BTRC,HZGHC005127c010,Human BTRC 1bp insertion knockout cell line
CD55,HZGHC005129c002,Human CD55 7bp deletion knockout cell line
CD55,HZGHC005129c010,Human CD55 13bp deletion knockout cell line
CD59,HZGHC005131c005,Human CD59 20bp deletion knockout cell line
CD59,HZGHC005131c007,Human CD59 5bp deletion knockout cell line
ELAVL1,HZGHC005133c003,Human ELAVL1 130bp deletion knockout cell line
ELAVL1,HZGHC005133c004,Human ELAVL1 23bp deletion knockout cell line
ELAVL1,HZGHC005134c001,Human ELAVL1 2bp deletion knockout cell line
ELAVL1,HZGHC005134c006,Human ELAVL1 7bp deletion knockout cell line
IRF1,HZGHC005136c011,Human IRF1 8bp deletion knockout cell line
IRF1,HZGHC005136c012,Human IRF1 11bp deletion knockout cell line
FTH1,HZGHC005137c002,Human FTH1 2bp insertion knockout cell line
FTH1,HZGHC005137c012,Human FTH1 8bp deletion knockout cell line
FTH1,HZGHC005138c002,Human FTH1 19bp deletion knockout cell line
FTH1,HZGHC005138c010,Human FTH1 10bp deletion knockout cell line
ATF5,HZGHC005144c003,Human ATF5 10bp deletion knockout cell line
ATF5,HZGHC005144c004,Human ATF5 38bp deletion knockout cell line
ZCCHC8,HZGHC005158c012,Human ZCCHC8 4bp deletion knockout cell line
LACTB2,HZGHC005159c002,Human LACTB2 80bp deletion knockout cell line
LACTB2,HZGHC005159c009,Human LACTB2 2bp insertion knockout cell line
LOC286190,HZGHC005160c010,Human LOC286190 4bp deletion knockout cell line
IVNS1ABP,HZGHC005161c005,Human IVNS1ABP 1bp insertion knockout cell line
IVNS1ABP,HZGHC005161c007,Human IVNS1ABP 1bp deletion knockout cell line
IVNS1ABP,HZGHC005162c009,Human IVNS1ABP 8bp deletion knockout cell line
PDCD4,HZGHC005167c003,Human PDCD4 7bp deletion knockout cell line
PDCD4,HZGHC005167c011,Human PDCD4 2bp deletion knockout cell line
RCC2,HZGHC005171c010,Human RCC2 7bp deletion knockout cell line
RCC2,HZGHC005171c012,Human RCC2 25bp deletion knockout cell line
SPR,HZGHC005173c001,Human SPR 7bp deletion knockout cell line
SPR,HZGHC005173c010,Human SPR 23bp deletion knockout cell line
NT5C3A,HZGHC005176c003,Human NT5C3A 7bp deletion knockout cell line
NT5C3A,HZGHC005176c010,Human NT5C3A 16bp deletion knockout cell line
NT5C3A,HZGHC005177c001,Human NT5C3A 1bp deletion knockout cell line
NT5C3A,HZGHC005177c004,Human NT5C3A 1bp insertion knockout cell line
TYK2,HZGHC005181c002,Human TYK2 1bp deletion knockout cell line
TYK2,HZGHC005181c004,Human TYK2 1bp deletion knockout cell line
TYK2,HZGHC005184c001,Human TYK2 1bp deletion knockout cell line
TYK2,HZGHC005184c004,Human TYK2 1bp deletion knockout cell line
STAT5B,HZGHC005185c001,Human STAT5B 17bp deletion knockout cell line
STAT5B,HZGHC005185c004,Human STAT5B 149bp deletion knockout cell line
ANAPC7,HZGHC005187c002,Human ANAPC7 13bp deletion knockout cell line
ANAPC7,HZGHC005187c012,Human ANAPC7 8bp deletion knockout cell line
CDK5,HZGHC005189c010,Human CDK5 7bp deletion knockout cell line
CDK5,HZGHC005189c011,Human CDK5 49bp deletion knockout cell line
ARMC10,HZGHC005198c009,Human ARMC10 2bp deletion knockout cell line
ARMC10,HZGHC005198c012,Human ARMC10 1bp deletion knockout cell line
TMEFF1,HZGHC005199c004,Human MSANTD3-TMEFF1 1bp deletion knockout cell line
TMEFF1,HZGHC005199c011,Human MSANTD3-TMEFF1 2bp deletion knockout cell line
TMEFF1,HZGHC005200c010,Human MSANTD3-TMEFF1 11bp deletion knockout cell line
SGK1,HZGHC005209c005,Human SGK1 8bp deletion knockout cell line
DLAT,HZGHC005212c003,HZGHC005212c003
DLAT,HZGHC005212c011,Human DLAT 14bp deletion knockout cell line
TUBA1C,HZGHC005221c004,Human TUBA1C 10bp deletion knockout cell line
POLH,HZGHC005227c001,"Human POLK, POLH multiple knockout cell line"
POLH,HZGHC005227c008,"Human POLK, POLH multiple knockout cell line"
POLI,HZGHC005228c008,"Human POLK, POLI multiple knockout cell line"
POLI,HZGHC005228c011,"Human POLK, POLI multiple knockout cell line"
MPG,HZGHC005229c003,"Human POLK, MPG, POLH multiple knockout cell line"
POLH,HZGHC005230c007,"Human POLI, POLH multiple knockout cell line"
POLH,HZGHC005230c011,"Human POLI, POLH multiple knockout cell line"
POLK,HZGHC005231c010,"Human POLI, POLK, MPG multiple knockout cell line"
POLK,HZGHC005231c012,"Human POLI, POLK, MPG multiple knockout cell line"
POLI,HZGHC005232c008,Human POLH POLI MPG multiple knockout cell line
POLI,HZGHC005232c009,Human POLH POLI MPG multiple knockout cell line
PTPRK,HZGHC005233c003,Human PTPRK 7bp deletion knockout cell line
PTPRK,HZGHC005233c012,Human PTPRK 13bp deletion knockout cell line
PTPRK,HZGHC005234c003,Human PTPRK 10bp deletion knockout cell line
PTPRK,HZGHC005234c010,Human PTPRK 4bp deletion knockout cell line
CCNYL1,HZGHC005235c005,Human CCNYL1 130bp deletion knockout cell line
PRKDC,HZGHC005239c011,"Human C9orf142, PRKDC multiple knockout cell line"
SIRT3/HAGH,HZGHC005243c002,"Human HAGH, SIRT3 multiple knockout cell line"
SIRT3/HAGH,HZGHC005243c011,HZGHC005243c011
SIRT3/HAGH,HZGHC005244c003,HZGHC005244c003
SIRT3/HAGH,HZGHC005244c006,HZGHC005244c006
APOO/APOOL,HZGHC005245c004,"Human APOOL, APOO multiple knockout cell line"
APOO/APOOL,HZGHC005246c003,"Human APOO, APOOL multiple knockout cell line"
APOO/APOOL,HZGHC005246c009,"Human APOO, APOOL multiple knockout cell line"
PFN2,HZGHC005248c001,HZGHC005248c001
PFN2,HZGHC005248c009,HZGHC005248c009
SMYD5,HZGHC005249c002,HZGHC005249c002
SMYD5,HZGHC005249c011,Human SMYD5 140bp deletion knockout cell line
TMEM2,HZGHC005251c007,Human TMEM2 16bp deletion knockout cell line
TMEM2,HZGHC005251c010,Human TMEM2 2bp deletion knockout cell line
ARHGAP32,HZGHC005253c010,Human ARHGAP32 13bp deletion knockout cell line
ARHGAP32,HZGHC005254c006,HZGHC005254c006
ARHGAP32,HZGHC005254c010,HZGHC005254c010
AKR1B1,HZGHC005255c001,HZGHC005255c001
AKR1B1,HZGHC005255c012,HZGHC005255c012
AKR1B1,HZGHC005256c001,Human AKR1B1 7bp deletion knockout cell line
RENBP,HZGHC005263c006,HZGHC005263c006
RENBP,HZGHC005263c011,HZGHC005263c011
NAGK,HZGHC005266c003,Human NAGK 4bp deletion knockout cell line
NAGK,HZGHC005266c004,Human NAGK 29bp deletion knockout cell line
NPL,HZGHC005269c001,HZGHC005269c001
NPL,HZGHC005269c002,HZGHC005269c002
NPL,HZGHC005270c005,Human NPL 1bp deletion knockout cell line
SLC10A7,HZGHC005271c001,Human SLC10A7 1bp deletion knockout cell line
SLC10A7,HZGHC005272c003,HZGHC005272c003
SLC10A7,HZGHC005272c010,HZGHC005272c010
ANO10,HZGHC005280c009,Human ANO10 4bp deletion knockout cell line
ANO10,HZGHC005280c010,Human ANO10 8bp deletion knockout cell line
ACSS2,HZGHC005283c007,Human ACSS2 113bp deletion knockout cell line
ACSS2,HZGHC005283c011,Human ACSS2 7bp deletion knockout cell line
TASP1,HZGHC005284c002,HZGHC005284c002
TASP1,HZGHC005284c012,HZGHC005284c012
FAM134B,HZGHC005287c002,Human FAM134B 11bp deletion knockout cell line
FAM134B,HZGHC005287c012,Human FAM134B 2bp deletion knockout cell line
FASTKD3,HZGHC005288c002,Human FASTKD3 2bp deletion knockout cell line
FASTKD3,HZGHC005288c006,HZGHC005288c006
APEX1,HZGHC005289c003,Human APEX1 2bp deletion knockout cell line
APEX1,HZGHC005289c007,Human APEX1 5bp deletion knockout cell line
IL4R,HZGHC005292c005,Human IL4R 4bp deletion knockout cell line
IL4R,HZGHC005292c012,Human IL4R 110bp deletion knockout cell line
NHEJ1,HZGHC005317c004,Human C9orf142 NHEJ1 multiple knockout cell line
USP28,HZGHC005323c007,Human USP28 5bp deletion knockout cell line
USP28,HZGHC005323c008,Human USP28 8bp deletion knockout cell line
USP4,HZGHC005324c001,Human USP4 2bp deletion knockout cell line
USP4,HZGHC005324c012,Human USP4 2bp deletion knockout cell line
HIP1,HZGHC005327c005,Human HIP1 2bp deletion knockout cell line
HIP1,HZGHC005327c009,Human HIP1 13bp deletion knockout cell line
RRAGA,HZGHC005330c003,Human RRAGA 25bp deletion knockout cell line
RRAGA,HZGHC005330c011,Human RRAGA 20bp deletion knockout cell line
METTL10,HZGHC005337c007,Human METTL10 8bp deletion knockout cell line
ATP11C,HZGHC005338c006,Human ATP11C 17bp deletion knockout cell line
ATP11C,HZGHC005338c011,Human ATP11C 94bp deletion knockout cell line
CHMP1A,HZGHC005340c003,Human CHMP1A 2bp deletion knockout cell line
CHMP1A,HZGHC005341c001,Human CHMP1A 11bp deletion knockout cell line
CHMP1A,HZGHC005341c012,Human CHMP1A 2bp deletion knockout cell line
CHMP7,HZGHC005342c008,Human CHMP7 11bp deletion knockout cell line
CHMP7,HZGHC005342c011,Human CHMP7 10bp deletion knockout cell line
HMGB1,HZGHC005344c003,Human HMGB1 130bp insertion knockout cell line
HMGB1,HZGHC005344c005,Human HMGB1 11bp deletion knockout cell line
MFSD8,HZGHC005346c003,Human MFSD8 20bp deletion knockout cell line
PHF6,HZGHC005348c006,Human PHF6 1bp deletion knockout cell line
PHF6,HZGHC005348c007,Human PHF6 185bp deletion knockout cell line
USP28,HZGHC005354c009,Human USP28 1bp insertion knockout cell line
PEG10,HZGHC005358c002,Human PEG10 7bp deletion knockout cell line
PEG10,HZGHC005358c004,Human PEG10 364bp insertion knockout cell line
TNFSF9,HZGHC005359c004,Human TNFSF9 10bp deletion knockout cell line
TNFSF9,HZGHC005359c012,Human TNFSF9 35bp deletion knockout cell line
TNFSF9,HZGHC005360c010,Human TNFSF9 13bp deletion knockout cell line
PCCA,HZGHC005361c001,Human PCCA 92bp deletion knockout cell line
PCCA,HZGHC005361c005,Human PCCA 103bp deletion knockout cell line
CXADR,HZGHC005362c001,Human CXADR 5bp deletion knockout cell line
CXADR,HZGHC005362c008,Human CXADR 2bp deletion knockout cell line
AGER,HZGHC005364c001,Human AGER 23bp deletion knockout cell line
AGER,HZGHC005364c012,Human AGER 5bp deletion knockout cell line
APOE,HZGHC005366c001,Human APOE 16bp deletion knockout cell line
APOE,HZGHC005366c003,Human APOE 5bp deletion knockout cell line
APP,HZGHC005368c005,Human APP 1bp insertion knockout cell line
APP,HZGHC005368c010,Human APP 2bp deletion knockout cell line
ARRB1,HZGHC005371c002,Human ARRB1 2bp deletion knockout cell line
ARRB1,HZGHC005371c012,Human ARRB1 122bp deletion knockout cell line
ASS1,HZGHC005372c004,Human ASS1 14bp deletion knockout cell line
BCL6,HZGHC005373c002,Human BCL6 13bp deletion knockout cell line
BCL6,HZGHC005373c012,Human BCL6 13bp deletion knockout cell line
CST3,HZGHC005376c002,Human CST3 23bp deletion knockout cell line
CST3,HZGHC005376c003,Human CST3 37bp deletion knockout cell line
FLNA,HZGHC005381c004,Human FLNA 7bp deletion knockout cell line
FLNA,HZGHC005381c012,Human FLNA 1bp insertion knockout cell line
FOXA1,HZGHC005382c001,Human FOXA1 2bp deletion knockout cell line
FOXA1,HZGHC005382c010,Human FOXA1 5bp deletion knockout cell line
FOXO1,HZGHC005384c001,Human FOXO1 1bp insertion knockout cell line
FOXO1,HZGHC005385c001,Human FOXO1 2bp deletion knockout cell line
FOXO1,HZGHC005385c010,Human FOXO1 5bp deletion knockout cell line
GAB1,HZGHC005387c010,Human GAB1 35bp deletion knockout cell line
GAB1,HZGHC005387c011,Human GAB1 8bp deletion knockout cell line
GATA3,HZGHC005389c002,Human GATA3 1bp deletion knockout cell line
GATA3,HZGHC005389c010,Human GATA3 37bp deletion knockout cell line
GSTP1,HZGHC005390c001,Human GSTP1 2bp deletion knockout cell line
GSTP1,HZGHC005390c009,Human GSTP1 5bp deletion knockout cell line
H2AFY,HZGHC005392c001,Human H2AFY 38bp deletion knockout cell line
H2AFY,HZGHC005392c012,Human H2AFY 17bp deletion knockout cell line
HSP90AA1,HZGHC005396c010,Human HSP90AA1 1bp insertion knockout cell line
ICAM1,HZGHC005398c001,Human ICAM1 1bp deletion knockout cell line
ICAM1,HZGHC005398c004,Human ICAM1 13bp deletion knockout cell line
LGALS3,HZGHC005401c001,Human LGALS3 10bp deletion knockout cell line
LGALS3,HZGHC005401c005,Human LGALS3 2bp deletion knockout cell line
LOC284889,HZGHC005402c003,Human LOC284889 1bp insertion knockout cell line
PSEN1,HZGHC005404c003,Human PSEN1 5bp deletion knockout cell line
PSEN1,HZGHC005404c007,Human PSEN1 49bp deletion knockout cell line
PSEN1,HZGHC005405c006,Human PSEN1 131bp deletion knockout cell line
PSEN1,HZGHC005405c012,Human PSEN1 13bp deletion knockout cell line
SDC1,HZGHC005407c001,Human SDC1 4bp deletion knockout cell line
SDC1,HZGHC005407c010,Human SDC1 22bp deletion knockout cell line
SMAD4,HZGHC005408c005,Human SMAD4 1bp insertion knockout cell line
SMAD4,HZGHC005408c007,Human SMAD4 1bp insertion knockout cell line
SMAD4,HZGHC005409c003,Human SMAD4 2bp deletion knockout cell line
PTPRJ,HZGHC005419c005,Human PTPRJ 5bp deletion knockout cell line
PTPRJ,HZGHC005419c008,Human PTPRJ 4bp deletion knockout cell line
MLXIP,HZGHC005421c012,Human MLXIP 4bp insertion knockout cell line
TMEM30A,HZGHC005423c009,Human TMEM30A 16bp deletion knockout cell line
SLC47A1,HZGHC005425c003,Human SLC47A1 4bp deletion knockout cell line
SLC47A1,HZGHC005425c004,Human SLC47A1 10bp deletion knockout cell line
HIAT1,HZGHC005426c002,Human HIAT1 11bp deletion knockout cell line
HIAT1,HZGHC005426c011,Human HIAT1 5bp deletion knockout cell line
ALKBH1,HZGHC005432c001,Human ALKBH1 80bp deletion knockout cell line
ALKBH1,HZGHC005432c010,Human ALKBH1 1bp deletion knockout cell line
ALKBH1,HZGHC005433c004,Human ALKBH1 16bp deletion knockout cell line
ALKBH1,HZGHC005433c010,Human ALKBH1 11bp deletion knockout cell line
USP2,HZGHC005436c003,Human USP2 11bp deletion knockout cell line
USP2,HZGHC005436c007,Human USP2 26bp deletion knockout cell line
SLC20A2,HZGHC005437c007,Human SLC20A2 7bp deletion knockout cell line
SLC20A2,HZGHC005437c010,Human SLC20A2 22bp deletion knockout cell line
SLC20A2,HZGHC005438c010,Human SLC20A2 14bp deletion knockout cell line
SLC20A2,HZGHC005438c011,Human SLC20A2 8bp deletion knockout cell line
VPS13A,HZGHC005443c002,Human VPS13A 19bp deletion knockout cell line
VPS13A,HZGHC005443c011,Human VPS13A 197bp deletion knockout cell line
DDX3X,HZGHC005444c005,Human DDX3X 1bp insertion knockout cell line
DDX3X,HZGHC005444c011,Human DDX3X 1bp deletion knockout cell line
DDX3X,HZGHC005444c012,Human DDX3X 1bp insertion knockout cell line
BPGM,HZGHC005448c002,Human BPGM 11bp deletion knockout cell line
BPGM,HZGHC005448c012,Human BPGM 11bp deletion knockout cell line
SLC7A5,HZGHC005452c002,Human SLC7A5 1bp insertion knockout cell line
SLC7A5,HZGHC005452c005,Human SLC7A5 16bp deletion knockout cell line
SLC6A9,HZGHC005456c010,Human SLC6A9 41bp deletion knockout cell line
SLC6A9,HZGHC005456c012,Human SLC6A9 2bp insertion knockout cell line
SLC2A11,HZGHC005458c002,Human SLC2A11 8bp deletion knockout cell line
SLC2A11,HZGHC005458c008,Human SLC2A11 1bp deletion knockout cell line
NR4A1,HZGHC005463c001,Human NR4A1 2bp deletion knockout cell line
NR4A1,HZGHC005463c003,Human NR4A1 5bp deletion knockout cell line
MED25,HZGHC005465c003,Human MED25 2bp insertion knockout cell line
TXNIP,HZGHC005467c005,Human TXNIP 1bp insertion knockout cell line
TXNIP,HZGHC005467c012,Human TXNIP 2bp deletion knockout cell line
COL1A1,HZGHC005473c001,Human COL1A1 5bp deletion knockout cell line
COL1A1,HZGHC005473c008,Human COL1A1 7bp deletion knockout cell line
PLOD2,HZGHC005475c004,Human PLOD2 1bp insertion knockout cell line
SERPINH1,HZGHC005480c004,Human SERPINH1 13bp deletion knockout cell line
SERPINH1,HZGHC005480c006,Human SERPINH1 32bp deletion knockout cell line
SPARC,HZGHC005481c001,Human SPARC 5bp deletion knockout cell line
SPARC,HZGHC005481c010,Human SPARC 20bp deletion knockout cell line
TMEM38B,HZGHC005483c010,Human TMEM38B 8bp deletion knockout cell line
TMEM38B,HZGHC005483c011,Human TMEM38B 7bp deletion knockout cell line
SLC2A6,HZGHC005485c003,Human SLC2A6 1bp deletion knockout cell line
SLC2A6,HZGHC005485c005,Human SLC2A6 1bp deletion knockout cell line
SLC35C1,HZGHC005486c001,Human SLC35C1 1bp insertion knockout cell line
SLC35C1,HZGHC005486c006,Human SLC35C1 4bp deletion knockout cell line
SLC46A1,HZGHC005489c005,Human SLC46A1 1bp deletion knockout cell line
SLC46A1,HZGHC005489c008,Human SLC46A1 4bp deletion knockout cell line
SLC30A5,HZGHC005490c002,Human SLC30A5 14bp deletion knockout cell line
SLC30A5,HZGHC005490c003,Human SLC30A5 8bp deletion knockout cell line
SLC30A5,HZGHC005491c001,Human SLC30A5 1bp deletion knockout cell line
SGPL1,HZGHC005492c005,Human SGPL1 8bp deletion knockout cell line
SGPL1,HZGHC005493c001,Human SGPL1 5bp deletion knockout cell line
SGPL1,HZGHC005493c012,Human SGPL1 8bp deletion knockout cell line
SCARB1,HZGHC005495c012,Human SCARB1 5bp deletion knockout cell line
S100A10,HZGHC005496c002,Human S100A10 1bp deletion knockout cell line
S100A10,HZGHC005496c010,Human S100A10 197bp deletion knockout cell line
S100A10,HZGHC005496c012,Human S100A10 13bp deletion knockout cell line
SLCO4A1,HZGHC005501c004,Human SLCO4A1 2bp deletion knockout cell line
SLCO4A1,HZGHC005501c006,Human SLCO4A1 1bp insertion knockout cell line
SLCO4A1,HZGHC005501c007,Human SLCO4A1 1bp deletion knockout cell line
SLC10A4,HZGHC005503c007,Human SLC10A4 1bp insertion knockout cell line
SLC10A4,HZGHC005503c009,Human SLC10A4 10bp deletion knockout cell line
SLC16A14,HZGHC005504c008,Human SLC16A14 14bp deletion knockout cell line
SLC16A9,HZGHC005506c004,Human SLC16A9 4bp deletion knockout cell line
SLC16A9,HZGHC005506c005,Human SLC16A9 19bp deletion knockout cell line
SLC18B1,HZGHC005507c011,Human SLC18B1 20bp deletion knockout cell line
SLC18B1,HZGHC005507c012,Human SLC18B1 2bp deletion knockout cell line
SLC19A3,HZGHC005508c010,Human SLC19A3 7bp deletion knockout cell line
SLC22A15,HZGHC005509c008,Human SLC22A15 2bp insertion knockout cell line
SLC22A15,HZGHC005509c009,Human SLC22A15 26bp deletion knockout cell line
SLC22A23,HZGHC005510c001,Human SLC22A23 1bp insertion knockout cell line
SLC22A23,HZGHC005510c012,Human SLC22A23 7bp deletion knockout cell line
SLC23A2,HZGHC005511c001,Human SLC23A2 7bp deletion knockout cell line
SLC23A2,HZGHC005511c006,Human SLC23A2 1bp insertion knockout cell line
SLC25A23,HZGHC005513c001,Human SLC25A23 1bp insertion knockout cell line
SLC25A24,HZGHC005514c001,Human SLC25A24 1bp deletion knockout cell line
SLC25A24,HZGHC005514c003,Human SLC25A24 1bp deletion knockout cell line
SLC25A28,HZGHC005516c002,Human SLC25A28 16bp deletion knockout cell line
SLC25A28,HZGHC005516c004,Human SLC25A28 8bp deletion knockout cell line
TNFRSF10B,HZGHC005520c002,Human TNFRSF10B 1bp deletion knockout cell line
RAB9A,HZGHC005522c003,Human RAB9A 2bp deletion knockout cell line
DDX1,HZGHC005524c014,HAP1 DDX1 (-)
DDX1,HZGHC005524c021,HAP1 DDX1 (-)
DDX1,HZGHC005524c033,HAP1 DDX1 (-)
SLC25A42,HZGHC005525c006,Human SLC25A42 1bp insertion knockout cell line
SLC25A44,HZGHC005526c004,Human SLC25A44 1bp insertion knockout cell line
SLC25A44,HZGHC005526c010,Human SLC25A44 7bp deletion knockout cell line
SLC25A43,HZGHC005527c003,Human SLC25A43 14bp deletion knockout cell line
SLC25A43,HZGHC005527c010,Human SLC25A43 2bp deletion knockout cell line
SLC25A45,HZGHC005528c008,Human SLC25A45 19bp deletion knockout cell line
LOC101927583,HZGHC005529c011,Human LOC101927583 11bp deletion knockout cell line
LOC101927583,HZGHC005529c012,Human LOC101927583 31bp deletion knockout cell line
SLC26A6,HZGHC005530c005,Human SLC26A6 17bp deletion knockout cell line
SLC26A6,HZGHC005530c007,Human SLC26A6 10bp deletion knockout cell line
SLC27A5,HZGHC005531c006,Human SLC27A5 5bp insertion knockout cell line
SLC27A5,HZGHC005531c007,Human SLC27A5 1bp insertion knockout cell line
SLC29A2,HZGHC005532c010,Human SLC29A2 1bp insertion knockout cell line
SLC29A2,HZGHC005532c011,Human SLC29A2 11bp deletion knockout cell line
SLC2A4RG,HZGHC005533c003,Human SLC2A4RG 16bp deletion knockout cell line
SLC31A2,HZGHC005534c008,Human SLC31A2 5bp deletion knockout cell line
SLC31A2,HZGHC005534c010,Human SLC31A2 16bp deletion knockout cell line
SLC35B2,HZGHC005536c002,Human SLC35B2 13bp deletion knockout cell line
SLC35B2,HZGHC005536c010,Human SLC35B2 41bp deletion knockout cell line
SLC35B3,HZGHC005537c006,Human SLC35B3 13bp deletion knockout cell line
SLC35B3,HZGHC005537c012,Human SLC35B3 68bp deletion knockout cell line
SLC35C2,HZGHC005538c001,Human SLC35C2 1bp deletion knockout cell line
SLC35C2,HZGHC005538c006,Human SLC35C2 2bp deletion knockout cell line
SLC35D2,HZGHC005539c008,Human SLC35D2 10bp deletion knockout cell line
SLC35D2,HZGHC005539c010,Human SLC35D2 8bp insertion knockout cell line
SLC35E3,HZGHC005540c003,Human SLC35E3 11bp deletion knockout cell line
SLC35E3,HZGHC005540c004,Human SLC35E3 1bp insertion knockout cell line
SLC35E4,HZGHC005541c002,Human SLC35E4 14bp deletion knockout cell line
SLC35E4,HZGHC005541c003,Human SLC35E4 10bp deletion knockout cell line
SLC35G2,HZGHC005544c004,Human SLC35G2 22bp deletion knockout cell line
SLC35G2,HZGHC005544c006,Human SLC35G2 2bp deletion knockout cell line
SZT2,HZGHC005559c001,Human SZT2 79bp deletion knockout cell line
CD47,HZGHC005561c003,Human CD47 5bp deletion knockout cell line
CD47,HZGHC005561c011,Human CD47 11bp deletion knockout cell line
SLC36A1,HZGHC005563c010,Human SLC36A1 1bp insertion knockout cell line
SLC36A1,HZGHC005563c011,Human SLC36A1 1bp insertion knockout cell line
SLC37A1,HZGHC005564c008,Human SLC37A1 1bp deletion knockout cell line
SLC37A1,HZGHC005564c011,Human SLC37A1 16bp deletion knockout cell line
SLC37A3,HZGHC005565c003,Human SLC37A3 5bp deletion knockout cell line
SLC37A3,HZGHC005565c005,Human SLC37A3 5bp deletion knockout cell line
SLC38A6,HZGHC005566c003,Human SLC38A6 2bp deletion knockout cell line
SLC38A7,HZGHC005567c005,Human SLC38A7 8bp deletion knockout cell line
SLC39A11,HZGHC005568c008,Human SLC39A11 55bp deletion knockout cell line
SLC39A13,HZGHC005569c001,Human SLC39A13 7bp deletion knockout cell line
SLC41A1,HZGHC005570c003,Human SLC41A1 1bp deletion knockout cell line
SLC41A1,HZGHC005570c010,Human SLC41A1 1bp deletion knockout cell line
SLC41A1,HZGHC005570c012,Human SLC41A1 13bp deletion knockout cell line
SLC41A2,HZGHC005571c008,Human SLC41A2 25bp deletion knockout cell line
SLC4A11,HZGHC005575c001,Human SLC4A11 2bp deletion knockout cell line
SLC4A11,HZGHC005575c012,Human SLC4A11 7bp deletion knockout cell line
SLC4A1AP,HZGHC005576c004,Human SLC4A1AP 16bp deletion knockout cell line
SLC4A1AP,HZGHC005576c007,Human SLC4A1AP 5bp deletion knockout cell line
SLC4A3,HZGHC005577c005,Human SLC4A3 2bp deletion knockout cell line
SLC50A1,HZGHC005578c010,Human SLC50A1 11bp deletion knockout cell line
SLC5A3,HZGHC005579c004,Human SLC5A3 5bp deletion knockout cell line
SLC6A6,HZGHC005580c009,Human SLC6A6 1bp insertion knockout cell line
SLC6A6,HZGHC005580c010,Human SLC6A6 17bp deletion knockout cell line
MFSD9,HZGHC005585c001,Human MFSD9 25bp deletion knockout cell line
MFSD9,HZGHC005585c008,Human MFSD9 5bp deletion knockout cell line
BRIP1,HZGHC005588c003,Human BRIP1 2bp insertion knockout cell line
BRIP1,HZGHC005588c011,Human BRIP1 4bp deletion knockout cell line
EPS15,HZGHC005589c006,Human EPS15 23bp deletion knockout cell line
EPS15,HZGHC005589c008,Human EPS15 2bp insertion knockout cell line
FOLR1,HZGHC005591c006,Human FOLR1 26bp deletion knockout cell line
FOLR1,HZGHC005591c012,Human FOLR1 8bp deletion knockout cell line
TMEM175,HZGHC005593c004,Human TMEM175 13bp deletion knockout cell line
TMEM175,HZGHC005594c010,Human TMEM175 8bp deletion knockout cell line
SPTLC2,HZGHC005595c003,Human SPTLC2 1bp insertion knockout cell line
SPTLC2,HZGHC005596c004,Human SPTLC2 11bp deletion knockout cell line
COL4A3BP,HZGHC005597c003,Human COL4A3BP 16bp deletion knockout cell line
COL4A3BP,HZGHC005597c005,Human COL4A3BP 13bp deletion knockout cell line
ADCY3,HZGHC005600c008,Human ADCY3 2bp insertion knockout cell line
ADCY3,HZGHC005600c010,Human ADCY3 2bp insertion knockout cell line
ADCY6,HZGHC005602c010,Human ADCY6 1bp insertion knockout cell line
ADCY6,HZGHC005602c011,Human ADCY6 1bp insertion knockout cell line
ADCY7,HZGHC005604c001,Human ADCY7 14bp deletion knockout cell line
ADCY7,HZGHC005604c012,Human ADCY7 8bp deletion knockout cell line
ADCY9,HZGHC005605c009,Human ADCY9 13bp deletion knockout cell line
ADCY9,HZGHC005605c010,Human ADCY9 8bp deletion knockout cell line
NTHL1,HZGHC005609c008,Human XRCC4 NTHL1 NEIL3 NEIL2 multiple knockout cell line
NTHL1,HZGHC005609c010,Human XRCC4 NTHL1 NEIL3 NEIL2 multiple knockout cell line
NTHL1,HZGHC005610c006,Human XPA NTHL1 NEIL3 NEIL2 multiple knockout cell line
NTHL1,HZGHC005610c011,Human XPA NTHL1 NEIL3 NEIL2 multiple knockout cell line
NTHL1,HZGHC005611c007,Human RAD52 NTHL1 NEIL3 NEIL2 multiple knockout cell line
NTHL1,HZGHC005611c012,Human RAD52 NTHL1 NEIL3 NEIL2 multiple knockout cell line
NTHL1,HZGHC005612c005,Human FANCI NTHL1 NEIL3 NEIL2 multiple knockout cell line
NTHL1,HZGHC005612c033,Human FANCI NTHL1 NEIL3 NEIL2 multiple knockout cell line
NTHL1,HZGHC005613c001,Human TERT NTHL1 NEIL3 NEIL2 multiple knockout cell line
NTHL1,HZGHC005613c005,Human TERT NTHL1 NEIL3 NEIL2 multiple knockout cell line
NEIL1/NEIL2/NTHL1/TERT,HZGHC005613c016,HAP1 NEIL1 (-)/NEIL2 (-)/NEIL3 (-)/NTHL1 (-)/TERT (-)
NEIL1/NEIL2/NTHL1/TERT,HZGHC005613c024,HAP1 NEIL1 (-)/NEIL2 (-)/NEIL3 (-)/NTHL1 (-)/TERT (-)
NTHL1,HZGHC005614c002,Human MSH2 NTHL1 NEIL3 NEIL2 multiple knockout cell line
NTHL1,HZGHC005614c010,Human MSH2 NTHL1 NEIL3 NEIL2 multiple knockout cell line
SLC8B1,HZGHC005617c004,Human SLC8B1 4bp deletion knockout cell line
SLC8B1,HZGHC005617c005,Human SLC8B1 4bp deletion knockout cell line
SLC8B1,HZGHC005617c007,Human SLC8B1 1bp deletion knockout cell line
SLC9A1,HZGHC005618c004,Human SLC9A1 14bp deletion knockout cell line
SLC9A1,HZGHC005618c011,Human SLC9A1 23bp deletion knockout cell line
SLC9A3,HZGHC005619c002,Human SLC9A3 4bp deletion knockout cell line
SLC9A3,HZGHC005619c008,Human SLC9A3 7bp deletion knockout cell line
SLC9A8,HZGHC005620c002,Human SLC9A8 161bp insertion knockout cell line
SLC9A8,HZGHC005620c011,Human SLC9A8 1bp deletion knockout cell line
SLC9B2,HZGHC005621c002,Human SLC9B2 8bp deletion knockout cell line
SLCO5A1,HZGHC005623c004,Human SLCO5A1 1bp deletion knockout cell line
SLCO5A1,HZGHC005623c006,Human SLCO5A1 1bp insertion knockout cell line
SLCO5A1,HZGHC005623c012,Human SLCO5A1 32bp deletion knockout cell line
TTC7A,HZGHC005624c003,Human TTC7A 19bp deletion knockout cell line
TTC7A,HZGHC005624c010,Human TTC7A 1bp insertion knockout cell line
FXR1,HZGHC005626c004,Human FXR1 25bp deletion knockout cell line
FXR1,HZGHC005626c010,Human FXR1 17bp deletion knockout cell line
FXR1,HZGHC005627c001,Human FXR1 22bp deletion knockout cell line
FXR1,HZGHC005627c009,Human FXR1 8bp deletion knockout cell line
GTF2I,HZGHC005629c002,Human GTF2I 17bp deletion knockout cell line
GTF2I,HZGHC005629c007,Human GTF2I 28bp deletion knockout cell line
H2AFX,HZGHC005630c001,Human H2AFX 1bp insertion knockout cell line
H2AFX,HZGHC005630c003,Human H2AFX 2bp deletion knockout cell line
PRKDC,HZGHC005633c001,Human XRCC4 PRKDC multiple knockout cell line
PRKDC,HZGHC005633c008,Human XRCC4 PRKDC multiple knockout cell line
KAT2A,HZGHC005635c001,Human KAT2B KAT2A multiple knockout cell line
KAT2A,HZGHC005635c002,Human KAT2B KAT2A multiple knockout cell line
KAT2B,HZGHC005636c006,Human KAT2A KAT2B multiple knockout cell line
KAT2B,HZGHC005636c007,Human KAT2A KAT2B multiple knockout cell line
KAT2B,HZGHC005636c008,Human KAT2A KAT2B multiple knockout cell line
PELO,HZGHC005651c007,Human PELO PELO multiple knockout cell line
PELO,HZGHC005651c009,Human PELO PELO multiple knockout cell line
ELOVL1,HZGHC005685c009,Human ELOVL1 8bp deletion knockout cell line
ELOVL1,HZGHC005685c011,Human ELOVL1 5bp deletion knockout cell line
ABCD1,HZGHC005686c001,Human ABCD1 10bp deletion knockout cell line
ABCD1,HZGHC005687c011,Human ABCD1 1bp insertion knockout cell line
VDAC3,HZGHC005689c006,Human VDAC3 17bp deletion knockout cell line
VDAC3,HZGHC005689c008,Human VDAC3 20bp deletion knockout cell line
SH3BP5L,HZGHC005690c010,Human SH3BP5L 8bp deletion knockout cell line
SH3BP5L,HZGHC005690c012,Human SH3BP5L 14bp deletion knockout cell line
WDR6,HZGHC005694c001,Human WDR6 4bp deletion knockout cell line
WDR6,HZGHC005694c006,Human WDR6 1bp insertion knockout cell line
WDR6,HZGHC005695c010,Human WDR6 73bp deletion knockout cell line
FTSJ1,HZGHC005697c009,Human FTSJ1 2bp deletion knockout cell line
FTSJ1,HZGHC005697c012,Human FTSJ1 1bp insertion knockout cell line
EXO5,HZGHC005698c003,Human EXO5 7bp deletion knockout cell line
EXO5,HZGHC005698c007,Human EXO5 8bp deletion knockout cell line
KDELR1,HZGHC005700c011,Human KDELR1 1bp deletion knockout cell line
GSN,HZGHC005703c004,Human GSN 1bp deletion knockout cell line
GSN,HZGHC005703c012,Human GSN 1bp insertion knockout cell line
VDAC1,HZGHC005706c001,Human VDAC1 14bp deletion knockout cell line
VDAC1,HZGHC005706c002,Human VDAC1 2bp deletion knockout cell line
SH3BP5,HZGHC005707c001,Human SH3BP5 1bp deletion knockout cell line
SH3BP5,HZGHC005707c011,Human SH3BP5 10bp deletion knockout cell line
SH3BP5,HZGHC005708c011,Human SH3BP5 1bp insertion knockout cell line
RAB35,HZGHC005709c003,Human RAB35 1bp insertion knockout cell line
RAB35,HZGHC005710c006,Human RAB35 1bp deletion knockout cell line
RAB35,HZGHC005710c011,Human RAB35 1bp insertion knockout cell line
GID4,HZGHC005714c002,Human GID4 2bp insertion knockout cell line
GID4,HZGHC005714c003,Human GID4 25bp deletion knockout cell line
FBXO18,HZGHC005715c008,Human FBXO18 2bp deletion knockout cell line
FBXO18,HZGHC005715c011,Human FBXO18 1bp deletion knockout cell line
SETD8,HZGHC005717c005,Human SETD8 64bp deletion knockout cell line
SETD8,HZGHC005717c010,Human SETD8 38bp deletion knockout cell line
GID4,HZGHC005724c004,Human GID4 5bp deletion knockout cell line
GID4,HZGHC005724c011,Human GID4 7bp deletion knockout cell line
ALKBH3,HZGHC005729c008,Human ALKBH3 1bp insertion knockout cell line
ALKBH3,HZGHC005729c010,Human ALKBH3 1bp insertion knockout cell line
IQGAP2,HZGHC005732c002,Human IQGAP2 17bp deletion knockout cell line
IQGAP2,HZGHC005732c005,Human IQGAP2 1bp insertion knockout cell line
PREP,HZGHC005733c001,Human PREP 2bp deletion knockout cell line
PREP,HZGHC005733c002,Human PREP 13bp deletion knockout cell line
PREP,HZGHC005734c003,Human PREP 10bp deletion knockout cell line
PREP,HZGHC005734c005,Human PREP 1bp insertion knockout cell line
C14ORF159,HZGHC005735c008,Human C14orf159 4bp deletion knockout cell line
C14ORF159,HZGHC005735c011,Human C14orf159 10bp deletion knockout cell line
C14ORF159,HZGHC005736c001,Human C14orf159 2bp deletion knockout cell line
C14ORF159,HZGHC005736c011,Human C14orf159 43bp deletion knockout cell line
C20ORF24,HZGHC005742c004,Human C20orf24 2bp deletion knockout cell line
C20ORF24,HZGHC005742c007,Human C20orf24 10bp deletion knockout cell line
C2ORF69,HZGHC005743c006,Human C2orf69 181bp deletion knockout cell line
C2ORF69,HZGHC005743c010,Human C2orf69 1bp insertion knockout cell line
C2ORF69,HZGHC005744c004,Human C2orf69 23bp deletion knockout cell line
C2ORF69,HZGHC005744c007,Human C2orf69 14bp deletion knockout cell line
C3ORF33,HZGHC005745c002,Human C3orf33 1bp insertion knockout cell line
C3ORF33,HZGHC005746c007,Human C3orf33 10bp deletion knockout cell line
C8ORF82,HZGHC005747c008,Human C8orf82 16bp insertion knockout cell line
C8ORF82,HZGHC005748c007,Human C8orf82 1bp insertion knockout cell line
CCDC51,HZGHC005749c001,Human CCDC51 31bp deletion knockout cell line
CCDC51,HZGHC005749c004,Human CCDC51 2bp deletion knockout cell line
CCDC51,HZGHC005750c001,Human CCDC51 1bp insertion knockout cell line
CECR5,HZGHC005751c004,Human CECR5 11bp deletion knockout cell line
CECR5,HZGHC005751c005,Human CECR5 10bp deletion knockout cell line
CECR5,HZGHC005751c012,Human CECR5 1bp deletion knockout cell line
CECR5,HZGHC005752c001,Human CECR5 7bp deletion knockout cell line
CECR5,HZGHC005752c011,Human CECR5 1bp insertion knockout cell line
DCAKD,HZGHC005753c007,Human DCAKD 91bp deletion knockout cell line
DCAKD,HZGHC005753c011,Human DCAKD 2bp insertion knockout cell line
DCAKD,HZGHC005754c005,Human DCAKD 20bp deletion knockout cell line
DCAKD,HZGHC005754c006,Human DCAKD 5bp deletion knockout cell line
DHRS1,HZGHC005755c001,Human DHRS1 7bp deletion knockout cell line
DHRS1,HZGHC005755c002,Human DHRS1 16bp deletion knockout cell line
DHRS1,HZGHC005756c004,Human DHRS1 2bp insertion knockout cell line
DHRS1,HZGHC005756c006,Human DHRS1 10bp deletion knockout cell line
FAM136A,HZGHC005758c007,Human FAM136A 14bp deletion knockout cell line
FAM136A,HZGHC005758c008,Human FAM136A 32bp deletion knockout cell line
FUNDC2,HZGHC005759c009,Human FUNDC2 14bp deletion knockout cell line
FUNDC2,HZGHC005759c012,Human FUNDC2 1bp insertion knockout cell line
FUNDC2,HZGHC005760c003,Human FUNDC2 1bp insertion knockout cell line
FUNDC2,HZGHC005760c004,Human FUNDC2 1bp deletion knockout cell line
FUNDC2,HZGHC005760c008,Human FUNDC2 22bp deletion knockout cell line
GLOD4,HZGHC005761c008,Human GLOD4 2bp deletion knockout cell line
GLOD4,HZGHC005761c011,Human GLOD4 19bp deletion knockout cell line
GLOD4,HZGHC005762c010,Human GLOD4 16bp deletion knockout cell line
GNG5,HZGHC005763c001,Human GNG5 1bp insertion knockout cell line
GNG5,HZGHC005763c007,Human GNG5 2bp deletion knockout cell line
GTPBP6,HZGHC005765c007,Human GTPBP6 97bp insertion knockout cell line
HDHD3,HZGHC005766c002,Human HDHD3 35bp deletion knockout cell line
HDHD3,HZGHC005766c003,Human HDHD3 116bp deletion knockout cell line
HDHD3,HZGHC005767c004,Human HDHD3 1bp insertion knockout cell line
HDHD3,HZGHC005767c008,Human HDHD3 31bp deletion knockout cell line
HDHD3,HZGHC005767c012,Human HDHD3 1bp insertion knockout cell line
NTHL1,HZGHC005768c001,Human OGG1 NTHL1 NEIL3 NEIL2 multiple knockout cell line
NTHL1,HZGHC005768c011,Human OGG1 NTHL1 NEIL3 NEIL2 multiple knockout cell line
KIAA0100,HZGHC005770c003,Human KIAA0100 20bp deletion knockout cell line
KIAA0100,HZGHC005770c004,Human KIAA0100 4bp deletion knockout cell line
KIAA0100,HZGHC005771c011,Human KIAA0100 2bp deletion knockout cell line
LETMD1,HZGHC005772c007,Human LETMD1 1bp insertion knockout cell line
LETMD1,HZGHC005772c008,Human LETMD1 11bp deletion knockout cell line
LETMD1,HZGHC005773c003,Human LETMD1 7bp deletion knockout cell line
LYRM2,HZGHC005774c001,Human LYRM2 28bp deletion knockout cell line
LYRM2,HZGHC005774c004,Human LYRM2 7bp deletion knockout cell line
MTFR1L,HZGHC005776c001,Human MTFR1L 1bp insertion knockout cell line
MTFR1L,HZGHC005776c004,Human MTFR1L 16bp deletion knockout cell line
MTFR1L,HZGHC005777c005,Human MTFR1L 14bp deletion knockout cell line
NIPSNAP3A,HZGHC005778c011,Human NIPSNAP3A 5bp deletion knockout cell line
NIPSNAP3A,HZGHC005779c004,Human NIPSNAP3A 13bp deletion knockout cell line
NIPSNAP3A,HZGHC005779c010,Human NIPSNAP3A 11bp deletion knockout cell line
NT5DC2,HZGHC005780c012,Human NT5DC2 4bp deletion knockout cell line
NT5DC2,HZGHC005781c002,Human NT5DC2 5bp deletion knockout cell line
NT5DC2,HZGHC005781c006,Human NT5DC2 2bp deletion knockout cell line
OCIAD1,HZGHC005782c010,Human OCIAD1 2bp deletion knockout cell line
OCIAD1,HZGHC005783c004,Human OCIAD1 14bp deletion knockout cell line
PREPL,HZGHC005784c002,Human PREPL 4bp deletion knockout cell line
PREPL,HZGHC005784c012,Human PREPL 13bp deletion knockout cell line
PREPL,HZGHC005785c001,Human PREPL 2bp deletion knockout cell line
RSAD1,HZGHC005786c002,Human RSAD1 7bp deletion knockout cell line
RSAD1,HZGHC005787c007,Human RSAD1 1bp insertion knockout cell line
RSAD1,HZGHC005787c011,Human RSAD1 1bp insertion knockout cell line
SCCPDH,HZGHC005788c009,Human SCCPDH 4bp deletion knockout cell line
SCCPDH,HZGHC005788c010,Human SCCPDH 5bp deletion knockout cell line
SCCPDH,HZGHC005789c004,Human SCCPDH 1bp insertion knockout cell line
SFXN3,HZGHC005790c010,Human SFXN3 1bp insertion knockout cell line
SFXN3,HZGHC005791c005,Human SFXN3 4bp deletion knockout cell line
SPATA20,HZGHC005792c005,Human SPATA20 20bp deletion knockout cell line
SPATA20,HZGHC005792c009,Human SPATA20 14bp deletion knockout cell line
SPATA20,HZGHC005793c010,Human SPATA20 8bp deletion knockout cell line
SPATA20,HZGHC005793c011,Human SPATA20 2bp insertion knockout cell line
SPRYD4,HZGHC005794c008,Human SPRYD4 17bp deletion knockout cell line
SPRYD4,HZGHC005794c009,Human SPRYD4 28bp deletion knockout cell line
SPRYD4,HZGHC005795c001,Human SPRYD4 10bp deletion knockout cell line
SPRYD4,HZGHC005795c011,Human SPRYD4 37bp deletion knockout cell line
TMEM126A,HZGHC005796c011,Human TMEM126A 14bp deletion knockout cell line
TMEM126A,HZGHC005797c004,Human TMEM126A 1bp insertion knockout cell line
TMEM126A,HZGHC005797c006,Human TMEM126A 1bp deletion knockout cell line
TMEM205,HZGHC005798c001,Human TMEM205 1bp insertion knockout cell line
TMEM205,HZGHC005799c001,Human TMEM205 1bp insertion knockout cell line
TMEM205,HZGHC005799c005,Human TMEM205 1bp deletion knockout cell line
TMEM205,HZGHC005799c010,Human TMEM205 4bp deletion knockout cell line
ZADH2,HZGHC005800c003,Human ZADH2 1bp insertion knockout cell line
ZADH2,HZGHC005800c009,Human ZADH2 1bp deletion knockout cell line
ZADH2,HZGHC005801c007,Human ZADH2 2bp insertion knockout cell line
ZADH2,HZGHC005801c009,Human ZADH2 16bp deletion knockout cell line
ACLY,HZGHC005811c002,Human ACLY 56bp deletion knockout cell line
ACLY,HZGHC005811c011,Human ACLY 2bp deletion knockout cell line
KRAS,HZGHC005816c001,Human KRAS 5bp deletion knockout cell line
KRAS,HZGHC005816c002,Human KRAS 2bp deletion knockout cell line
UVSSA,HZGHC005817c010,Human UVSSA 7bp deletion knockout cell line
UVSSA,HZGHC005818c001,Human UVSSA 7bp deletion knockout cell line
UVSSA,HZGHC005818c011,Human UVSSA 152bp deletion knockout cell line
E2F8,HZGHC005819c010,Human E2F8 2bp insertion knockout cell line
E2F8,HZGHC005819c011,Human E2F8 7bp insertion knockout cell line
ZNF367,HZGHC005822c011,Human ZNF367 5bp deletion knockout cell line
ZNF367,HZGHC005822c012,Human ZNF367 2bp deletion knockout cell line
TCF19,HZGHC005823c002,Human TCF19 1bp insertion knockout cell line
SLC48A1,HZGHC005825c003,Human SLC48A1 4bp deletion knockout cell line
SLC48A1,HZGHC005825c004,Human SLC48A1 2bp deletion knockout cell line
HOOK3,HZGHC005827c012,Human HOOK3 2bp deletion knockout cell line
GIT1,HZGHC005828c003,Human GIT1 1bp insertion knockout cell line
PFN1,HZGHC005831c016,HAP1 PFN1 (-)
PFN1,HZGHC005831c017,HAP1 PFN1 (-)
PFN1,HZGHC005831c020,HAP1 PFN1 (-)
PFN1,HZGHC005831c024,HAP1 PFN1 (-)
SLC35G1,HZGHC005832c005,Human SLC35G1 1bp deletion knockout cell line
SLC35F5,HZGHC005833c008,Human SLC35F5 5bp deletion knockout cell line
SLC35F5,HZGHC005833c009,Human SLC35F5 4bp deletion knockout cell line
BAG3,HZGHC005834c001,Human BAG3 11bp deletion knockout cell line
BAG3,HZGHC005834c012,Human BAG3 7bp deletion knockout cell line
SLC7A8,HZGHC005852c011,Human SLC7A8 2bp deletion knockout cell line
SLC10A3,HZGHC005854c005,Human SLC10A3 104bp deletion knockout cell line
OXNAD1,HZGHC005865c001,Human OXNAD1 28bp deletion knockout cell line
ATP5L,HZGHC005868c005,Human ATP5L 1bp insertion knockout cell line
ATP5L,HZGHC005868c009,Human ATP5L 2bp deletion knockout cell line
FMR1,HZGHC005871c008,Human FMR1 23bp deletion knockout cell line
FMR1,HZGHC005872c002,Human FMR1 13bp deletion knockout cell line
FMR1,HZGHC005872c005,Human FMR1 2bp insertion knockout cell line
ISOC2,HZGHC005874c009,Human ISOC2 1bp insertion knockout cell line
ISOC2,HZGHC005875c002,Human ISOC2 5bp deletion knockout cell line
ISOC2,HZGHC005875c011,Human ISOC2 16bp deletion knockout cell line
TMEM106B,HZGHC005876c009,Human TMEM106B 19bp deletion knockout cell line
TMEM106B,HZGHC005877c002,Human TMEM106B 8bp deletion knockout cell line
TMEM106B,HZGHC005877c010,Human TMEM106B 4bp deletion knockout cell line
TNRC6A,HZGHC005879c006,Human TNRC6A 10bp deletion knockout cell line
TNRC6A,HZGHC005879c011,Human TNRC6A 7bp deletion knockout cell line
HERPUD2,HZGHC005881c001,Human HERPUD2 10bp deletion knockout cell line
HERPUD2,HZGHC005881c010,Human HERPUD2 7bp deletion knockout cell line
LDHB,HZGHC005907c002,Human LDHB 70bp insertion knockout cell line
LDHB,HZGHC005907c010,Human LDHB 1bp insertion knockout cell line
ME1,HZGHC005910c001,Human ME1 4bp deletion knockout cell line
ME1,HZGHC005910c011,Human ME1 1bp insertion knockout cell line
PUSL1,HZGHC005912c007,Human PUSL1 8bp deletion knockout cell line
PUSL1,HZGHC005912c010,Human PUSL1 1bp insertion knockout cell line
SLCO3A1,HZGHC005913c006,Human SLCO3A1 4bp deletion knockout cell line
SLCO3A1,HZGHC005913c012,Human SLCO3A1 7bp deletion knockout cell line
XKR8,HZGHC005916c007,Human XKR8 2bp insertion knockout cell line
XKR8,HZGHC005917c010,Human XKR8 1bp deletion knockout cell line
PGAP3,HZGHC005919c010,Human PGAP3 32bp deletion knockout cell line
TMED5,HZGHC005921c001,Human TMED5 2bp deletion knockout cell line
TMED5,HZGHC005921c004,Human TMED5 1bp insertion knockout cell line
TMED7,HZGHC005923c002,Human TMED7 1bp insertion knockout cell line
TMED7,HZGHC005923c007,Human TMED7 10bp deletion knockout cell line
TMED9,HZGHC005924c006,Human TMED9 5bp deletion knockout cell line
TMED9,HZGHC005925c005,Human TMED9 1bp insertion knockout cell line
CLN3,HZGHC005930c001,Human SLC36A1 CLN3 multiple knockout cell line
B3GALNT2,HZGHC005932c003,Human B3GALNT2 14bp deletion knockout cell line
B4GALNT2,HZGHC005933c010,Human B4GALNT2 11bp deletion knockout cell line
B4GALNT2,HZGHC005933c011,Human B4GALNT2 11bp deletion knockout cell line
CHST10,HZGHC005935c005,Human CHST10 2bp deletion knockout cell line
CHST10,HZGHC005935c011,Human CHST10 14bp deletion knockout cell line
MPG,HZGHC005937c010,Human OGG1 MPG multiple knockout cell line
MPG,HZGHC005937c011,Human OGG1 MPG multiple knockout cell line
OGG1,HZGHC005938c004,Human MPG OGG1 multiple knockout cell line
OGG1,HZGHC005938c012,Human MPG OGG1 multiple knockout cell line
PPIL1,HZGHC005943c001,Human PPIL1 22bp deletion knockout cell line
PPIL1,HZGHC005943c006,Human PPIL1 2bp insertion knockout cell line
TAGLN2,HZGHC005947c002,Human TAGLN2 7bp deletion knockout cell line
TAGLN2,HZGHC005947c010,Human TAGLN2 71bp deletion knockout cell line
GSTM2,HZGHC005954c003,Human GSTM2 11bp deletion knockout cell line
GSTM2,HZGHC005954c010,Human GSTM2 2bp deletion knockout cell line
ARNTL,HZGHC005955c003,Human ARNTL 11bp deletion knockout cell line
ARNTL,HZGHC005955c010,Human ARNTL 1bp deletion knockout cell line
BACE1,HZGHC005958c001,Human BACE1 11bp deletion knockout cell line
BACE1,HZGHC005958c008,Human BACE1 2bp insertion knockout cell line
BAD,HZGHC005959c001,Human BAD 23bp deletion knockout cell line
BAD,HZGHC005959c002,Human BAD 29bp deletion knockout cell line
BAK1,HZGHC005962c001,Human BAK1 1bp insertion knockout cell line
BMP7,HZGHC005964c001,Human BMP7 4bp deletion knockout cell line
BMP7,HZGHC005964c002,Human BMP7 8bp deletion knockout cell line
CD36,HZGHC005966c002,Human CD36 8bp deletion knockout cell line
CD36,HZGHC005966c003,Human CD36 8bp deletion knockout cell line
CD36,HZGHC005966c010,Human CD36 1bp insertion knockout cell line
CD44,HZGHC005968c010,Human CD44 26bp deletion knockout cell line
CD44,HZGHC005968c012,Human CD44 17bp deletion knockout cell line
CDH2,HZGHC005969c007,Human CDH2 16bp deletion knockout cell line
CDH2,HZGHC005969c011,Human CDH2 2bp deletion knockout cell line
COX4I1,HZGHC005971c006,Human COX4I1 73bp deletion knockout cell line
CTNNA1,HZGHC005974c001,Human CTNNA1 23bp deletion knockout cell line
CTNNA1,HZGHC005974c003,Human CTNNA1 14bp deletion knockout cell line
EZR,HZGHC005976c007,Human EZR 5bp deletion knockout cell line
FLOT1,HZGHC005977c002,Human FLOT1 5bp deletion knockout cell line
FLOT1,HZGHC005977c006,Human FLOT1 26bp deletion knockout cell line
GPX4,HZGHC005981c005,Human GPX4 1bp insertion knockout cell line
GPX4,HZGHC005982c001,Human GPX4 1bp deletion knockout cell line
HMOX1,HZGHC005983c001,Human HMOX1 110bp deletion knockout cell line
HMOX1,HZGHC005983c002,Human HMOX1 110bp deletion knockout cell line
HMOX1,HZGHC005983c003,Human HMOX1 1bp deletion knockout cell line
IL17RA,HZGHC005986c004,Human IL17RA 2bp deletion knockout cell line
IL17RA,HZGHC005986c009,Human IL17RA 94bp deletion knockout cell line
LEF1,HZGHC005988c004,Human LEF1 13bp deletion knockout cell line
LEF1,HZGHC005988c008,Human LEF1 2bp deletion knockout cell line
LGALS1,HZGHC005989c003,Human LGALS1 1bp insertion knockout cell line
LGALS1,HZGHC005989c006,Human LGALS1 5bp deletion knockout cell line
MBP,HZGHC005992c011,Human MBP 1bp insertion knockout cell line
MBP,HZGHC005992c012,Human MBP 4bp deletion knockout cell line
NDUFB8,HZGHC005993c003,Human NDUFB8 1bp deletion knockout cell line
NDUFB8,HZGHC005994c006,Human NDUFB8 37bp deletion knockout cell line
NFATC1,HZGHC005995c004,Human NFATC1 1bp deletion knockout cell line
NFATC1,HZGHC005995c005,Human NFATC1 7bp deletion knockout cell line
PLIN2,HZGHC005998c004,Human PLIN2 2bp deletion knockout cell line
PLIN2,HZGHC005998c010,Human PLIN2 25bp deletion knockout cell line
SATB2,HZGHC005999c010,Human SATB2 2bp insertion knockout cell line
SATB2,HZGHC005999c011,Human SATB2 22bp deletion knockout cell line
STAT6,HZGHC006001c004,Human STAT6 4bp deletion knockout cell line
TGOLN2,HZGHC006003c003,Human TGOLN2 8bp deletion knockout cell line
TGOLN2,HZGHC006004c006,Human TGOLN2 22bp deletion knockout cell line
TP73,HZGHC006006c001,Human TP73 1bp insertion knockout cell line
TP73,HZGHC006006c004,Human TP73 32bp deletion knockout cell line
TP73,HZGHC006006c011,Human TP73 1bp insertion knockout cell line
BMP4,HZGHC006008c001,Human BMP4 31bp deletion knockout cell line
BMP4,HZGHC006008c003,Human BMP4 10bp deletion knockout cell line
UBE3A,HZGHC006009c010,Human UBE3A 8bp deletion knockout cell line
UBE3A,HZGHC006009c012,Human UBE3A 7bp deletion knockout cell line
STX17,HZGHC006011c001,Human STX17 1bp insertion knockout cell line
STX17,HZGHC006011c005,Human STX17 1bp insertion knockout cell line
ME2,HZGHC006020c010,Human ME2 1bp insertion knockout cell line
PTPRD,HZGHC006021c001,Human PTPRD 1bp insertion knockout cell line
PTPRD,HZGHC006021c011,Human PTPRD 2bp deletion knockout cell line
WWOX,HZGHC006024c001,Human WWOX 1bp insertion knockout cell line
FAT1,HZGHC006025c001,Human FAT1 8bp deletion knockout cell line
FAT1,HZGHC006025c011,Human FAT1 1bp insertion knockout cell line
ATAD1,HZGHC006028c011,Human ATAD1 20bp deletion knockout cell line
GMDS,HZGHC006029c006,Human GMDS 10bp deletion knockout cell line
PRODH,HZGHC006031c002,Human PRODH 1bp insertion knockout cell line
PRODH,HZGHC006031c006,Human PRODH 22bp deletion knockout cell line
SAT2,HZGHC006034c001,Human SAT2 11bp deletion knockout cell line
SAT2,HZGHC006034c007,Human SAT2 25bp deletion knockout cell line
IMMP2L,HZGHC006035c010,Human IMMP2L 1bp insertion knockout cell line
SGPL1,HZGHC006037c002,Human SPTLC1 SGPL1 multiple knockout cell line
SGPL1,HZGHC006037c003,Human SPTLC1 SGPL1 multiple knockout cell line
SPTLC1,HZGHC006038c006,Human SGPL1 SPTLC1 multiple knockout cell line
ADCY3,HZGHC006039c003,Human ADCY6 ADCY3 multiple knockout cell line
ADCY3,HZGHC006039c012,Human ADCY6 ADCY3 multiple knockout cell line
SMYD3,HZGHC006042c004,Human SMYD3 7bp deletion knockout cell line
SMYD3,HZGHC006042c010,Human SMYD3 10bp deletion knockout cell line
PACRG,HZGHC006045c008,Human PACRG 19bp deletion knockout cell line
PACRG,HZGHC006045c012,Human PACRG 11bp deletion knockout cell line
RERE,HZGHC006046c008,Human RERE 1bp deletion knockout cell line
RERE,HZGHC006046c011,Human RERE 20bp deletion knockout cell line
PSPC1,HZGHC006048c003,Human PSPC1 26bp deletion knockout cell line
PSPC1,HZGHC006049c007,Human PSPC1 11bp deletion knockout cell line
GBE1,HZGHC006051c004,Human GBE1 11bp deletion knockout cell line
GBE1,HZGHC006051c010,Human GBE1 1bp deletion knockout cell line
ELAC1,HZGHC006052c003,Human ELAC1 127bp deletion knockout cell line
ELAC1,HZGHC006052c004,Human ELAC1 14bp deletion knockout cell line
MEX3C,HZGHC006054c007,Human MEX3C 17bp deletion knockout cell line
RAD51B,HZGHC006058c011,Human RAD51B 2bp deletion knockout cell line
RAD51B,HZGHC006059c001,Human RAD51B 1bp insertion knockout cell line
FOXA1,HZGHC006060c006,Human FOXA1 7bp deletion knockout cell line
FOXA1,HZGHC006060c010,Human FOXA1 20bp deletion knockout cell line
SMARCC2,HZGHC006062c010,Human SMARCC2 2bp deletion knockout cell line
SMARCC2,HZGHC006062c012,Human SMARCC2 14bp deletion knockout cell line
ABCA3,HZGHC006065c002,Human ABCA3 1bp insertion knockout cell line
NRP1,HZGHC006068c003,Human NRP1 2bp insertion knockout cell line
NRP1,HZGHC006068c006,Human NRP1 74bp deletion knockout cell line
NAA16,HZGHC006071c003,Human NAA16 1bp insertion knockout cell line
FLCN,HZGHC006077c006,Human FLCN 19bp deletion knockout cell line
GFPT1,HZGHC006080c007,Human GFPT1 82bp deletion knockout cell line
MGEA5,HZGHC006084c005,Human MGEA5 16bp deletion knockout cell line
MGEA5,HZGHC006084c008,Human MGEA5 4bp deletion knockout cell line
TWIST1,HZGHC006088c001,Human TWIST1 19bp deletion knockout cell line
TWIST1,HZGHC006088c011,Human TWIST1 2bp deletion knockout cell line
UNG,HZGHC006090c002,Human MSH6 UNG multiple knockout cell line
UNG,HZGHC006090c004,Human MSH6 UNG multiple knockout cell line
MSH6,HZGHC006091c001,Human UNG MSH6 multiple knockout cell line
MSH6,HZGHC006091c005,Human UNG MSH6 multiple knockout cell line
SNX10,HZGHC006099c011,Human SNX10 5bp deletion knockout cell line
SNX10,HZGHC006099c012,Human SNX10 8bp deletion knockout cell line
MPV17,HZGHC006100c001,Human MPV17 4bp deletion knockout cell line
MPV17,HZGHC006101c002,Human MPV17 17bp deletion knockout cell line
MPV17,HZGHC006101c009,Human MPV17 2bp deletion knockout cell line
PARP12,HZGHC006104c002,Human PARP12 13bp deletion knockout cell line
PARP12,HZGHC006104c005,Human PARP12 19bp deletion knockout cell line
OCLN,HZGHC006108c010,Human OCLN 5bp deletion knockout cell line
OCLN,HZGHC006108c011,Human OCLN 2bp deletion knockout cell line
GPHN,HZGHC006110c007,Human GPHN 2bp deletion knockout cell line
GPHN,HZGHC006110c012,Human GPHN 17bp deletion knockout cell line
GPHN,HZGHC006111c003,Human GPHN 1bp insertion knockout cell line
CDKN1C,HZGHC006112c007,Human CDKN1C 1bp deletion knockout cell line
CDKN1C,HZGHC006112c008,Human CDKN1C 1bp insertion knockout cell line
PDPN,HZGHC006114c003,Human PDPN 31bp deletion knockout cell line
PDPN,HZGHC006114c011,Human PDPN 19bp deletion knockout cell line
PDPN,HZGHC006115c004,Human PDPN 2bp deletion knockout cell line
PDPN,HZGHC006115c005,Human PDPN 17bp deletion knockout cell line
NES,HZGHC006116c003,Human NES 40bp deletion knockout cell line
NES,HZGHC006116c007,Human NES 7bp deletion knockout cell line
NES,HZGHC006117c001,Human NES 1bp insertion knockout cell line
NES,HZGHC006117c003,Human NES 19bp deletion knockout cell line
NES,HZGHC006117c010,Human NES 1bp deletion knockout cell line
HPSE,HZGHC006118c010,Human HPSE 8bp deletion knockout cell line
CLU,HZGHC006120c007,Human CLU 10bp deletion knockout cell line
CLU,HZGHC006120c011,Human CLU 20bp deletion knockout cell line
MSI2,HZGHC006122c002,Human MSI2 14bp deletion knockout cell line
MSI2,HZGHC006122c003,Human MSI2 26bp deletion knockout cell line
MSI2,HZGHC006122c011,Human MSI2 65bp deletion knockout cell line
CNP,HZGHC006124c005,Human CNP 7bp deletion knockout cell line
SIRPA,HZGHC006126c005,Human SIRPA 1bp deletion knockout cell line
SIRPA,HZGHC006126c011,Human SIRPA 17bp deletion knockout cell line
SIRPA,HZGHC006127c001,Human SIRPA 1bp insertion knockout cell line
SIRPA,HZGHC006127c004,Human SIRPA 1bp insertion knockout cell line
SIRPA,HZGHC006127c012,Human SIRPA 1bp insertion knockout cell line
CSF1,HZGHC006128c004,Human CSF1 20bp deletion knockout cell line
CSF1,HZGHC006128c011,Human CSF1 31bp deletion knockout cell line
CSF1,HZGHC006129c004,Human CSF1 1bp insertion knockout cell line
CSF1,HZGHC006129c012,Human CSF1 1bp insertion knockout cell line
CTH,HZGHC006130c010,Human CTH 1bp insertion knockout cell line
CTSB,HZGHC006132c001,Human CTSB 1bp deletion knockout cell line
CTSB,HZGHC006132c010,Human CTSB 1bp insertion knockout cell line
DBN1,HZGHC006134c001,Human DBN1 17bp deletion knockout cell line
DBN1,HZGHC006134c010,Human DBN1 1bp insertion knockout cell line
DDX5,HZGHC006136c010,Human DDX5 5bp deletion knockout cell line
DDX5,HZGHC006136c012,Human DDX5 19bp deletion knockout cell line
JAG1,HZGHC006140c002,Human JAG1 1bp insertion knockout cell line
DSG2,HZGHC006142c002,Human DSG2 1bp insertion knockout cell line
DSG2,HZGHC006142c004,Human DSG2 4bp deletion knockout cell line
ELK1,HZGHC006144c006,Human ELK1 8bp deletion knockout cell line
ELK1,HZGHC006144c008,Human ELK1 4bp deletion knockout cell line
EMD,HZGHC006146c006,Human EMD 118bp deletion knockout cell line
EMD,HZGHC006147c001,Human EMD 1bp insertion knockout cell line
EMD,HZGHC006147c002,Human EMD 8bp deletion knockout cell line
ESRRA,HZGHC006148c004,Human ESRRA 32bp deletion knockout cell line
ALCAM,HZGHC006150c002,Human ALCAM 10bp deletion knockout cell line
ALCAM,HZGHC006150c011,Human ALCAM 7bp deletion knockout cell line
F2RL1,HZGHC006152c002,Human F2RL1 4bp deletion knockout cell line
F2RL1,HZGHC006152c009,Human F2RL1 2bp deletion knockout cell line
FKBP1A,HZGHC006154c004,Human FKBP1A 2bp deletion knockout cell line
FKBP1A,HZGHC006154c010,Human FKBP1A 1bp insertion knockout cell line
FKBP5,HZGHC006155c007,Human FKBP5 4bp deletion knockout cell line
FKBP5,HZGHC006155c011,Human FKBP5 2bp deletion knockout cell line
NEDD4L,HZGHC006157c010,Human NEDD4L 62bp deletion knockout cell line
NEDD4L,HZGHC006157c012,Human NEDD4L 2bp deletion knockout cell line
FNDC5,HZGHC006159c001,Human FNDC5 1bp insertion knockout cell line
FNDC5,HZGHC006159c012,Human FNDC5 10bp deletion knockout cell line
GAD1,HZGHC006161c001,Human GAD1 1bp insertion knockout cell line
GAD1,HZGHC006161c002,Human GAD1 2bp deletion knockout cell line
LAT,HZGHC006163c011,Human LAT 1bp insertion knockout cell line
LAT,HZGHC006164c001,Human LAT 11bp deletion knockout cell line
LAT,HZGHC006164c010,Human LAT 10bp deletion knockout cell line
GLA,HZGHC006165c004,Human GLA 11bp deletion knockout cell line
GPC3,HZGHC006167c010,Human GPC3 13bp deletion knockout cell line
GPC3,HZGHC006167c012,Human GPC3 8bp deletion knockout cell line
GOLGB1,HZGHC006169c001,Human GOLGB1 1bp deletion knockout cell line
GOLGB1,HZGHC006169c002,Human GOLGB1 655bp insertion knockout cell line
PDIA3,HZGHC006171c004,Human PDIA3 14bp deletion knockout cell line
PDIA3,HZGHC006171c011,Human PDIA3 8bp deletion knockout cell line
ANXA5,HZGHC006174c001,Human ANXA5 20bp deletion knockout cell line
ANXA5,HZGHC006174c002,Human ANXA5 2bp insertion knockout cell line
HLA,HZGHC006176c005,Human HLA-G 13bp deletion knockout cell line
HLA,HZGHC006176c008,Human HLA-G 2bp deletion knockout cell line
IGF2R,HZGHC006178c009,Human IGF2R 10bp deletion knockout cell line
IGF2R,HZGHC006178c011,Human IGF2R 14bp deletion knockout cell line
CYR61,HZGHC006180c011,Human CYR61 1bp insertion knockout cell line
AQP3,HZGHC006182c001,Human AQP3 14bp deletion knockout cell line
AQP3,HZGHC006182c005,Human AQP3 5bp deletion knockout cell line
ISL1,HZGHC006184c004,Human ISL1 13bp deletion knockout cell line
ISL1,HZGHC006184c010,Human ISL1 4bp insertion knockout cell line
TRAK1,HZGHC006194c002,Human TRAK1 785bp insertion knockout cell line
SSBP4,HZGHC006195c001,Human SSBP4 2bp insertion knockout cell line
SSBP4,HZGHC006195c002,Human SSBP4 13bp deletion knockout cell line
SSBP4,HZGHC006196c004,Human SSBP4 11bp deletion knockout cell line
SSBP4,HZGHC006196c007,Human SSBP4 8bp deletion knockout cell line
LRP8,HZGHC006198c001,Human LRP8 4bp deletion knockout cell line
LEPR,HZGHC006199c002,Human LEPR 1bp insertion knockout cell line
LEPR,HZGHC006199c003,Human LEPR 4bp deletion knockout cell line
LOX,HZGHC006201c001,Human LOX 8bp deletion knockout cell line
LOX,HZGHC006201c010,Human LOX 14bp deletion knockout cell line
MCAM,HZGHC006203c012,Human MCAM 11bp deletion knockout cell line
KITLG,HZGHC006205c002,Human KITLG 16bp deletion knockout cell line
MITF,HZGHC006207c007,Human MITF 14bp deletion knockout cell line
MSI1,HZGHC006209c002,Human MSI1 1bp insertion knockout cell line
MSI1,HZGHC006209c003,Human MSI1 1bp insertion knockout cell line
MSN,HZGHC006211c001,Human MSN 13bp deletion knockout cell line
MYB,HZGHC006213c012,Human MYB 2bp insertion knockout cell line
ATP1A3,HZGHC006215c002,Human ATP1A3 1bp deletion knockout cell line
ATP1A3,HZGHC006216c011,Human ATP1A3 1bp insertion knockout cell line
ATP1A3,HZGHC006216c012,Human ATP1A3 10bp deletion knockout cell line
NOTCH3,HZGHC006217c010,Human NOTCH3 23bp deletion knockout cell line
NOTCH3,HZGHC006217c012,Human NOTCH3 4bp deletion knockout cell line
NPC1,HZGHC006219c002,Human NPC1 16bp deletion knockout cell line
F11R,HZGHC006221c006,Human F11R 22bp deletion knockout cell line
F11R,HZGHC006221c008,Human F11R 10bp deletion knockout cell line
TNFRSF12A,HZGHC006223c008,Human TNFRSF12A 8bp deletion knockout cell line
TNFRSF12A,HZGHC006223c011,Human TNFRSF12A 184bp deletion knockout cell line
TNFRSF12A,HZGHC006224c004,Human TNFRSF12A 1bp insertion knockout cell line
TNFRSF12A,HZGHC006224c011,Human TNFRSF12A 1bp insertion knockout cell line
SERPINF1,HZGHC006225c012,Human SERPINF1 4bp deletion knockout cell line
PODXL,HZGHC006227c006,Human PODXL 7bp insertion knockout cell line
PODXL,HZGHC006227c007,Human PODXL 784bp insertion knockout cell line
PODXL,HZGHC006228c004,Human PODXL 1bp insertion knockout cell line
PODXL,HZGHC006228c005,Human PODXL 10bp deletion knockout cell line
PODXL,HZGHC006228c007,Human PODXL 1bp deletion knockout cell line
MFN1,HZGHC006229c003,Human MFN1 2bp deletion knockout cell line
MFN1,HZGHC006229c007,Human MFN1 5bp deletion knockout cell line
PTBP1,HZGHC006231c002,Human PTBP1 2bp deletion knockout cell line
PTBP1,HZGHC006231c003,Human PTBP1 8bp deletion knockout cell line
ABCD3,HZGHC006233c003,Human ABCD3 8bp deletion knockout cell line
ABCD3,HZGHC006233c005,Human ABCD3 4bp deletion knockout cell line
ROBO1,HZGHC006235c004,Human ROBO1 4bp deletion knockout cell line
SATB1,HZGHC006237c003,Human SATB1 4bp deletion knockout cell line
SATB1,HZGHC006237c010,Human SATB1 14bp deletion knockout cell line
SDCBP,HZGHC006239c003,Human SDCBP 11bp deletion knockout cell line
SDCBP,HZGHC006239c007,Human SDCBP 10bp deletion knockout cell line
SHC1,HZGHC006241c011,Human SHC1 11bp deletion knockout cell line
SHC1,HZGHC006241c012,Human SHC1 8bp deletion knockout cell line
PDIA2,HZGHC006243c005,Human PDIA2 2bp insertion knockout cell line
PDIA2,HZGHC006243c007,Human PDIA2 11bp deletion knockout cell line
SMTN,HZGHC006245c004,Human SMTN 109bp deletion knockout cell line
SMTN,HZGHC006246c012,Human SMTN 10bp deletion knockout cell line
FSCN1,HZGHC006247c004,Human FSCN1 7bp deletion knockout cell line
FSCN1,HZGHC006247c008,Human FSCN1 7bp deletion knockout cell line
BNIP3,HZGHC006249c005,Human BNIP3 2bp insertion knockout cell line
BNIP3,HZGHC006249c006,Human BNIP3 4bp deletion knockout cell line
STAT2,HZGHC006251c002,Human STAT2 1bp insertion knockout cell line
STAT2,HZGHC006251c008,Human STAT2 13bp deletion knockout cell line
STAT2,HZGHC006251c010,Human STAT2 1bp insertion knockout cell line
STIM1,HZGHC006253c006,Human STIM1 2bp deletion knockout cell line
STIM1,HZGHC006253c009,Human STIM1 2bp deletion knockout cell line
STIM1,HZGHC006254c005,Human STIM1 14bp deletion knockout cell line
STIM1,HZGHC006254c011,Human STIM1 13bp deletion knockout cell line
BSG,HZGHC006255c003,Human BSG 1bp insertion knockout cell line
TCF7L2,HZGHC006257c001,Human TCF7L2 20bp deletion knockout cell line
TCF7L2,HZGHC006257c004,Human TCF7L2 8bp deletion knockout cell line
ZEB1,HZGHC006259c003,Human ZEB1 1bp insertion knockout cell line
ZEB1,HZGHC006259c006,Human ZEB1 11bp deletion knockout cell line
ZEB1,HZGHC006260c009,Human ZEB1 8bp deletion knockout cell line
ZEB1,HZGHC006260c010,Human ZEB1 193bp deletion knockout cell line
TEAD4,HZGHC006261c003,Human TEAD4 7bp deletion knockout cell line
TEAD4,HZGHC006261c004,Human TEAD4 113bp deletion knockout cell line
TFAP2A,HZGHC006263c001,Human TFAP2A 68bp insertion knockout cell line
TFAP2A,HZGHC006263c004,Human TFAP2A 20bp deletion knockout cell line
TIMP1,HZGHC006267c002,Human TIMP1 4bp deletion knockout cell line
TIMP2,HZGHC006269c001,Human TIMP2 14bp deletion knockout cell line
TIMP2,HZGHC006269c002,Human TIMP2 17bp deletion knockout cell line
TJP1,HZGHC006271c002,Human TJP1 4bp deletion knockout cell line
TJP1,HZGHC006271c003,Human TJP1 4bp deletion knockout cell line
PAX8,HZGHC006273c001,Human PAX8 2bp deletion knockout cell line
PAX8,HZGHC006273c012,Human PAX8 17bp deletion knockout cell line
RAP1GAP,HZGHC006276c001,Human RAP1GAP 28bp deletion knockout cell line
RAP1GAP,HZGHC006276c010,Human RAP1GAP 2bp deletion knockout cell line
IQGAP1,HZGHC006279c002,Human IQGAP2 IQGAP1 multiple knockout cell line
IQGAP1,HZGHC006279c012,Human IQGAP2 IQGAP1 multiple knockout cell line
MAPKAPK5,HZGHC006287c007,Human MAPKAPK5 11bp deletion knockout cell line
MAPKAPK5,HZGHC006287c012,Human MAPKAPK5 4bp deletion knockout cell line
TGFBR2,HZGHC006288c010,Human TGFBR2 5bp deletion knockout cell line
TGFBR2,HZGHC006288c011,Human TGFBR2 4bp deletion knockout cell line
TGFBR2,HZGHC006289c002,Human TGFBR2 7bp deletion knockout cell line
TGFBR2,HZGHC006289c006,Human TGFBR2 10bp deletion knockout cell line
CALB1,HZGHC006291c005,Human CALB1 10bp deletion knockout cell line
CALB1,HZGHC006291c012,Human CALB1 16bp deletion knockout cell line
GSDMD,HZGHC006293c004,Human GSDMD 4bp insertion knockout cell line
GSDMD,HZGHC006293c008,Human GSDMD 1bp insertion knockout cell line
GSDMD,HZGHC006293c009,Human GSDMD 20bp deletion knockout cell line
GSDMD,HZGHC006293c012,Human GSDMD 1bp insertion knockout cell line
ACTN4,HZGHC006295c006,Human ACTN4 10bp deletion knockout cell line
ACTN4,HZGHC006295c009,Human ACTN4 7bp deletion knockout cell line
CAPN1,HZGHC006297c002,Human CAPN1 1bp insertion knockout cell line
CAPN1,HZGHC006297c010,Human CAPN1 16bp deletion knockout cell line
AXIN2,HZGHC006299c010,Human AXIN2 8bp deletion knockout cell line
AXIN2,HZGHC006300c007,Human AXIN2 20bp deletion knockout cell line
AKT1S1,HZGHC006301c007,Human AKT1S1 61bp deletion knockout cell line
AKT1S1,HZGHC006301c011,Human AKT1S1 56bp deletion knockout cell line
AKT1S1,HZGHC006302c001,Human AKT1S1 10bp deletion knockout cell line
AKT1S1,HZGHC006302c002,Human AKT1S1 32bp deletion knockout cell line
CNTNAP1,HZGHC006304c007,Human CNTNAP1 37bp deletion knockout cell line
RUNX3,HZGHC006305c007,Human RUNX3 1bp deletion knockout cell line
RUNX3,HZGHC006305c010,Human RUNX3 1bp insertion knockout cell line
NUMB,HZGHC006307c003,Human NUMB 14bp deletion knockout cell line
NUMB,HZGHC006308c001,Human NUMB 7bp deletion knockout cell line
NUMB,HZGHC006308c010,Human NUMB 16bp deletion knockout cell line
CBL,HZGHC006309c011,Human CBL 2bp deletion knockout cell line
CBL,HZGHC006309c012,Human CBL 16bp deletion knockout cell line
ACTN1,HZGHC006311c002,Human ACTN1 4bp deletion knockout cell line
ACTN1,HZGHC006311c012,Human ACTN1 1bp insertion knockout cell line
RAB11B,HZGHC006313c010,Human RAB11B 1bp deletion knockout cell line
RAB11B,HZGHC006313c011,Human RAB11B 1bp insertion knockout cell line
SLIT2,HZGHC006315c012,Human SLIT2 7bp deletion knockout cell line
SLIT2,HZGHC006316c002,Human SLIT2 4bp deletion knockout cell line
SLIT2,HZGHC006316c005,Human SLIT2 7bp deletion knockout cell line
ENTPD1,HZGHC006317c001,Human ENTPD1 1bp deletion knockout cell line
ENTPD1,HZGHC006317c011,Human ENTPD1 1bp insertion knockout cell line
PRDX6,HZGHC006320c001,Human PRDX6 11bp deletion knockout cell line
PRDX6,HZGHC006320c012,Human PRDX6 13bp deletion knockout cell line
CDC25A,HZGHC006322c001,Human CDC25A 2bp insertion knockout cell line
CDC25A,HZGHC006322c010,Human CDC25A 26bp deletion knockout cell line
MEIS1,HZGHC006324c003,Human MEIS1 20bp deletion knockout cell line
MEIS1,HZGHC006324c012,Human MEIS1 7bp deletion knockout cell line
PC,HZGHC006325c001,Human PC 23bp deletion knockout cell line
PC,HZGHC006325c004,Human PC 11bp deletion knockout cell line
ABCC4,HZGHC006327c010,Human ABCC4 25bp deletion knockout cell line
ABCC4,HZGHC006328c002,Human ABCC4 13bp deletion knockout cell line
ABCC4,HZGHC006328c003,Human ABCC4 67bp deletion knockout cell line
GOLGA2,HZGHC006329c012,Human GOLGA2 17bp deletion knockout cell line
GOLGA2,HZGHC006330c001,Human GOLGA2 13bp deletion knockout cell line
GOLGA2,HZGHC006330c011,Human GOLGA2 46bp deletion knockout cell line
PMAIP1,HZGHC006332c010,Human PMAIP1 4bp deletion knockout cell line
PMAIP1,HZGHC006332c011,Human PMAIP1 19bp deletion knockout cell line
WIPI2,HZGHC006335c001,Human WIPI2 8bp deletion knockout cell line
WIPI2,HZGHC006335c002,Human WIPI2 11bp deletion knockout cell line
EEA1,HZGHC006337c004,Human EEA1 2bp deletion knockout cell line
EEA1,HZGHC006337c010,Human EEA1 1bp deletion knockout cell line
ATF3,HZGHC006339c003,Human ATF3 1bp insertion knockout cell line
ATF3,HZGHC006340c001,Human ATF3 13bp deletion knockout cell line
ATF3,HZGHC006340c004,Human ATF3 11bp deletion knockout cell line
REST,HZGHC006341c004,Human REST 1bp insertion knockout cell line
CD9,HZGHC006343c006,Human CD9 2bp deletion knockout cell line
ZC3H12A,HZGHC006348c002,Human ZC3H12A 16bp deletion knockout cell line
ZC3H12A,HZGHC006348c006,Human ZC3H12A 1bp deletion knockout cell line
CFLAR,HZGHC006351c002,Human CFLAR 11bp deletion knockout cell line
CFLAR,HZGHC006351c003,Human CFLAR 25bp deletion knockout cell line
PSAT1,HZGHC006353c001,Human PSAT1 1bp insertion knockout cell line
PSAT1,HZGHC006353c010,Human PSAT1 1bp insertion knockout cell line
PSAT1,HZGHC006353c012,Human PSAT1 7bp deletion knockout cell line
PSAT1,HZGHC006354c010,Human PSAT1 1bp insertion knockout cell line
SRXN1,HZGHC006355c009,Human SRXN1 8bp deletion knockout cell line
SRXN1,HZGHC006356c003,Human SRXN1 1bp insertion knockout cell line
STIP1,HZGHC006357c002,Human STIP1 5bp deletion knockout cell line
STIP1,HZGHC006357c005,Human STIP1 8bp deletion knockout cell line
NMNAT3,HZGHC006367c002,Human NMNAT3 19bp deletion knockout cell line
NMNAT3,HZGHC006367c011,Human NMNAT3 14bp deletion knockout cell line
WWTR1,HZGHC006370c004,Human WWTR1 35bp deletion knockout cell line
WWTR1,HZGHC006370c010,Human WWTR1 14bp deletion knockout cell line
GLO1,HZGHC006372c004,Human GLO1 7bp deletion knockout cell line
GLO1,HZGHC006372c008,Human GLO1 1bp insertion knockout cell line
KAT6A,HZGHC006373c004,Human KAT6A 5bp deletion knockout cell line
KAT6A,HZGHC006373c006,Human KAT6A 10bp deletion knockout cell line
KAT6B,HZGHC006375c006,Human KAT6B 1bp insertion knockout cell line
KAT6B,HZGHC006376c001,Human KAT6B 1bp insertion knockout cell line
KAT6B,HZGHC006376c009,Human KAT6B 4bp deletion knockout cell line
PARP2,HZGHC006378c003,Human PARP2 67bp deletion knockout cell line
PARP2,HZGHC006378c005,Human PARP2 10bp deletion knockout cell line
ABCD1,HZGHC006381c003,Human ABCD1 79bp deletion knockout cell line
ABCD1,HZGHC006381c007,Human ABCD1 35bp deletion knockout cell line
ELOVL1,HZGHC006382c003,Human ELOVL1 2bp deletion knockout cell line
ELOVL1,HZGHC006382c009,Human ELOVL1 5bp insertion knockout cell line
TDG,HZGHC006387c006,Human TDG 53bp deletion knockout cell line
TDG,HZGHC006387c010,Human TDG 13bp deletion knockout cell line
PARG,HZGHC006390c010,Human PARG 5bp deletion knockout cell line
PARG,HZGHC006390c012,Human PARG 14bp deletion knockout cell line
QKI,HZGHC006395c007,Human QKI 11bp deletion knockout cell line
QKI,HZGHC006395c011,Human QKI 14bp deletion knockout cell line
MCOLN3,HZGHC006396c002,Human MCOLN3 31bp deletion knockout cell line
MCOLN3,HZGHC006396c010,Human MCOLN3 122bp deletion knockout cell line
CCNB1IP1,HZGHC006398c002,Human CCNB1IP1 11bp deletion knockout cell line
CCNB1IP1,HZGHC006398c005,Human CCNB1IP1 7bp deletion knockout cell line
TRIP13,HZGHC006400c001,Human TRIP13 1bp deletion knockout cell line
TRIP13,HZGHC006400c002,Human TRIP13 1bp insertion knockout cell line
TRIP13,HZGHC006400c010,Human TRIP13 5bp deletion knockout cell line
KIF18B,HZGHC006403c008,Human KIF18B 1bp insertion knockout cell line
WDR81,HZGHC006404c001,Human WDR81 1bp deletion knockout cell line
WDR81,HZGHC006404c010,Human WDR81 16bp deletion knockout cell line
BTD,HZGHC006407c001,Human BTD 7bp deletion knockout cell line
BTD,HZGHC006407c012,Human BTD 13bp deletion knockout cell line
RDH13,HZGHC006408c001,Human RDH13 1bp insertion knockout cell line
RDH13,HZGHC006408c002,Human RDH13 1bp deletion knockout cell line
MYO5B,HZGHC006413c006,Human MYO5B 5bp deletion knockout cell line
MYO5B,HZGHC006413c011,Human MYO5B 1bp insertion knockout cell line
GORAB,HZGHC006414c002,Human GORAB 1bp insertion knockout cell line
GORAB,HZGHC006415c010,Human GORAB 5bp deletion knockout cell line
GORAB,HZGHC006415c011,Human GORAB 22bp deletion knockout cell line
ERCC6L2,HZGHC006416c004,Human ERCC6L2 8bp deletion knockout cell line
ERCC6L2,HZGHC006416c005,Human ERCC6L2 4bp deletion knockout cell line
FBXW11,HZGHC006419c002,Human FBXW11 2bp deletion knockout cell line
FBXW11,HZGHC006419c011,Human FBXW11 11bp deletion knockout cell line
SPNS1,HZGHC006420c011,Human SPNS1 1bp insertion knockout cell line
SPNS1,HZGHC006421c011,Human SPNS1 4bp deletion knockout cell line
SPNS1,HZGHC006421c012,Human SPNS1 31bp deletion knockout cell line
ASCC1,HZGHC006422c003,Human ASCC1 28bp deletion knockout cell line
ASCC1,HZGHC006422c004,Human ASCC1 11bp deletion knockout cell line
ASCC2,HZGHC006425c002,Human ASCC2 11bp deletion knockout cell line
GBA,HZGHC006433c002,Human GBA2 GBA multiple knockout cell line
GBA,HZGHC006433c003,Human GBA2 GBA multiple knockout cell line
GBA,HZGHC006433c005,Human GBA2 GBA multiple knockout cell line
GRINA,HZGHC006437c003,Human GRINA 2bp deletion knockout cell line
GRINA,HZGHC006437c004,Human GRINA 5bp deletion knockout cell line
GRINA,HZGHC006437c010,Human GRINA 4bp deletion knockout cell line
GRINA,HZGHC006438c004,Human GRINA 2bp deletion knockout cell line
GRINA,HZGHC006438c009,Human GRINA 11bp deletion knockout cell line
IRF2BPL,HZGHC006439c002,Human IRF2BPL 14bp deletion knockout cell line
IRF2BPL,HZGHC006439c009,Human IRF2BPL 14bp deletion knockout cell line
IRF2BPL,HZGHC006440c001,Human IRF2BPL 1bp insertion knockout cell line
IRF2BPL,HZGHC006440c006,Human IRF2BPL 1bp insertion knockout cell line
IRF2BPL,HZGHC006440c012,Human IRF2BPL 4bp deletion knockout cell line
SCML2,HZGHC006441c005,Human SCML2 5bp deletion knockout cell line
SCML2,HZGHC006441c007,Human SCML2 2bp deletion knockout cell line
SHARPIN,HZGHC006445c003,Human SHARPIN 5bp deletion knockout cell line
SHARPIN,HZGHC006445c008,Human SHARPIN 7bp deletion knockout cell line
TNKS,HZGHC006450c001,Human TNKS 1bp insertion knockout cell line
TNKS,HZGHC006450c003,Human TNKS 1bp insertion knockout cell line
TNKS,HZGHC006450c006,Human TNKS 1bp deletion knockout cell line
TNKS2,HZGHC006451c003,Human TNKS2 7bp deletion knockout cell line
TNKS2,HZGHC006451c010,Human TNKS2 4bp deletion knockout cell line
CTNS,HZGHC006455c005,Human CTNS 2bp deletion knockout cell line
CTNS,HZGHC006455c008,Human CTNS 13bp deletion knockout cell line
PQLC2,HZGHC006457c001,Human PQLC2 1bp deletion knockout cell line
PQLC2,HZGHC006457c002,Human PQLC2 5bp deletion knockout cell line
EIF4EBP3,HZGHC006459c003,Human ANKHD1-EIF4EBP3 1bp insertion knockout cell line
EIF4EBP3,HZGHC006459c007,Human ANKHD1-EIF4EBP3 10bp deletion knockout cell line
PDXK,HZGHC006461c006,Human PDXK 13bp deletion knockout cell line
PDXK,HZGHC006461c011,Human PDXK 4bp deletion knockout cell line
ECH1,HZGHC006465c001,Human ECH1 1bp insertion knockout cell line
NMRAL1,HZGHC006467c003,Human NMRAL1 23bp deletion knockout cell line
NMRAL1,HZGHC006467c010,Human NMRAL1 2bp deletion knockout cell line
ECI2,HZGHC006469c001,Human ECI2 11bp deletion knockout cell line
ECI2,HZGHC006469c010,Human ECI2 5bp deletion knockout cell line
DHCR7,HZGHC006471c003,Human DHCR7 1bp insertion knockout cell line
DHCR7,HZGHC006471c006,Human DHCR7 17bp deletion knockout cell line
NQO2,HZGHC006474c002,Human NQO2 11bp deletion knockout cell line
NQO2,HZGHC006474c012,Human NQO2 1bp insertion knockout cell line
ALDH3A2,HZGHC006476c003,Human ALDH3A2 20bp deletion knockout cell line
ALDH3A2,HZGHC006476c010,Human ALDH3A2 5bp deletion knockout cell line
SDR39U1,HZGHC006478c005,Human SDR39U1 1bp insertion knockout cell line
SDR39U1,HZGHC006478c007,Human SDR39U1 64bp insertion knockout cell line
ACAD10,HZGHC006479c001,Human ACAD10 5bp deletion knockout cell line
ACAD10,HZGHC006479c005,Human ACAD10 11bp deletion knockout cell line
PRMT6,HZGHC006482c007,Human PRMT6 23bp deletion knockout cell line
PRMT6,HZGHC006482c009,Human PRMT6 1bp insertion knockout cell line
PDE6D,HZGHC006484c003,Human PDE6D 10bp deletion knockout cell line
GLUD1,HZGHC006487c001,Human GLUD1 1bp insertion knockout cell line
GLUD1,HZGHC006487c010,Human GLUD1 1bp insertion knockout cell line
GLUD1,HZGHC006488c010,Human GLUD1 4bp deletion knockout cell line
GLUD1,HZGHC006488c012,Human GLUD1 7bp deletion knockout cell line
TRA2A,HZGHC006489c001,Human TRA2A 26bp deletion knockout cell line
TRA2A,HZGHC006489c004,Human TRA2A 68bp deletion knockout cell line
TRA2A,HZGHC006490c002,Human TRA2A 2bp deletion knockout cell line
TRA2A,HZGHC006490c004,Human TRA2A 14bp deletion knockout cell line
TTC38,HZGHC006492c010,Human TTC38 10bp deletion knockout cell line
TTC38,HZGHC006492c011,Human TTC38 14bp deletion knockout cell line
PPOX,HZGHC006493c002,Human PPOX 106bp insertion knockout cell line
PPOX,HZGHC006493c003,Human PPOX 2bp insertion knockout cell line
ATF5,HZGHC006497c005,Human ATF5 277bp insertion knockout cell line
ATF5,HZGHC006497c012,Human ATF5 1bp deletion knockout cell line
ZNF646,HZGHC006499c001,Human ZNF646 1bp insertion knockout cell line
ZNF646,HZGHC006499c003,Human ZNF646 41bp deletion knockout cell line
ZNF646,HZGHC006499c012,Human ZNF646 1bp insertion knockout cell line
MTHFD1L,HZGHC006500c011,Human MTHFD1L 4bp deletion knockout cell line
MTHFD1L,HZGHC006500c012,Human MTHFD1L 20bp deletion knockout cell line
ASMTL,HZGHC006502c003,Human ASMTL 4bp deletion knockout cell line
ASMTL,HZGHC006502c010,Human ASMTL 13bp deletion knockout cell line
COMTD1,HZGHC006504c004,Human COMTD1 1bp insertion knockout cell line
COMTD1,HZGHC006504c011,Human COMTD1 197bp deletion knockout cell line
RRNAD1,HZGHC006506c002,Human RRNAD1 19bp deletion knockout cell line
RRNAD1,HZGHC006506c010,Human RRNAD1 1bp insertion knockout cell line
SETD4,HZGHC006508c008,Human SETD4 26bp deletion knockout cell line
SETD4,HZGHC006508c012,Human SETD4 10bp deletion knockout cell line
CCL2,HZGHC006510c004,Human CCL2 14bp deletion knockout cell line
CCL2,HZGHC006510c012,Human CCL2 20bp deletion knockout cell line
ID1,HZGHC006512c004,Human ID1 2bp deletion knockout cell line
ID1,HZGHC006512c006,Human ID1 1bp insertion knockout cell line
ID1,HZGHC006512c008,Human ID1 1bp insertion knockout cell line
ID1,HZGHC006513c007,Human ID1 1bp deletion knockout cell line
ID1,HZGHC006513c009,Human ID1 1bp insertion knockout cell line
LMNB2,HZGHC006514c003,Human LMNB2 4bp deletion knockout cell line
LMNB2,HZGHC006514c010,Human LMNB2 1bp insertion knockout cell line
HPS1,HZGHC006517c005,Human HPS1 1bp insertion knockout cell line
HPS1,HZGHC006517c010,Human HPS1 1bp deletion knockout cell line
WDR91,HZGHC006518c005,Human WDR91 13bp deletion knockout cell line
WDR91,HZGHC006518c007,Human WDR91 16bp deletion knockout cell line
ITGB1,HZGHC006524c004,Human B2M ITGB1 multiple knockout cell line
ITGB1,HZGHC006524c006,Human B2M ITGB1 multiple knockout cell line
ITGB1,HZGHC006524c011,Human B2M ITGB1 multiple knockout cell line
ADCY6,HZGHC006526c001,Human ADCY9 ADCY6 ADCY3 multiple knockout cell line
ADCY6,HZGHC006526c004,Human ADCY9 ADCY6 ADCY3 multiple knockout cell line
ALPL,HZGHC006530c002,Human ALPL 2bp deletion knockout cell line
NSUN5,HZGHC006531c001,Human NSUN5 1bp insertion knockout cell line
NSUN5,HZGHC006532c003,Human NSUN5 4bp deletion knockout cell line
POT1,HZGHC006533c008,Human POT1 1bp insertion knockout cell line
POLK,HZGHC006535c001,Human XPA POLK MPG multiple knockout cell line
POLK,HZGHC006535c011,Human XPA POLK MPG multiple knockout cell line
MPG,HZGHC006536c006,Human POLK MPG XPA multiple knockout cell line
MPG,HZGHC006536c008,Human POLK MPG XPA multiple knockout cell line
XPA,HZGHC006537c009,Human POLK XPA MPG multiple knockout cell line
XPA,HZGHC006537c010,Human POLK XPA MPG multiple knockout cell line
XPA,HZGHC006538c003,Human POLK XPA multiple knockout cell line
XPA,HZGHC006538c004,Human POLK XPA multiple knockout cell line
POLK,HZGHC006539c001,Human XPA POLK multiple knockout cell line
POLK,HZGHC006539c010,Human XPA POLK multiple knockout cell line
FABP5,HZGHC006542c001,Human FABP5 11bp deletion knockout cell line
FABP5,HZGHC006542c012,Human FABP5 19bp deletion knockout cell line
SORD,HZGHC006543c001,Human SORD 2bp insertion knockout cell line
SORD,HZGHC006543c005,Human SORD 2bp insertion knockout cell line
TRAK1,HZGHC006545c001,Human TRAK1 11bp deletion knockout cell line
TRAK1,HZGHC006545c011,Human TRAK1 8bp deletion knockout cell line
TM6SF1,HZGHC006549c011,Human TM6SF1 8bp deletion knockout cell line
FAM122A,HZGHC006551c008,Human FAM122A 7bp deletion knockout cell line
ZNRF3,HZGHC006558c011,Human ZNRF3 1bp insertion knockout cell line
ZNRF3,HZGHC006559c003,Human ZNRF3 10bp deletion knockout cell line
ZNRF3,HZGHC006559c010,Human ZNRF3 4bp deletion knockout cell line
TMCC3,HZGHC006560c002,Human TMCC3 1bp deletion knockout cell line
TMCC3,HZGHC006560c004,Human TMCC3 13bp deletion knockout cell line
TMCC3,HZGHC006560c009,Human TMCC3 1bp insertion knockout cell line
CREBBP,HZGHC006562c006,Human ACSS2 CREBBP multiple knockout cell line
CREBBP,HZGHC006562c008,Human ACSS2 CREBBP multiple knockout cell line
PIP4K2A,HZGHC006564c001,Human PIP4K2B PIP4K2A multiple knockout cell line
PIP4K2A,HZGHC006564c011,Human PIP4K2B PIP4K2A multiple knockout cell line
PIP4K2A,HZGHC006565c009,Human PIP4K2C PIP4K2A multiple knockout cell line
PIP4K2A,HZGHC006565c011,Human PIP4K2C PIP4K2A multiple knockout cell line
PIP4K2C,HZGHC006566c002,Human PIP4K2B PIP4K2C multiple knockout cell line
PIP4K2C,HZGHC006566c008,Human PIP4K2B PIP4K2C multiple knockout cell line
CABIN1,HZGHC006582c001,Human CABIN1 5bp deletion knockout cell line
CABIN1,HZGHC006582c003,Human CABIN1 1bp deletion knockout cell line
CABIN1,HZGHC006583c009,Human CABIN1 1bp insertion knockout cell line
FRYL,HZGHC006584c010,Human FRYL 1bp insertion knockout cell line
FRYL,HZGHC006584c011,Human FRYL 1bp deletion knockout cell line
FRYL,HZGHC006585c012,Human FRYL 7bp deletion knockout cell line
NSUN2,HZGHC006587c007,Human NSUN2 8bp deletion knockout cell line
NSUN2,HZGHC006587c010,Human NSUN2 2bp insertion knockout cell line
PDCD10,HZGHC006588c002,Human PDCD10 8bp deletion knockout cell line
REXO4,HZGHC006590c002,Human REXO4 16bp deletion knockout cell line
REXO4,HZGHC006590c010,Human REXO4 2bp deletion knockout cell line
SLFN11,HZGHC006593c004,Human SLFN11 10bp deletion knockout cell line
SLFN11,HZGHC006593c008,Human SLFN11 2bp deletion knockout cell line
UBE2M,HZGHC006594c005,Human UBE2M 116bp deletion knockout cell line
ZEB2,HZGHC006597c005,Human ZEB2 43bp deletion knockout cell line
GATA2,HZGHC006598c012,Human GATA2 1bp insertion knockout cell line
GATA2,HZGHC006599c002,Human GATA2 5bp deletion knockout cell line
GATA2,HZGHC006599c011,Human GATA2 2bp deletion knockout cell line
SAV1,HZGHC006600c004,Human SAV1 1bp insertion knockout cell line
SAV1,HZGHC006600c007,Human SAV1 16bp deletion knockout cell line
SAV1,HZGHC006601c001,Human SAV1 8bp deletion knockout cell line
SAV1,HZGHC006601c002,Human SAV1 7bp deletion knockout cell line
GGT7,HZGHC006602c003,Human GGT7 1bp insertion knockout cell line
GGT7,HZGHC006602c007,Human GGT7 1bp insertion knockout cell line
C12ORF10,HZGHC006604c008,Human C12orf10 8bp deletion knockout cell line
C12ORF10,HZGHC006604c010,Human C12orf10 26bp deletion knockout cell line
SFR1,HZGHC006606c001,Human SFR1 13bp deletion knockout cell line
SFR1,HZGHC006607c010,Human SFR1 1bp insertion knockout cell line
MAD2L1,HZGHC006609c006,Human MAD2L1 10bp deletion knockout cell line
MAD2L1,HZGHC006609c011,Human MAD2L1 38bp deletion knockout cell line
CLPTM1,HZGHC006617c006,Human CLPTM1 2bp insertion knockout cell line
CLPTM1,HZGHC006617c008,Human CLPTM1 13bp deletion knockout cell line
INPP5A,HZGHC006619c002,Human INPP5A 1bp insertion knockout cell line
INPP5A,HZGHC006619c008,Human INPP5A 4bp deletion knockout cell line
ATRX,HZGHC006632c010,Human ATRX 8bp deletion knockout cell line
NAA35,HZGHC006636c011,Human NAA35 1bp deletion knockout cell line
NAA30,HZGHC006637c002,Human NAA30 164bp insertion knockout cell line
NAA30,HZGHC006637c010,Human NAA30 1bp insertion knockout cell line
NAA30,HZGHC006638c003,Human NAA30 2bp deletion knockout cell line
ADCY9,HZGHC006642c001,Human ADCY7 ADCY9 ADCY6 ADCY3 multiple knockout cell line
ADCY9,HZGHC006642c003,Human ADCY7 ADCY9 ADCY6 ADCY3 multiple knockout cell line
TNKS,HZGHC006643c002,Human TNKS2 TNKS multiple knockout cell line
TNKS,HZGHC006643c008,Human TNKS2 TNKS multiple knockout cell line
TNKS2,HZGHC006644c009,Human TNKS TNKS2 multiple knockout cell line
CTNS,HZGHC006645c003,Human PQLC2 CTNS multiple knockout cell line
CTNS,HZGHC006645c005,Human PQLC2 CTNS multiple knockout cell line
PQLC2,HZGHC006646c001,Human CTNS PQLC2 multiple knockout cell line
PQLC2,HZGHC006646c012,Human CTNS PQLC2 multiple knockout cell line
HMOX2,HZGHC006665c003,Human HMOX2 5bp deletion knockout cell line
HMOX2,HZGHC006665c011,Human HMOX2 1bp deletion knockout cell line
SCARB2,HZGHC006667c002,Human SCARB2 4bp deletion knockout cell line
SCARB2,HZGHC006667c003,Human SCARB2 13bp deletion knockout cell line
SCARB2,HZGHC006668c008,Human SCARB2 1bp insertion knockout cell line
SCARB2,HZGHC006668c009,Human SCARB2 1bp insertion knockout cell line
SCARB2,HZGHC006668c011,Human SCARB2 47bp insertion knockout cell line
KIAA1524,HZGHC006669c003,Human KIAA1524 2bp deletion knockout cell line
KIAA1524,HZGHC006669c004,Human KIAA1524 4bp deletion knockout cell line
POMK,HZGHC006673c003,Human DAG1 POMK multiple knockout cell line
POMK,HZGHC006673c006,Human DAG1 POMK multiple knockout cell line
POMK,HZGHC006673c022,Human DAG1 POMK multiple knockout cell line
YTHDF2,HZGHC006677c010,Human YTHDF2 130bp deletion knockout cell line
YTHDF2,HZGHC006678c001,Human YTHDF2 140bp deletion knockout cell line
RPP25,HZGHC006680c005,Human RPP25 2bp insertion knockout cell line
RPP25,HZGHC006680c007,Human RPP25 5bp deletion knockout cell line
TIMM8A,HZGHC006691c002,Human TIMM8A 1bp insertion knockout cell line
TIMM8A,HZGHC006691c004,Human TIMM8A 1bp insertion knockout cell line
RNF216,HZGHC006692c007,Human RNF216 11bp deletion knockout cell line
RNF216,HZGHC006692c012,Human RNF216 23bp deletion knockout cell line
TFG,HZGHC006696c004,Human TFG 1bp insertion knockout cell line
TFG,HZGHC006696c005,Human TFG 1bp insertion knockout cell line
TFG,HZGHC006696c012,Human TFG 1bp insertion knockout cell line
RNF114,HZGHC006700c003,Human RNF114 11bp deletion knockout cell line
RNF114,HZGHC006700c005,Human RNF114 8bp deletion knockout cell line
RNF114,HZGHC006700c010,Human RNF114 11bp deletion knockout cell line
RNF114,HZGHC006701c008,Human RNF114 7bp deletion knockout cell line
RASSF5,HZGHC006702c008,Human RASSF5 11bp deletion knockout cell line
RASSF5,HZGHC006703c002,Human RASSF5 11bp deletion knockout cell line
RASSF5,HZGHC006703c004,Human RASSF5 2bp insertion knockout cell line
RASSF5,HZGHC006714c007,Human RASSF5 1bp insertion knockout cell line
RASSF5,HZGHC006714c010,Human RASSF5 10bp deletion knockout cell line
FOXM1,HZGHC006717c006,Human FOXM1 7bp deletion knockout cell line
DUSP22,HZGHC006718c006,Human DUSP22 1bp deletion knockout cell line
CREBBP,HZGHC006725c002,Human EP300 CREBBP multiple knockout cell line
CREBBP,HZGHC006725c009,Human EP300 CREBBP multiple knockout cell line
EP300,HZGHC006726c004,Human CREBBP EP300 multiple knockout cell line
EP300,HZGHC006726c005,Human CREBBP EP300 multiple knockout cell line
DCAF17,HZGHC006730c003,Human DCAF17 5bp deletion knockout cell line
DCAF17,HZGHC006730c005,Human DCAF17 4bp deletion knockout cell line
KIF5C,HZGHC006733c002,Human KIF5C 8bp deletion knockout cell line
KIF5C,HZGHC006733c011,Human KIF5C 11bp deletion knockout cell line
ALKBH5,HZGHC006734c001,Human ALKBH5 2bp deletion knockout cell line
ALKBH5,HZGHC006734c002,Human ALKBH5 4bp deletion knockout cell line
TRMT13,HZGHC006739c001,Human TRMT13 13bp deletion knockout cell line
TRMT13,HZGHC006739c006,Human TRMT13 8bp deletion knockout cell line
ANP32A,HZGHC006741c007,Human ANP32A 4bp deletion knockout cell line
ANP32A,HZGHC006741c009,Human ANP32A 2bp deletion knockout cell line
HMGA2,HZGHC006750c006,Human HMGA2 26bp deletion knockout cell line
HMGA2,HZGHC006750c010,Human HMGA2 7bp deletion knockout cell line
TLDC1,HZGHC006751c004,Human TLDC1 14bp deletion knockout cell line
TLDC1,HZGHC006751c012,Human TLDC1 5bp deletion knockout cell line
NCOA7,HZGHC006754c002,Human NCOA7 8bp deletion knockout cell line
NCOA7,HZGHC006754c012,Human NCOA7 13bp deletion knockout cell line
OXR1,HZGHC006755c004,Human OXR1 68bp insertion knockout cell line
OXR1,HZGHC006755c010,Human OXR1 4bp deletion knockout cell line
MCU,HZGHC006764c001,Human MCU 13bp deletion knockout cell line
MCU,HZGHC006764c007,Human MCU 17bp deletion knockout cell line
CNOT2,HZGHC006766c002,Human CNOT2 11bp deletion knockout cell line
CNOT2,HZGHC006766c008,Human CNOT2 11bp deletion knockout cell line
BBX,HZGHC006768c001,Human BBX 7bp deletion knockout cell line
BBX,HZGHC006768c002,Human BBX 13bp deletion knockout cell line
DEGS1,HZGHC006770c007,Human DEGS1 10bp deletion knockout cell line
DEGS1,HZGHC006770c012,Human DEGS1 298bp insertion knockout cell line
DEGS1,HZGHC006771c008,Human DEGS1 2bp deletion knockout cell line
DEGS1,HZGHC006771c009,Human DEGS1 5bp deletion knockout cell line
PIP4K2B,HZGHC006774c008,Human PIP4K2A PIP4K2B PIP4K2C multiple knockout cell line
PIP4K2B,HZGHC006774c020,Human PIP4K2A PIP4K2B PIP4K2C multiple knockout cell line
ELOVL1,HZGHC006775c004,Human ABCD1 ELOVL1 multiple knockout cell line
ELOVL1,HZGHC006775c012,Human ABCD1 ELOVL1 multiple knockout cell line
ENGASE,HZGHC006778c002,Human ENGASE 2bp deletion knockout cell line
ENGASE,HZGHC006778c011,Human ENGASE 19bp deletion knockout cell line
PIGO,HZGHC006780c006,Human PIGO 1bp deletion knockout cell line
PIGO,HZGHC006780c007,Human PIGO 10bp deletion knockout cell line
PIGO,HZGHC006780c009,Human PIGO 1bp insertion knockout cell line
ACTG1,HZGHC006782c001,Human ACTG1 109bp deletion knockout cell line
ACTG1,HZGHC006782c005,Human ACTG1 26bp deletion knockout cell line
MANF,HZGHC006783c002,Human MANF 155bp deletion knockout cell line
MANF,HZGHC006783c004,Human MANF 35bp deletion knockout cell line
MANF,HZGHC006784c001,Human MANF 1bp insertion knockout cell line
MANF,HZGHC006784c008,Human MANF 1bp insertion knockout cell line
MANF,HZGHC006784c010,Human MANF 1bp insertion knockout cell line
ACTG1,HZGHC006785c003,Human ACTG1 140bp insertion knockout cell line
ACTG1,HZGHC006785c004,Human ACTG1 107bp insertion knockout cell line
ACTG1,HZGHC006785c005,Human ACTG1 1bp insertion knockout cell line
EIF4H,HZGHC006786c003,Human EIF4H 10bp deletion knockout cell line
EIF4H,HZGHC006786c005,Human EIF4H 1bp insertion knockout cell line
TAPT1,HZGHC006789c001,Human TAPT1 1bp insertion knockout cell line
TAPT1,HZGHC006789c009,Human TAPT1 2bp deletion knockout cell line
TAPT1,HZGHC006789c010,Human TAPT1 1bp insertion knockout cell line
ANGEL2,HZGHC006792c003,Human ANGEL2 7bp deletion knockout cell line
ANGEL2,HZGHC006792c009,Human ANGEL2 4bp deletion knockout cell line
ARRDC1,HZGHC006798c003,HAP1 ARRDC1 (-)
ARRDC1,HZGHC006798c007,HAP1 ARRDC1 (-)
ARRDC1,HZGHC006798c010,HAP1 ARRDC1 (-)
HECTD1,HZGHC006800c010,HAP1 HECTD1 (-)
HECTD1,HZGHC006800c011,HAP1 HECTD1 (-)
VIMP,HZGHC006805c001,HAP1 VIMP (-)
VIMP,HZGHC006805c011,HAP1 VIMP (-)
VIMP,HZGHC006805c012,HAP1 VIMP (-)
MFN2,HZGHC006808c004,HAP1 MFN2 (-)
MFN2,HZGHC006808c007,HAP1 MFN2 (-)
MFN2,HZGHC006808c012,HAP1 MFN2 (-)
MFN2,HZGHC006809c001,HAP1 MFN2 (-)
MFN2,HZGHC006809c003,HAP1 MFN2 (-)
MFN2,HZGHC006809c005,HAP1 MFN2 (-)
CLPP,HZGHC006810c003,HAP1 CLPP (-)
CLPP,HZGHC006810c011,HAP1 CLPP (-)
CLPP,HZGHC006811c007,HAP1 CLPP (-)
CLPP,HZGHC006811c008,HAP1 CLPP (-)
CLPP,HZGHC006811c010,HAP1 CLPP (-)
CLPP,HZGHC006811c012,HAP1 CLPP (-)
HTRA2,HZGHC006812c005,HAP1 HTRA2 (-)
HTRA2,HZGHC006812c009,HAP1 HTRA2 (-)
HTRA2,HZGHC006812c012,HAP1 HTRA2 (-)
HTRA2,HZGHC006813c001,HAP1 HTRA2 (-)
HTRA2,HZGHC006813c004,HAP1 HTRA2 (-)
HTRA2,HZGHC006813c005,HAP1 HTRA2 (-)
DHODH,HZGHC006814c017,HAP1 DHODH (-)
DHODH,HZGHC006815c012,HAP1 DHODH (-)
MPC1,HZGHC006816c010,HAP1 MPC1 (-)
MPC1,HZGHC006817c010,HAP1 MPC1 (-)
MPC,HZGHC006817c011,HAP1 MPC (-)
MPC1,HZGHC006817c012,HAP1 MPC1 (-)
MFF,HZGHC006818c004,HAP1 MFF (-)
MFF,HZGHC006818c010,HAP1 MFF (-)
MFF,HZGHC006818c011,HAP1 MFF (-)
MFF,HZGHC006819c001,HAP1 MFF (-)
MFF,HZGHC006819c007,HAP1 MFF (-)
MFF,HZGHC006819c012,HAP1 MFF (-)
MRPS22,HZGHC006820c003,HAP1 MRPS22 (-)
MRPS22,HZGHC006820c009,HAP1 MRPS22 (-)
MRPS22,HZGHC006820c010,HAP1 MRPS22 (-)
HAP1,HZGHC006824c002,HAP1 C10orf2 (-)
HAP1,HZGHC006824c004,HAP1 C10orf2 (-)
HAP1,HZGHC006825c002,HAP1 C10orf2 (-)
HAP1,HZGHC006825c003,HAP1 C10orf2 (-)
HAP1,HZGHC006825c007,HAP1 C10orf2 (-)
GLRX5,HZGHC006826c002,HAP1 GLRX5 (-)
ARRDC1,HZGHC006826c010,HAP1 ARRDC1 (-)
GLRX5,HZGHC006827c003,HAP1 GLRX5 (-)
GLRX5,HZGHC006827c004,HAP1 GLRX5 (-)
GLRX5,HZGHC006827c012,HAP1 GLRX5 (-)
MICIU,HZGHC006828c004,HAP1 MICIU (-)
MICU1,HZGHC006828c009,HAP1 MICU1 (-)
MICU1,HZGHC006829c008,HAP1 MICU1 (-)
CPOX,HZGHC006831c001,HAP1 CPOX 1 (-)
NDUFS3,HZGHC006832c006,HAP1 NDUFS3 (-)
NDUFS3,HZGHC006832c010,HAP1 NDUFS3 (-)
NDUFS3,HZGHC006832c012,HAP1 NDUFS3 (-)
NDUFS3,HZGHC006833c001,HAP1 NDUFS3 (-)
NDUFS3,HZGHC006833c003,HAP1 NDUFS3 (-)
NDUFS3,HZGHC006833c012,HAP1 NDUFS3 (-)
COX6A1,HZGHC006834c003,HAP1 COX6A1 (-)
COX6A1,HZGHC006834c005,HAP1 COX6A1 (-)
COX6A1,HZGHC006834c011,HAP1 COX6A1 (-)
COX6A1,HZGHC006835c004,HAP1 COX6A1 (-)
COX6A1,HZGHC006835c005,HAP1 COX6A1 (-)
COX6A1,HZGHC006835c007,HAP1 COX6A1 (-)
COX6A1,HZGHC006835c009,HAP1 COX6A1(-)
CYC1,HZGHC006836c002,HAP1 CYC1 (-)
CYC1,HZGHC006836c015,HAP1 CYC1 (-)
CYC1,HZGHC006836c016,HAP1 CYC1 (-)
CYC1,HZGHC006836c020,HAP1 CYC1 (-)
CYC1,HZGHC006836c021,HAP1 CYC1 (-)
CYC1,HZGHC006837c001,HAP1 CYC1 (-)
CYC1,HZGHC006837c002,HAP1 CYC1 (-)
CYC1,HZGHC006837c005,HAP1 CYC1 (-)
CYC1,HZGHC006837c010,HAP1 CYC1 (-)
SDHAF2,HZGHC006838c006,HAP1 SDHAF2 (-)
SDHAF2,HZGHC006838c009,HAP1 SDHAF2 (-)
SDHAF2,HZGHC006839c001,HAP1 SDHAF2 (-)
SDHAF2,HZGHC006839c005,HAP1 SDHAF2 (-)
SDHAF2,HZGHC006839c012,HAP1 SDHAF2 (-)
LIAS,HZGHC006842c002,HAP1 LIAS (-)
LIAS,HZGHC006842c003,HAP1 LIAS (-)
LIAS,HZGHC006842c004,HAP1 LIAS (-)
LIAS,HZGHC006843c003,HAP1 LIAS (-)
LIAS,HZGHC006843c006,HAP1 LIAS (-)
TSFM,HZGHC006844c004,HAP1 TSFM (-)
TSFM,HZGHC006844c008,HAP1 TSFM (-)
TSFM,HZGHC006845c024,HAP1 TSFM (-)
MDH2,HZGHC006846c001,HAP1 MDH2 (-)
MDH2,HZGHC006847c003,HAP1 MDH2 (-)
MDH2,HZGHC006847c007,HAP1 MDH2 (-)
DHTKD1,HZGHC006849c003,HAP1 DHTKD1 (-)
DHTKD1,HZGHC006849c008,HAP1 DHTKD1 (-)
DHTKD1,HZGHC006849c011,HAP1 DHTKD1 (-)
DHTKD1,HZGHC006849c012,HAP1 DHTKD1 (-)
PISD,HZGHC006851c001,HAP1 PISD (-)
PISD,HZGHC006851c004,HAP1 PISD (-)
PISD,HZGHC006851c012,HAP1 PISD (-)
ECHS1,HZGHC006852c003,HAP1 ECHS1 (-)
ECHS1,HZGHC006852c010,HAP1 ECHS1 (-)
ECHS1,HZGHC006852c012,HAP1 ECHS1 (-)
ECHS1,HZGHC006853c001,HAP1 ECHS1 (-)
ECHS1,HZGHC006853c002,HAP1 ECHS1 (-)
ECHS1,HZGHC006853c006,HAP1 ECHS1 (-)
ECHS1,HZGHC006853c009,HAP1 ECHS1 (-)
ETHE1,HZGHC006854c001,HAP1 ETHE1 (-)
ETHE1,HZGHC006854c006,HAP1 ETHE1 (-)
ETHE1,HZGHC006854c009,HAP1 ETHE1 (-)
ETHE1,HZGHC006854c012,HAP1 ETHE1 (-)
ETHE1,HZGHC006855c001,HAP1 ETHE1 (-)
ETHE1,HZGHC006855c004,HAP1 ETHE1 (-)
MECR,HZGHC006856c002,HAP1 MECR (-)
MECR,HZGHC006857c007,HAP1 MECR (-)
MECR,HZGHC006857c008,HAP1 MECR (-)
MECR,HZGHC006857c010,HAP1 MECR (-)
FASTKD2,HZGHC006858c005,HAP1 FASTKD2 (-)
FASTKD2,HZGHC006858c006,HAP1 FASTKD2 (-)
FASTKD2,HZGHC006858c007,HAP1 FASTKD2 (-)
FASTKD2,HZGHC006858c011,HAP1 FASTKD2 (-)
FASTKD2,HZGHC006858c012,HAP1 FASTKD2 (-)
FASTKD2,HZGHC006859c004,HAP1 FASTKD2 (-)
FASTKD2,HZGHC006859c007,HAP1 FASTKD2 (-)
FASTKD2,HZGHC006859c011,HAP1 FASTKD2 (-)
MTO1,HZGHC006860c011,HAP1 MTO1 (-)
MT01,HZGHC006861c002,HAP1 MT01 (-)
MTO1,HZGHC006861c011,HAP1 MTO1 (-)
GPD2,HZGHC006862c003,HAP1 GPD2 (-)
GPD2,HZGHC006862c006,HAP1 GPD2 (-)
GPD2,HZGHC006862c010,HAP1 GPD2 (-)
GPD2,HZGHC006862c011,HAP1 GPD2 (-)
DGUOK,HZGHC006865c005,HAP1 DGUOK (-)
DGUOK,HZGHC006865c010,HAP1 DGUOK (-)
DGUOK,HZGHC006865c011,HAP1 DGUOK (-)
DGUOK,HZGHC006865c012,HAP1 DGUOK (-)
BCDIN3D,HZGHC006866c002,HAP1 BCDIN3D (-)
BCDIN3D,HZGHC006866c003,HAP1 BCDIN3D (-)
BCDIN3D,HZGHC006866c007,HAP1 BCDIN3D (-)
BCDIN3D,HZGHC006866c011,HAP1 BCDIN3D (-)
VPS4B,HZGHC006868c001,HAP1 VPS4B (-)
VPS4B,HZGHC006869c004,HAP1 VPS4B (-)
VPS4B,HZGHC006869c005,HAP1 VPS4B (-)
VPS4B,HZGHC006869c007,HAP1 VPS4B (-)
VPS4B,HZGHC006869c011,HAP1 VPS4B (-)
SUN2,HZGHC006873c003,HAP1 SUN2 (-)
SUN2,HZGHC006873c010,HAP1 SUN2 (-)
SENP7,HZGHC006874c003,HAP1 SENP7 (-)
SENP7,HZGHC006874c010,HAP1 SENP7 (-)
SENP7,HZGHC006875c002,HAP1 SENP7 (-)
SENP7,HZGHC006875c005,HAP1 SENP7 (-)
SENP7,HZGHC006875c010,HAP1 SENP7 (-)
CMTM6,HZGHC006876c004,HAP1 CMTM6 (-)
CMTM6,HZGHC006876c009,HAP1 CMTM6 (-)
CMTM6,HZGHC006876c012,HAP1 CMTM6 (-)
TIMM17B,HZGHC006878c006,HAP1 TIMM17B (-)
TIMM17B,HZGHC006878c009,HAP1 TIMM17B (-)
TIMM17B,HZGHC006879c002,HAP1 TIMM17B (-)
TIMM17B,HZGHC006879c004,HAP1 TIMM17B (-)
TIMM17B,HZGHC006879c008,HAP1 TIMM17B (-)
TIMM17B,HZGHC006879c012,HAP1 TIMM17B (-)
DHTKD1,HZGHC006880c007,HAP1 DHTKD1 (-)
ALDH18A1,HZGHC006881c002,HAP1 ALDH18A1 (-)
ALDH18A1,HZGHC006881c007,HAP1 ALDH18A1 (-)
ALDH18A1,HZGHC006881c010,HAP1 ALDH18A1 (-)
ALDH18A1,HZGHC006882c003,HAP1 ALDH18A1 (-)
ALDH18A1,HZGHC006882c007,HAP1 ALDH18A1 (-)
ALDH18A1,HZGHC006882c010,HAP1 ALDH18A1 (-)
TGFB1,HZGHC006883c001,HAP1 TGFB1 (-)
TGFB1,HZGHC006883c005,HAP1 TGFB1 (-)
TGFB1,HZGHC006883c006,HAP1 TGFB1 (-)
ARSB,HZGHC006885c003,HAP1 ARSB (-)
ARSB,HZGHC006885c011,HAP1 ARSB (-)
ARSB,HZGHC006885c012,HAP1 ARSB (-)
ERAP1,HZGHC006887c008,HAP1 ERAP1 (-)
ERAP1,HZGHC006887c009,HAP1 ERAP1 (-)
ERAP1,HZGHC006887c012,HAP1 ERAP1 (-)
EXOG,HZGHC006889c002,HAP1 EXOG (-)
EXOG,HZGHC006889c003,HAP1 EXOG (-)
EXOG,HZGHC006889c008,HAP1 EXOG (-)
EXOG,HZGHC006889c009,HAP1 EXOG (-)
EXOG,HZGHC006889c012,HAP1 EXOG (-)
EXOG,HZGHC006890c001,HAP1 EXOG (-)
AJUBA,HZGHC006899c002,HAP1 AJUBA (-)
AJUBA,HZGHC006899c003,HAP1 AJUBA (-)
AJUBA,HZGHC006899c010,HAP1 AJUBA (-)
ALPL,HZGHC006900c001,HAP1 ALPL (-)
ALPL,HZGHC006901c007,HAP1 ALPL (-)
ATE1,HZGHC006903c013,HAP1 ATE1 (-)
ATE1,HZGHC006903c016,HAP1 ATE1 (-)
ATE1,HZGHC006903c020,HAP1 ATE1 (-)
ATE1,HZGHC006903c023,HAP1 ATE1 (-)
DALRD3,HZGHC006904c005,HAP1 DALRD3 (-)
DALRD3,HZGHC006904c008,HAP1 DALRD3 (-)
DALRD3,HZGHC006904c009,HAP1 DALRD3 (-)
DALRD3,HZGHC006904c011,HAP1 DALRD3 (-)
CLPTM1,HZGHC006906c008,HAP1 CLPTM1 (-)
CLPTM1,HZGHC006906c012,HAP1 CLPTM1 (-)
FAM20B,HZGHC006909c015,HAP1 FAM20B (-)
FAM20B,HZGHC006909c017,HAP1 FAM20B (-)
FAM20B,HZGHC006909c018,HAP1 FAM20B (-)
FAM20B,HZGHC006909c019,HAP1 FAM20B (-)
SHPRH,HZGHC006910c007,HAP1 SHPRH (-)
SHPRH,HZGHC006910c008,HAP1 SHPRH (-)
SHPRH,HZGHC006910c010,HAP1 SHPRH (-)
POR,HZGHC006912c001,HAP1 POR (-)
POR,HZGHC006912c002,HAP1 POR (-)
L2HGDH,HZGHC006914c002,HAP1 L2HGDH (-)
L2HGDH,HZGHC006914c006,HAP1 L2HGDH (-)
L2HGDH,HZGHC006914c008,HAP1 L2HGDH (-)
L2HGDH,HZGHC006914c012,HAP1 L2HGDH (-)
L2HGDH,HZGHC006915c001,HAP1 L2HGDH (-)
L2HGDH,HZGHC006915c009,HAP1 L2HGDH (-)
L2HGDH,HZGHC006915c011,HAP1 L2HGDH (-)
NADK2,HZGHC006916c001,HAP1 NADK2 (-)
NADK2,HZGHC006916c010,HAP1 NADK2 (-)
NADK2,HZGHC006916c012,HAP1 NADK2 (-)
BCKDHA,HZGHC006918c009,HAP1 BCKDHA (-)
BCKDHA,HZGHC006918c010,HAP1 BCKDHA (-)
LPIN1,HZGHC006923c002,HAP1 LPIN1 (-)
LPIN1,HZGHC006923c007,HAP1 LPIN1 (-)
LPIN1,HZGHC006923c008,HAP1 LPIN1 (-)
LPIN1,HZGHC006923c012,HAP1 LPIN1 (-)
MYO18A,HZGHC006929c003,HAP1 MYO18A (-)
MYO18A,HZGHC006929c004,HAP1 MYO18A (-)
MYO18A,HZGHC006929c009,HAP1 MYO18A (-)
MYO18A,HZGHC006929c012,HAP1 MYO18A (-)
ACSL3,HZGHC006931c004,HAP1 ACSL3 (-)
ACSL3,HZGHC006931c006,HAP1 ACSL3 (-)
ACSL3,HZGHC006931c012,HAP1 ACSL3 (-)
ACSL4,HZGHC006933c002,HAP1 ACSL4 (-)
ACSL4,HZGHC006933c006,HAP1 ACSL4 (-)
ACSL4,HZGHC006933c012,HAP1 ACSL4 (-)
GSKIP,HZGHC006935c001,HAP1 GSKIP (-)
GSKIP,HZGHC006935c005,HAP1 GSKIP (-)
GSKIP,HZGHC006935c010,HAP1 GSKIP (-)
AUNIP,HZGHC006936c001,HAP1 AUNIP (-)
AUNIP,HZGHC006936c002,HAP1 AUNIP (-)
PHRF1,HZGHC006938c001,HAP1 PHRF1 (-)
PHRF1,HZGHC006938c008,HAP1 PHRF1 (-)
EP400,HZGHC006940c010,HAP1 EP400 (-)
CLCN5,HZGHC006943c005,HAP1 CLCN5 (-)
CLCN5,HZGHC006943c006,HAP1 CLCN5 (-)
CLCN5,HZGHC006943c008,HAP1 CLCN5 (-)
CLCN5,HZGHC006943c010,HAP1 CLCN5 (-)
ABCB8,HZGHC006944c008,HAP1 ABCB8 (-)
ABCB8,HZGHC006944c012,HAP1 ABCB8 (-)
ABCB8,HZGHC006945c010,HAP1 ABCB8 (-)
C6ORF106,HZGHC006946c003,HAP1 C6ORF106 (-)
C6ORF106,HZGHC006946c004,HAP1 C6ORF106 (-)
C6ORF106,HZGHC006946c010,HAP1 C6ORF106 (-)
C6ORF106,HZGHC006947c008,HAP1 C6ORF106 (-)
CCDC92,HZGHC006948c012,HAP1 CCDC92 (-)
CCDC92,HZGHC006949c008,HAP1 CCDC92 (-)
CCDC92,HZGHC006949c010,HAP1 CCDC92 (-)
CCDC92,HZGHC006949c011,HAP1 CCDC92 (-)
FAM168A,HZGHC006950c006,HAP1 FAM168A (-)
FAM168A,HZGHC006951c003,HAP1 FAM168A (-)
KIF5C/KIF5B,HZGHC006953c008,HAP1 KIF5C (-)/KIF5B (-)
KIF5C/KIF5B,HZGHC006953c012,HAP1 KIF5C (-)/KIF5B (-)
PEX3,HZGHC006955c003,HAP1 PEX3 (-)
PEX3,HZGHC006955c011,HAP1 PEX3 (-)
BTG1,HZGHC006963c008,HAP1 BTG1 (-)
BTG1,HZGHC006963c009,HAP1 BTG1 (-)
UBA6,HZGHC006964c011,HAP1 UBA6 (-)
UBA6,HZGHC006965c001,HAP1 UBA6 (-)
UBA6,HZGHC006965c003,HAP1 UBA6 (-)
UBA6,HZGHC006965c004,HAP1 UBA6 (-)
UBA6,HZGHC006965c008,HAP1 UBA6 (-)
NFE2L2,HZGHC006968c001,HAP1 NFE2L2  (-)
NFE2L2,HZGHC006968c004,HAP1 NFE2L2  (-)
NFE2L2,HZGHC006969c010,HAP1 NFE2L2 (-)
PPARG,HZGHC006970c002,HAP1 PPARG (-)
PPARG,HZGHC006970c009,HAP1 PPARG (-)
PPARG,HZGHC006971c006,HAP1 PPARG (-)
PPARG,HZGHC006971c012,HAP1 PPARG (-)
REPS1,HZGHC006982c003,HAP1 REPS1 (-)
REPS1,HZGHC006982c010,HAP1 REPS1 (-)
PSENEN,HZGHC006985c005,HAP1 PSENEN (-)
PSENEN,HZGHC006985c006,HAP1 PSENEN (-)
FAM20B/IDS,HZGHC006987c001,HAP1 FAM20B (-)/IDS (-)
FAM20B/IDS,HZGHC006987c002,HAP1 FAM20B (-)/IDS (-)
FAM20B/IDS,HZGHC006987c003,HAP1 FAM20B (-)/IDS (-)
FAM20B/IDS,HZGHC006987c004,HAP1 FAM20B (-)/IDS (-)
FAM20B/IDS,HZGHC006987c008,HAP1 FAM20B/IDS (-)
FAM20B/IDS,HZGHC006987c010,HAP1 FAM20B (-)/IDS (-)
SHPRH/HLTF,HZGHC006988c001,HAP1 SHPRH (-)/HLTF (-)
SHPRH/HLTF,HZGHC006988c003,HAP1 SHPRH (-)/HLTF (-)
XPA,HZGHC006990c007,HAP1 XPA (-) FANCI (-)
XPA,HZGHC006991c005,HAP1 XPA (-) APEX1 (-)
XPA/NTHL1,HZGHC006991c010,HAP1 XPA (-)/APEX1 (-)
XPA/NTHL1,HZGHC006991c012,HAP1 XPA (-)/APEX1 (-)
XPA/NTHL1,HZGHC006992c001,HAP1 XPA (-)/NTHL1 (-)
XPA/NTHL1,HZGHC006992c003,HAP1 XPA (-)/NTHL1 (-)
XPA,HZGHC006992c005,HAP1 XPA (-) NTHL1 (-)
FANCI/NTHL1,HZGHC006993c012,HAP1 FANCI (-)/NTHL1 (-)
MUTYH/OGG1,HZGHC006995c019,HAP1 MUTYH (-)/OGG1 (-)
MUTYH/OGG1,HZGHC006995c05,HAP1 MUTYH (-)/OGG1 (-)
MUTYH/OGG1,HZGHC006995c14,HAP1 MUTYH (-)/OGG1 (-)
DDX58/IFIH1,HZGHC006997c005,HAP1 DDX58/IFIH1 (-)
DDX58/IFIH1,HZGHC006997c006,HAP1 DDX58/IFIH1 (-)
DDX58/IFIH1,HZGHC006997c022,HAP1 DDX58/IFIH1 (-)
LRRC16A,HZGHC006998c001,HAP1 LRRC16A (-)
LRRC16A,HZGHC006998c003,HAP1 LRRC16A (-)
YTHDF1,HZGHC007002c001,HAP1 YTHDF1 (-)
YTHDF1,HZGHC007002c004,HAP1 YTHDF1 (-)
YTHDF1,HZGHC007002c007,HAP1 YTHDF1 (-)
YTHDF1,HZGHC007002c010,HAP1 YTHDF1 (-)
YTHDF1,HZGHC007002c011,HAP1 YTHDF1 (-)
YTHDF1,HZGHC007002c012,HAP1 YTHDF1 (-)
YTHDF3,HZGHC007005c002,HAP1 YTHDF3 (-)
YTHDF3,HZGHC007005c004,HAP1 YTHDF3 (-)
YTHDF3,HZGHC007005c007,HAP1 YTHDF3 (-)
YTHDF3,HZGHC007005c008,HAP1 YTHDF3 (-)
YTHDF3,HZGHC007005c011,HAP1 YTHDF3 (-)
YTHDF3,HZGHC007005c012,HAP1 YTHDF3 (-)
IFI6,HZGHC007011c002,HAP1 IFI6 (-)
IFI6,HZGHC007011c003,HAP1 IFI6 (-)
IFI6,HZGHC007011c004,HAP1 IFI6 (-)
HAP1,HZGHC007013c004,HAP1 C7orf55 (-)
C7ORF55,HZGHC007013c005,HAP1 C7ORF55 (-)
C7ORF55,HZGHC007013c009,HAP1 C7ORF55 (-)
PIH1D1,HZGHC007019c003,HAP1 PIH1D1 (-)
PIH1D1,HZGHC007019c004,HAP1 PIH1D1 (-)
PIH1D1,HZGHC007019c009,HAP1 PIH1D1 (-)
CDAN1,HZGHC007021c007,HAP1 CDAN1 (-)
GOLM1,HZGHC007022c003,HAP1 GOLM1 (-)
GOLM1,HZGHC007022c005,HAP1 GOLM1 (-)
GOLM1,HZGHC007022c010,HAP1 GOLM1 (-)
TTL,HZGHC007023c001,HAP1 TTL (-)
TTL,HZGHC007024c001,HAP1 TTL (-)
TTL,HZGHC007024c008,HAP1 TTL (-)
ZNF143,HZGHC007026c001,HAP1 ZNF143 (-)
ZNF143,HZGHC007026c007,HAP1 ZNF143 (-)
ZNF143,HZGHC007026c009,HAP1 ZNF143 (-)
LSM12,HZGHC007031c001,HAP1 LSM12 (-)
LSM12,HZGHC007031c004,HAP1 LSM12 (-)
LSM12,HZGHC007031c011,HAP1 LSM12 (-)
NFIL3,HZGHC007044c022,HAP1 NFIL3 (-)
NFIL3,HZGHC007044c024,HAP1 NFIL3 (-)
B4GALT5,HZGHC007047c007,HAP1 B4GALT5  (-)
B4GALT5,HZGHC007047c011,HAP1 B4GALT5  (-)
APPL1,HZGHC007050c003,HAP1 APPL1 (-)
APPL1,HZGHC007050c005,HAP1 APPL1 (-)
APPL1,HZGHC007050c009,HAP1 APPL1 (-)
APPL1,HZGHC007050c010,HAP1 APPL1 (-)
CDK6,HZGHC007052c010,Human CDK6 14bp deletion knockout cell line
CDK6,HZGHC007052c019,Human CDK6 4bp deletion knockout cell line
PROM1,HZGHC007055c002,HAP1 PROM1   (-)
PROM1,HZGHC007056c004,HAP1 PROM1 (-)
PROM1,HZGHC007056c009,HAP1 PROM1  (-)
PROM1,HZGHC007056c011,HAP1 PROM1  (-)
C17,HZGHC007058c002,HAP1 C17orf80  (-)
C17,HZGHC007058c005,HAP1 C17orf80 (-)
C17,HZGHC007058c015,HAP1 C17orf80 (-)
C17,HZGHC007058c024,HAP1 C17orf80 (-)
MTERFD3,HZGHC007060c001,HAP1 MTERFD3 (-)
MTERFD3,HZGHC007060c003,HAP1 MTERFD3 (-)
MTERFD3,HZGHC007060c009,HAP1 MTERFD3 (-)
MTERFD1,HZGHC007062c002,HAP1 MTERFD1 (-)
MTERF,HZGHC007063c007,HAP1 MTERF (-)
MTERF,HZGHC007063c010,HAP1 MTERF (-)
DCTD,HZGHC007066c004,HAP1 DCTD (-)
DCTD,HZGHC007066c009,HAP1 DCTD (-)
CAD,HZGHC007069c002,HAP1 CAD   (-)
SGSH,HZGHC007072c005,HAP1 SGSH (-)
SGSH,HZGHC007072c006,HAP1 SGSH (-)
PAN3,HZGHC007073c006,HAP1 PAN3  (-)
PAN3,HZGHC007073c008,HAP1 PAN3  (-)
PAN3,HZGHC007073c011,HAP1 PAN3  (-)
PLOD1,HZGHC007075c006,HAP1 PLOD1  (-)
PLOD1,HZGHC007075c012,HAP1 PLOD1 (-)
SGCB,HZGHC007077c002,HAP1 SGCB (-)
SGCB,HZGHC007077c003,HAP1 SGCB (-)
SGCB,HZGHC007077c007,HAP1 SGCB (-)
YTHDC2,HZGHC007080c002,HAP1 YTHDC2 (-)
YTHDC2,HZGHC007080c004,HAP1 YTHDC2 (-)
YTHDC2,HZGHC007080c010,HAP1 YTHDC2 (-)
LARP1,HZGHC007082c002,HAP1 LARP1 (-)
LARP1,HZGHC007082c010,HAP1 LARP1 (-)
LARP1,HZGHC007082c013,HAP1 LARP1 (-)
LARP1,HZGHC007082c028,HAP1 LARP1 (-)
DDHD2,HZGHC007083c003,HAP1 DDHD2  (-)
DDHD2,HZGHC007083c009,HAP1 DDHD2  (-)
BOLA3,HZGHC007087c010,HAP1 BOLA3 (-)
NDUFAF6,HZGHC007089c001,HAP1 NDUFAF6 (-)
NDUFAF6,HZGHC007089c014,HAP1 NDUFAF6 (-)
NDUFAF6,HZGHC007089c018,HAP1 NDUFAF6 (-)
NDUFAF6,HZGHC007089c025,HAP1 NDUFAF6 (-)
SURF1,HZGHC007090c002,HAP1 SURF1  (-)
SURF1,HZGHC007090c007,HAP1 SURF1  (-)
SURF1,HZGHC007090c008,HAP1 SURF1  (-)
SURF1,HZGHC007090c009,HAP1 SURF1  (-)
GSDMD,HZGHC007097c004,HAP1 GSDMD (-)
GSDMD,HZGHC007097c005,HAP1 GSDMD   (-)
GSDMD,HZGHC007097c009,HAP1 GSDMD   (-)
GSDMD,HZGHC007097c011,HAP1 GSDMD (-)
MAPKBP1,HZGHC007099c002,HAP1 MAPKBP1  (-)
MAPKBP1,HZGHC007099c005,HAP1 MAPKBP1  (-)
MAPKBP1,HZGHC007099c008,HAP1 MAPKBP1  (-)
RASSF4,HZGHC007101c001,HAP1 RASSF4 (-)
RASSF4,HZGHC007101c006,HAP1 RASSF4 (-)
RASSF4,HZGHC007101c007,HAP1 RASSF4 (-)
RASSF4,HZGHC007102c003,HAP1 RASSF4 (-)
RASSF4,HZGHC007102c006,HAP1 RASSF4 (-)
NPC2,HZGHC007103c001,HAP1 NPC2 (-)
NPC2,HZGHC007103c007,HAP1 NPC2 (-)
NPC2,HZGHC007103c011,HAP1 NPC2  (-)
NPC2,HZGHC007104c004,HAP1 NPC2 (-)
NPC2,HZGHC007104c005,HAP1 NPC2  (-)
SYNCRIP,HZGHC007105c001,HAP1 SYNCRIP (-)
SYNCRIP,HZGHC007105c003,HAP1 SYNCRIP (-)
SYNCRIP,HZGHC007105c006,HAP1 SYNCRIP (-)
SYNCRIP,HZGHC007106c002,HAP1 SYNCRIP (-)
SYNCRIP,HZGHC007106c004,HAP1 SYNCRIP   (-)
SYNCRIP,HZGHC007106c005,HAP1 SYNCRIP (-)
SYNCRIP,HZGHC007106c010,HAP1 SYNCRIP (-)
XYLT2,HZGHC007108c003,HAP1 XYLT2 (-)
XYLT2,HZGHC007108c005,HAP1 XYLT2 (-)
XYLT2,HZGHC007108c008,HAP1 XYLT2 (-)
DHX40,HZGHC007110c003,HAP1 DHX40 (-)
DHX40,HZGHC007110c005,HAP1 DHX40  (-)
DHX40,HZGHC007110c008,HAP1 DHX40 (-)
DHX40,HZGHC007110c010,HAP1 DHX40  (-)
DHX40,HZGHC007110c011,HAP1 DHX40  (-)
KIAA0319L,HZGHC007114c005,HAP1 KIAA0319L (-)
KIAA0319L,HZGHC007114c006,HAP1 KIAA0319L (-)
KIAA0319L,HZGHC007114c009,HAP1 KIAA0319L (-)
SPAG9,HZGHC007115c005,HAP1 SPAG9 (-)
SPAG9,HZGHC007115c008,HAP1 SPAG9 (-)
SPAG9,HZGHC007115c010,HAP1 SPAG9 (-)
SPAG9,HZGHC007116c008,HAP1 SPAG9  (-)
TMEM8A,HZGHC007120c003,HAP1 TMEM8A (-)
TMEM8A,HZGHC007120c008,HAP1 TMEM8A (-)
LMBRD1,HZGHC007122c001,HAP1 LMBRD1  (-)
LMBRD1,HZGHC007122c002,HAP1 LMBRD1  (-)
LMBRD1,HZGHC007122c006,HAP1 LMBRD1  (-)
LMBRD1,HZGHC007122c010,HAP1 LMBRD1 (-)
LMBRD1,HZGHC007122c011,HAP1 LMBRD1 (-)
EGLN2,HZGHC007124c005,HAP1 EGLN2 (-)
EGLN2,HZGHC007124c006,HAP1 EGLN2  (-)
MTERFD1,HZGHC007125c005,HAP1 MTERFD1 (-)
AKAP8,HZGHC007128c004,HAP1 AKAP8 (-)
AKAP8,HZGHC007128c010,HAP1 AKAP8 (-)
CAD,HZGHC007130c004,HAP1 CAD (-)
CAD,HZGHC007130c010,HAP1 CAD (-)
CAD,HZGHC007130c011,HAP1 CAD (-)
CAD,HZGHC007130c013,HAP1 CAD (-)
CAD,HZGHC007130c014,HAP1 CAD (-)
HERC1,HZGHC007132c003,HAP1 HERC1 (-)
XKR8/ANO6,HZGHC007134c006,HAP1 XKR8/ANO6 (-)
XKR8/ANO6,HZGHC007134c009,HAP1 XKR8/ANO6 (-)
XKR8/ANO6,HZGHC007134c013,HAP1 XKR8/ANO6 (-)
XKR8/ANO6,HZGHC007134c020,HAP1 XKR8/ANO6 (-)
XKR8/ANO6,HZGHC007134c022,HAP1 XKR8/ANO6 (-)
XKR8/ANO6,HZGHC007134c023,HAP1 XKR8/ANO6 (-)
AHSA1,HZGHC007137c013,HAP1 AHSA1 (-)
AHSA1,HZGHC007137c014,HAP1 AHSA1 (-)
AHSA1,HZGHC007137c019,HAP1 AHSA1 (-)
AHSA1,HZGHC007137c020,HAP1 AHSA1 (-)
AHSA1,HZGHC007137c021,HAP1 AHSA1 (-)
FNIP1,HZGHC007140c004,HAP1 FNIP1 (-)
FNIP2,HZGHC007141c005,HAP1 FNIP2  (-)
FNIP2,HZGHC007141c007,HAP1 FNIP2  (-)
FNIP2,HZGHC007141c014,HAP1 FNIP2 (-)
FNIP2,HZGHC007141c015,HAP1 FNIP2 (-)
FNIP2,HZGHC007141c016,HAP1 FNIP2 (-)
FNIP2,HZGHC007142c011,HAP1 FNIP2  (-)
MUM1,HZGHC007143c003,HAP1 MUM1  (-)
MUM1,HZGHC007143c012,HAP1 MUM1  (-)
SOCS2,HZGHC007147c007,HAP1 SOCS2 (-)
SOCS2,HZGHC007147c009,HAP1 SOCS2 (-)
SOCS2,HZGHC007147c010,HAP1 SOCS2 (-)
BCAT2,HZGHC007149c003,HAP1 BCAT2 (-)
BCAT2,HZGHC007149c004,HAP1 BCAT2 (-)
BCAT2,HZGHC007149c005,HAP1 BCAT2 (-)
MIEN1,HZGHC007151c005,HAP1 MIEN1 (-)
MIEN1,HZGHC007151c006,HAP1 MIEN1 (-)
GRHL1,HZGHC007156c002,HAP1 GRHL1 (-)
GRHL1,HZGHC007156c005,HAP1 GRHL1 (-)
GRHL1,HZGHC007156c011,HAP1 GRHL1 (-)
WDR45,HZGHC007158c012,HAP1 WDR45 (-)
S100PBP,HZGHC007159c002,HAP1 S100PBP (-)
S100PBP,HZGHC007159c004,HAP1 S100PBP (-)
S100PBP,HZGHC007159c008,HAP1 S100PBP (-)
S100PBP,HZGHC007160c011,HAP1 S100PBP (-)
ANAPC16,HZGHC007163c001,HAP1 ANAPC16 (-)
ANAPC16,HZGHC007163c012,HAP1 ANAPC16 (-)
SLCO1A2,HZGHC007168c003,HAP1 SLCO1A2 (-)
SLCO1A2,HZGHC007168c005,HAP1 SLCO1A2 (-)
SLCO1A2,HZGHC007168c006,HAP1 SLCO1A2 (-)
TMEM39B,HZGHC007170c001,HAP1 TMEM39B (-)
TMEM39B,HZGHC007170c009,HAP1 TMEM39B (-)
TMEM69,HZGHC007171c003,HAP1 TMEM69 (-)
TMEM69,HZGHC007171c008,HAP1 TMEM69 (-)
TMEM69,HZGHC007171c010,HAP1 TMEM69 (-)
HSD17B12,HZGHC007175c002,HAP1 HSD17B12 (-)
HLA,HZGHC007177c005,HAP1 HLA-E (-)
HLA,HZGHC007177c007,HAP1 HLA-E (-)
HLA,HZGHC007177c009,HAP1 HLA-E (-)
HLA,HZGHC007178c001,HAP1 HLA-E (-)
HLA,HZGHC007178c002,HAP1 HLA-E (-)
HLA,HZGHC007178c003,HAP1 HLA-E (-)
ADH5,HZGHC007179c009,HAP1 ADH5 (-)
ADH5,HZGHC007179c010,HAP1 ADH5 (-)
TDP2,HZGHC007181c003,HAP1 TDP2 (-)
SEC31B,HZGHC007183c001,HAP1 SEC31B (-)
SEC31B,HZGHC007183c012,HAP1 SEC31B (-)
SEC31B,HZGHC007183c016,HAP1 SEC31B (-)
SEC31B,HZGHC007183c020,HAP1 SEC31B (-)
SEC31B,HZGHC007183c021,HAP1 SEC31B (-)
SEC31B,HZGHC007184c012,HAP1 SEC31B (-)
SEC31B,HZGHC007184c015,HAP1 SEC31B (-)
SEC31A,HZGHC007186c005,HAP1 SEC31A (-)
ARFGAP2,HZGHC007188c008,HAP1 ARFGAP2 (-)
ARFGAP2,HZGHC007188c011,HAP1 ARFGAP2 (-)
ARFGAP3,HZGHC007189c007,HAP1 ARFGAP3 (-)
ARFGAP3,HZGHC007189c009,HAP1 ARFGAP3 (-)
NR5A2,HZGHC007193c006,HAP1 NR5A2 (-)
NR5A2,HZGHC007193c010,HAP1 NR5A2 (-)
NADK,HZGHC007196c001,HAP1 NADK (-)
NADK,HZGHC007196c006,HAP1 NADK (-)
GOT2,HZGHC007199c002,HAP1 GOT2 (-)
GOT2,HZGHC007199c005,HAP1 GOT2 (-)
GOT2,HZGHC007199c011,HAP1 GOT2 (-)
METTL4,HZGHC007201c003,HAP1 METTL4 (-)
METTL4,HZGHC007201c006,HAP1 METTL4 (-)
METTL4,HZGHC007201c012,HAP1 METTL4 (-)
CLN5,HZGHC007202c008,HAP1 CLN5 (-)
CLN8,HZGHC007204c0012,HAP1 CLN8 (-)
CLN8,HZGHC007204c006,HAP1 CLN8 (-)
SMURF1,HZGHC007207c001,HAP1 SMURF1 (-)
SMURF1,HZGHC007207c003,HAP1 SMURF1 (-)
SMURF1,HZGHC007207c006,HAP1 SMURF1 (-)
SMURF1,HZGHC007207c011,HAP1 SMURF1 (-)
SMURF2,HZGHC007209c003,HAP1 SMURF2 (-)
SMURF2,HZGHC007209c007,HAP1 SMURF2 (-)
GNPDA2,HZGHC007210c002,HAP1 GNPDA2 (-)
GNPDA2,HZGHC007210c008,HAP1 GNPDA2 (-)
GNPDA2,HZGHC007210c011,HAP1 GNPDA2 (-)
GNPDA2,HZGHC007210c012,HAP1 GNPDA2 (-)
TPP1,HZGHC007213c006,HAP1 TPP1 (-)
TPP1,HZGHC007213c009,HAP1 TPP1 (-)
ASF1A,HZGHC007215c004,HAP1 ASF1A (-)
ASF1A,HZGHC007215c005,HAP1 ASF1A (-)
ASF1A,HZGHC007215c006,HAP1 ASF1A (-)
ASF1B,HZGHC007216c003,HAP1 ASF1B (-)
ASF1B,HZGHC007216c008,HAP1 ASF1B (-)
ASF1B,HZGHC007216c010,HAP1 ASF1B (-)
CHMP1B,HZGHC007219c010,HAP1 CHMP1B (-)
DDX17,HZGHC007221c004,HAP1 DDX17 (-)
DDX17,HZGHC007221c009,HAP1 DDX17 (-)
DDX17,HZGHC007221c012,HAP1 DDX17 (-)
MAGT1,HZGHC007223c007,HAP1 MAGT1 (-)
RAB1A,HZGHC007227c002,HAP1 RAB1A (-)
RAB1A,HZGHC007227c012,HAP1 RAB1A (-)
ACSL3/ACSL4,HZGHC007235c004,HAP1 ACSL3 (-)/ACSL4 (-)
ACSL3/ACSL4,HZGHC007235c005,HAP1 ACSL3 (-)/ACSL4 (-)
ACSL3/ACSL4,HZGHC007235c010,HAP1 ACSL3 (-)/ACSL4 (-)
ACSL3/ACSL4,HZGHC007235c011,HAP1 ACSL3 (-)/ACSL4 (-)
ACSL3/ACSL4,HZGHC007235c012,HAP1 ACSL3 (-)/ACSL4 (-)
ARNT,HZGHC007237c006,HAP1 ARNT (-)
TSPAN4,HZGHC007251c001,HAP1 TSPAN4 (-)
TSPAN4,HZGHC007251c005,HAP1 TSPAN4 (-)
KDELR2,HZGHC007252c005,HAP1 KDELR2 (-)
KDELR2,HZGHC007252c012,HAP1 KDELR2 (-)
ALKBH6,HZGHC007256c002,HAP1 ALKBH6 (-)
ALKBH6,HZGHC007256c009,HAP1 ALKBH6 (-)
ALKBH6,HZGHC007256c011,HAP1 ALKBH6 (-)
B4GALNT1,HZGHC007259c003,HAP1 B4GALNT1 (-)
B4GALNT1,HZGHC007259c007,HAP1 B4GALNT1 (-)
B4GALNT1,HZGHC007259c012,HAP1 B4GALNT1 (-)
PMS1,HZGHC007262c001,HAP1 PMS1 (-)
PMS1,HZGHC007262c005,HAP1 PMS1 (-)
PMS1,HZGHC007262c008,HAP1 PMS1 (-)
PMS1,HZGHC007262c009,HAP1 PMS1 (-)
PMS1,HZGHC007262c010,HAP1 PMS1 (-)
MDH1,HZGHC007264c001,HAP1 MDH1 (-)
MDH1,HZGHC007264c003,HAP1 MDH1 (-)
MDH1,HZGHC007264c008,HAP1 MDH1 (-)
MDH1,HZGHC007264c009,HAP1 MDH1 (-)
CCDC109B,HZGHC007266c007,HAP1 CCDC109B (-)
CCDC109B,HZGHC007266c009,HAP1 CCDC109B  (-)
CCDC109B,HZGHC007266c010,HAP1 CCDC109B (-)
CCDC109B,HZGHC007266c012,HAP1 CCDC109B (-)
MCUR1,HZGHC007269c010,HAP1 MCUR1 (-)
MCUR1,HZGHC007269c011,HAP1 MCUR1 (-)
SMCHD1,HZGHC007271c001,HAP1 SMCHD1 (-)
SMCHD1,HZGHC007271c003,HAP1 SMCHD1 (-)
SMCHD1,HZGHC007271c006,HAP1 SMCHD1 (-)
GLB1,HZGHC007272c002,HAP1 GLB1 (-)
GLB1,HZGHC007272c005,HAP1 GLB1 (-)
GLB1,HZGHC007272c006,HAP1 GLB1 (-)
CDH6,HZGHC007274c007,HAP1 CDH6 (-)
CDH6,HZGHC007274c012,HAP1 CDH6 (-)
NMRK1,HZGHC007276c001,HAP1 NMRK1 (-)
TMEM189,HZGHC007279c004,HAP1 TMEM189 (-)
TMEM189,HZGHC007279c007,HAP1 TMEM189 (-)
TMEM189,HZGHC007279c008,HAP1 TMEM189 (-)
TMEM189,HZGHC007279c010,HAP1 TMEM189 (-)
CAPN2,HZGHC007281c005,HAP1 CAPN2 (-)
CAPN2,HZGHC007281c009,HAP1 CAPN2 (-)
CAPN2,HZGHC007281c011,HAP1 CAPN2 (-)
NUDT9,HZGHC007283c001,HAP1 NUDT9 (-)
NUDT9,HZGHC007283c002,HAP1 NUDT9 (-)
NUDT9,HZGHC007283c004,HAP1 NUDT9 (-)
NUDT9,HZGHC007283c009,HAP1 NUDT9 (-)
NUDT9,HZGHC007284c003,HAP1 NUDT9 (-)
NUDT9,HZGHC007284c012,HAP1 NUDT9 (-)
SEC31B,HZGHC007287c002,HAP1 SEC31B (-)
SEC31B,HZGHC007287c008,HAP1 SEC31B (-)
HIF1AN,HZGHC007289c004,HAP1 HIF1AN (-)
HIF1AN,HZGHC007289c005,HAP1 HIF1AN (-)
HIF1AN,HZGHC007289c007,HAP1 HIF1AN (-)
TRAPPC9,HZGHC007291c001,HAP1 TRAPPC9 (-)
TRAPPC9,HZGHC007291c002,HAP1 TRAPPC9 (-)
TRAPPC10,HZGHC007293c005,HAP1 TRAPPC10 (-)
TRAPPC10,HZGHC007293c009,HAP1 TRAPPC10 (-)
ZFX,HZGHC007294c003,HAP1 ZFX (-)
ZFX,HZGHC007294c007,HAP1 ZFX (-)
ZFX,HZGHC007294c011,HAP1 ZFX (-)
SPOP,HZGHC007297c006,HAP1 SPOP (-)
FNIP2,HZGHC007298c001,HAP1 FNIP2 (-)
ZNF536,HZGHC007301c003,HAP1 ZNF536 (-)
ZNF536,HZGHC007301c011,HAP1 ZNF536 (-)
ALKBH8,HZGHC007302c008,HAP1 ALKBH8 (-)
ALKBH8,HZGHC007303c004,HAP1 ALKBH8 (-)
ALKBH8,HZGHC007303c011,HAP1 ALKBH8 (-)
PCIF1,HZGHC007305c001,HAP1 PCIF1 (-)
PCIF1,HZGHC007305c004,HAP1 PCIF1 (-)
PCIF1,HZGHC007305c006,HAP1 PCIF1 (-)
PCIF1,HZGHC007305c010,HAP1 PCIF1 (-)
PCIF1,HZGHC007305c011,HAP1 PCIF1 (-)
KIAA1432,HZGHC007306c002,HAP1 KIAA1432 (-)
RGP1,HZGHC007308c002,HAP1 RGP1 (-)
RGP1,HZGHC007308c005,HAP1 RGP1 (-)
RGP1,HZGHC007308c009,HAP1 RGP1 (-)
ARL1,HZGHC007311c004,HAP1 ARL1 (-)
ARL1,HZGHC007311c011,HAP1 ARL1 (-)
HAP1,HZGHC007313c010,HAP1 C6orf136 (-)
DPH2,HZGHC007314c004,HAP1 DPH2 (-)
DPH2,HZGHC007314c006,HAP1 DPH2 (-)
TRAPPC6B,HZGHC007325c003,HAP1 TRAPPC6B (-)
TRAPPC6B,HZGHC007325c005,HAP1 TRAPPC6B (-)
TRAPPC6B,HZGHC007325c009,HAP1 TRAPPC6B (-)
CLPB,HZGHC007326c001,HAP1 CLPB (-)
CLPB,HZGHC007326c003,HAP1 CLPB (-)
CLPB,HZGHC007326c005,HAP1 CLPB (-)
PKD1,HZGHC007329c001,HAP1 PKD1 (-)
PKD1,HZGHC007329c002,HAP1 PKD1 (-)
PKD1,HZGHC007329c004,HAP1 PKD1 (-)
VPS11,HZGHC007330c007,HAP1 VPS11 (-)
VPS11,HZGHC007330c011,HAP1 VPS11 (-)
VPS11,HZGHC007331c004,HAP1 VPS11 (-)
VPS11,HZGHC007331c005,HAP1 VPS11 (-)
VPS11,HZGHC007331c010,HAP1 VPS11 (-)
AGO3,HZGHC007332c002,HAP1 AGO3 (-)
AGO3,HZGHC007332c004,HAP1 AGO3 (-)
AGO3,HZGHC007332c012,HAP1 AGO3 (-)
WIPF1,HZGHC007346c016,HAP1 WIPF1 (-)
WIPF1,HZGHC007346c019,HAP1 WIPF1 (-)
SH3D19,HZGHC007349c001,HAP1 SH3D19 (-)
SH3D19,HZGHC007349c002,HAP1 SH3D19 (-)
SH3D19,HZGHC007349c009,HAP1 SH3D19 (-)
HIP1R,HZGHC007351c003,HAP1 HIP1R (-)
HIP1R,HZGHC007351c004,HAP1 HIP1R (-)
HIP1R,HZGHC007351c005,HAP1 HIP1R (-)
HIP1R,HZGHC007351c011,HAP1 HIP1R (-)
KLHDC3,HZGHC007352c006,HAP1 KLHDC3 (-)
KLHDC3,HZGHC007352c007,HAP1 KLHDC3 (-)
KLHDC3,HZGHC007352c008,HAP1 KLHDC3 (-)
RAPGEF5,HZGHC007354c001,HAP1 RAPGEF5 (-)
RAPGEF5,HZGHC007354c002,HAP1 RAPGEF5 (-)
RAPGEF5,HZGHC007354c011,HAP1 RAPGEF5 (-)
LBR,HZGHC007357c013,HAP1 LBR (-)
LBR,HZGHC007357c015,HAP1 LBR (-)
LBR,HZGHC007357c022,HAP1 LBR (-)
VPS41,HZGHC007359c004,HAP1 VPS41 (-)
VPS41,HZGHC007359c010,HAP1 VPS41 (-)
PRKCSH,HZGHC007360c006,HAP1 PRKCSH (-)
PRKCSH,HZGHC007360c008,HAP1 PRKCSH (-)
PANK2,HZGHC007363c003,HAP1 PANK2 (-)
PANK2,HZGHC007363c012,HAP1 PANK2 (-)
POMK/LARGE,HZGHC007364c011,HAP1 POMK/LARGE (-)
FBXO6,HZGHC007365c013,HAP1 FBXO6 (-)
FBXO6,HZGHC007365c015,HAP1 FBXO6  (-)
FBXO6,HZGHC007365c018,HAP1 FBXO6 (-)
FBXO6,HZGHC007365c021,HAP1 FBXO6 (-)
WLS,HZGHC007368c003,HAP1 WLS (-)
WLS,HZGHC007368c005,HAP1 WLS (-)
WLS,HZGHC007368c008,HAP1 WLS (-)
TMTC3,HZGHC007369c002,HAP1 TMTC3 (-)
TMTC3,HZGHC007369c003,HAP1 TMTC3 (-)
TMTC3,HZGHC007369c004,HAP1 TMTC3 (-)
RHOT1,HZGHC007372c001,HAP1 RHOT1 (-)
RHOT1,HZGHC007372c006,HAP1 RHOT1 (-)
RHOT1,HZGHC007372c011,HAP1 RHOT1 (-)
OTUD7A,HZGHC007373c006,HAP1 OTUD7A (-)
OTUD7A,HZGHC007373c009,HAP1 OTUD7A (-)
OTUD7A,HZGHC007373c012,HAP1 OTUD7A (-)
OTUD7A,HZGHC007374c002,HAP1 OTUD7A (-)
OTUD7A,HZGHC007374c003,HAP1 OTUD7A (-)
OTUD7A,HZGHC007374c009,HAP1 OTUD7A (-)
POMK/GNPTAB,HZGHC007375c002,HAP1 POMK/GNPTAB (-)
POMK/GNPTAB,HZGHC007375c003,HAP1 POMK/GNPTAB (-)
POMK/GNPTAB,HZGHC007375c012,HAP1 POMK/GNPTAB (-)
ALOX5/ALOX15,HZGHC007377c001,HAP1 ALOX5/ALOX15 (-)
ALOX5/ALOX15,HZGHC007377c004,HAP1 ALOX5/ALOX15 (-)
ALOX5/ALOX15,HZGHC007377c006,HAP1 ALOX5/ALOX15 (-)
ALOX5/ALOX15,HZGHC007377c011,HAP1 ALOX5/ALOX15 (-)
HNRNPA2B1,HZGHC007378c004,HAP1 HNRNPA2B1 (-)
HNRNPA2B1,HZGHC007378c010,HAP1 HNRNPA2B1 (-)
ATF4,HZGHC007380c002,HAP1 ATF4 (-)
ATF4,HZGHC007380c010,HAP1 ATF4 (-)
LRPAP1,HZGHC007383c003,HAP1 LRPAP1 (-)
LRPAP1,HZGHC007383c007,HAP1 LRPAP1 (-)
LMNA/LBR,HZGHC007384c001,HAP1 LMNA/LBR (-)
LMNA/LBR,HZGHC007384c005,HAP1 LMNA/LBR (-)
LMNA/LBR,HZGHC007384c009,HAP1 LMNA/LBR (-)
LMNA/LBR,HZGHC007384c010,HAP1 LMNA/LBR (-)
LMNA/LBR,HZGHC007384c011,HAP1 LMNA/LBR (-)
KTN1,HZGHC007386c004,HAP1 KTN1 (-)
KTN1,HZGHC007386c008,HAP1 KTN1 (-)
KTN1,HZGHC007386c010,HAP1 KTN1 (-)
KTN1,HZGHC007386c011,HAP1 KTN1 (-)
UCHL5,HZGHC007388c001,HAP1 UCHL5 (-)
UCHL5,HZGHC007388c002,HAP1 UCHL5 (-)
UCHL5,HZGHC007388c004,HAP1 UCHL5 (-)
CDA,HZGHC007390c003,HAP1 CDA (-)
CDA,HZGHC007390c005,HAP1 CDA (-)
CDA,HZGHC007390c006,HAP1 CDA (-)
CDA,HZGHC007390c007,HAP1 CDA (-)
CDA,HZGHC007390c008,HAP1 CDA (-)
CDA,HZGHC007390c012,HAP1 CDA (-)
LRP4,HZGHC007394c002,HAP1 LRP4 (-)
LRP4,HZGHC007394c003,HAP1 LRP4 (-)
LRP4,HZGHC007394c007,HAP1 LRP4 (-)
LRP4,HZGHC007394c008,HAP1 LRP4 (-)
LRP4,HZGHC007394c012,HAP1 LRP4 (-)
WDR45B,HZGHC007395c006,HAP1 WDR45B (-)
WDR45B,HZGHC007395c012,HAP1 WDR45B (-)
FBXL14,HZGHC007397c001,HAP1 FBXL14 (-)
FBXL14,HZGHC007397c010,HAP1 FBXL14 (-)
ZNRD1,HZGHC007399c006,HAP1 ZNRD1 (-)
ZNRD1,HZGHC007399c012,HAP1 ZNRD1 (-)
ZNRD1,HZGHC007400c003,HAP1 ZNRD1 (-)
ZNRD1,HZGHC007400c004,HAP1 ZNRD1 (-)
ANKRD9,HZGHC007401c005,HAP1 ANKRD9  (-)
ANKRD9,HZGHC007401c009,HAP1 ANKRD9  (-)
ANKRD9,HZGHC007402c003,HAP1 ANKRD9 (-)
ANKRD9,HZGHC007402c005,HAP1 ANKRD9 (-)
LMBR1L,HZGHC007405c003,HAP1 LMBR1L (-)
LMBR1L,HZGHC007405c004,HAP1 LMBR1L (-)
LMBR1L,HZGHC007405c006,HAP1 LMBR1L (-)
LMBR1L,HZGHC007405c011,HAP1 LMBR1L (-)
SMG8,HZGHC007408c007,HAP1 SMG8 (-)
SMG9,HZGHC007409c001,HAP1 SMG9 (-)
SMG9,HZGHC007409c009,HAP1 SMG9 (-)
APMAP,HZGHC007412c001,HAP1 APMAP  (-)
APMAP,HZGHC007412c002,HAP1 APMAP  (-)
APMAP,HZGHC007412c008,HAP1 APMAP  (-)
APMAP,HZGHC007412c010,HAP1 APMAP  (-)
SS18,HZGHC007415c005,HAP1 SS18 (-)
SS18,HZGHC007416c002,HAP1 SS18 (-)
SS18,HZGHC007416c009,HAP1 SS18 (-)
SS18,HZGHC007416c010,HAP1 SS18 (-)
SS18L1,HZGHC007417c004,HAP1 SS18L1 (-)
SS18L1,HZGHC007417c007,HAP1 SS18L1 (-)
SS18L1,HZGHC007417c008,HAP1 SS18L1 (-)
SS18L1,HZGHC007417c009,HAP1 SS18L1 (-)
SS18L1,HZGHC007417c011,HAP1 SS18L1 (-)
SS18L1,HZGHC007417c012,HAP1 SS18L1 (-)
PSAP,HZGHC007419c006,HAP1 PSAP (-)
PSAP,HZGHC007420c001,HAP1 PSAP (-)
RC3H2,HZGHC007421c005,HAP1 RC3H2 (-)
RC3H2,HZGHC007421c008,HAP1 RC3H2 (-)
RC3H2,HZGHC007421c010,HAP1 RC3H2 (-)
TMEM97,HZGHC007423c002,HAP1 TMEM97 (-)
TMEM97,HZGHC007423c005,HAP1 TMEM97 (-)
TMEM97,HZGHC007423c009,HAP1 TMEM97 (-)
HIP1/HIP1R,HZGHC007427c001,HAP1 HIP1/HIP1R (-)
HIP1/HIP1R,HZGHC007427c002,HAP1 HIP1/HIP1R (-)
HIP1/HIP1R,HZGHC007427c003,HAP1 HIP1/HIP1R (-)
HIP1/HIP1R,HZGHC007427c004,HAP1 HIP1/HIP1R (-)
HIP1/HIP1R,HZGHC007427c007,HAP1 HIP1/HIP1R (-)
HIP1/HIP1R,HZGHC007427c010,HAP1 HIP1/HIP1R (-)
HIP1/HIP1R,HZGHC007427c012,HAP1 HIP1/HIP1R (-)
RC3H1,HZGHC007428c012,HAP1 RC3H1 (-)
TXNDC17,HZGHC007429c006,HAP1 TXNDC17 (-)
TXNDC17,HZGHC007430c012,HAP1 TXNDC17 (-)
PANK3,HZGHC007431c001,HAP1 PANK3 (-)
PANK3,HZGHC007431c012,HAP1 PANK3 (-)
UBR7,HZGHC007433c001,HAP1 UBR7 (-)
UBR7,HZGHC007433c005,HAP1 UBR7 (-)
UBR7,HZGHC007433c007,HAP1 UBR7 (-)
RHOT2,HZGHC007436c005,HAP1 RHOT2 (-)
RHOT2,HZGHC007436c007,HAP1 RHOT2 (-)
THADA,HZGHC007438c005,HAP1 THADA (-)
THADA,HZGHC007438c011,HAP1 THADA (-)
THADA,HZGHC007438c012,HAP1 THADA (-)
EOGT,HZGHC007440c005,HAP1 EOGT (-)
HDLBP,HZGHC007441c005,HAP1 HDLBP (-)
HDLBP,HZGHC007441c008,HAP1 HDLBP (-)
HDLBP,HZGHC007442c015,HAP1 HDLBP (-)
HDLBP,HZGHC007442c025,HAP1 HDLBP (-)
HDLBP,HZGHC007442c027,HAP1 HDLBP (-)
HDLBP,HZGHC007442c030,HAP1 HDLBP (-)
PRMT9,HZGHC007443c005,HAP1 PRMT9 (-)
PRMT9,HZGHC007443c006,HAP1 PRMT9 (-)
PRMT9,HZGHC007443c007,HAP1 PRMT9 (-)
SULT1A1,HZGHC007446c003,HAP1 SULT1A1 (-)
SULT1A1,HZGHC007446c004,HAP1 SULT1A1 (-)
SULT1A1,HZGHC007446c008,HAP1 SULT1A1 (-)
MALT1,HZGHC007449c004,HAP1 MALT1 (-)
MALT1,HZGHC007449c007,HAP1 MALT1 (-)
PRDX4,HZGHC007451c001,HAP1 PRDX4 (-)
PRDX4,HZGHC007451c002,HAP1 PRDX4 (-)
PRDX4,HZGHC007451c008,HAP1 PRDX4 (-)
PRDX4,HZGHC007451c009,HAP1 PRDX4 (-)
PRDX4,HZGHC007451c011,HAP1 PRDX4 (-)
PRDX4,HZGHC007451c012,HAP1 PRDX4 (-)
MAEA,HZGHC007454c002,HAP1 MAEA (-)
MAEA,HZGHC007454c003,HAP1 MAEA (-)
MAEA,HZGHC007454c004,HAP1 MAEA (-)
RANBP9,HZGHC007455c005,HAP1 RANBP9 (-)
RANBP9,HZGHC007455c011,HAP1 RANBP9 (-)
RMND5A,HZGHC007458c006,HAP1 RMND5A (-)
RMND5A,HZGHC007458c007,HAP1 RMND5A (-)
RMND5A,HZGHC007458c011,HAP1 RMND5A (-)
WDR26,HZGHC007459c003,HAP1 WDR26 (-)
WDR26,HZGHC007459c004,HAP1 WDR26 (-)
WDR26,HZGHC007459c005,HAP1 WDR26 (-)
WDR26,HZGHC007459c008,HAP1 WDR26 (-)
RAB39B,HZGHC007462c002,HAP1 RAB39B (-)
RAB39B,HZGHC007462c003,HAP1 RAB39B (-)
RAB39B,HZGHC007462c008,HAP1 RAB39B (-)
NME1,HZGHC007464c018,HAP1 NME1-NME2 (-)
NME1,HZGHC007464c021,HAP1 NME1-NME2 (-)
NME1,HZGHC007464c023,HAP1 NME1-NME2 (-)
PHPT1,HZGHC007465c013,HAP1 PHPT1 (-)
PHPT1,HZGHC007465c015,HAP1 PHPT1 (-)
PHPT1,HZGHC007465c016,HAP1 PHPT1 (-)
GLI3,HZGHC007467c013,HAP1 GLI3 (-)
GLI3,HZGHC007467c016,HAP1 GLI3 (-)
GLI3,HZGHC007467c021,HAP1 GLI3 (-)
TRIP11,HZGHC007471c001,HAP1 TRIP11 (-)
TRIP11,HZGHC007471c007,HAP1 TRIP11 (-)
TRIP11,HZGHC007471c009,HAP1 TRIP11 (-)
TRIP11,HZGHC007471c011,HAP1 TRIP11 (-)
TMC6,HZGHC007474c004,HAP1 TMC6 (-)
TMC6,HZGHC007474c005,HAP1 TMC6 (-)
TMC6,HZGHC007474c008,HAP1 TMC6 (-)
TMC6,HZGHC007474c009,HAP1 TMC6 (-)
AGAP1,HZGHC007476c001,HAP1 AGAP1 (-)
AGAP1,HZGHC007476c003,HAP1 AGAP1 (-)
AGAP1,HZGHC007476c006,HAP1 AGAP1 (-)
AGAP1,HZGHC007476c007,HAP1 AGAP1 (-)
RBM7,HZGHC007478c004,HAP1 RBM7 (-)
RBM7,HZGHC007478c005,HAP1 RBM7 (-)
RBM7,HZGHC007478c008,HAP1 RBM7 (-)
RBM7,HZGHC007478c009,HAP1 RBM7 (-)
RBM7,HZGHC007479c003,HAP1 RBM7 (-)
RBM7,HZGHC007479c010,HAP1 RBM7 (-)
GALK2,HZGHC007480c006,HAP1 GALK2 (-)
GALK2,HZGHC007480c008,HAP1 GALK2 (-)
GALK2,HZGHC007480c011,HAP1 GALK2 (-)
GALK2,HZGHC007481c003,HAP1 GALK2 (-)
GALK2,HZGHC007481c010,HAP1 GALK2 (-)
GALK2,HZGHC007481c012,HAP1 GALK2 (-)
UPS30,HZGHC007482c007,HAP1 UPS30 (-)
USP30,HZGHC007482c008,HAP1 USP30 (-)
USP30,HZGHC007482c012,HAP1 USP30 (-)
PPT1,HZGHC007486c004,HAP1 PPT1 (-)
PPT1,HZGHC007486c007,HAP1 PPT1 (-)
PPT1,HZGHC007486c008,HAP1 PPT1 (-)
NAGLU,HZGHC007488c001,HAP1 NAGLU (-)
NAGLU,HZGHC007488c004,HAP1 NAGLU (-)
NAGLU,HZGHC007488c007,HAP1 NAGLU (-)
EXOSC6,HZGHC007490c001,HAP1 EXOSC6 (-)
EXOSC6,HZGHC007490c002,HAP1 EXOSC6 (-)
GALK2/NAGK,HZGHC007492c002,HAP1 GALK2/NAGK (-)
GALK2/NAGK,HZGHC007492c003,HAP1 GALK2/NAGK (-)
GALK2/NAGK,HZGHC007492c010,HAP1 GALK2/NAGK (-)
ARG2,HZGHC007494c007,HAP1 ARG2 (-)
ARG2,HZGHC007494c008,HAP1 ARG2 (-)
ARG2,HZGHC007494c010,HAP1 ARG2 (-)
RBM4,HZGHC007496c001,HAP1 RBM4 (-)
RBM4,HZGHC007496c003,HAP1 RBM4 (-)
RBM4,HZGHC007497c005,HAP1 RBM4 (-)
RBM4B,HZGHC007498c001,HAP1 RBM4B (-)
MATR3,HZGHC007500c001,HAP1 MATR3 (-)
MATR3,HZGHC007500c004,HAP1 MATR3 (-)
MATR3,HZGHC007500c005,HAP1 MATR3 (-)
FRS2,HZGHC007502c007,HAP1 FRS2 (-)
FRS2,HZGHC007502c012,HAP1 FRS2 (-)
EMC2,HZGHC007505c011,HAP1 EMC2 (-)
PPIG,HZGHC007509c001,HAP1 PPIG (-)
PPIG,HZGHC007509c006,HAP1 PPIG (-)
PANK1,HZGHC007510c004,HAP1 PANK1 (-)
PANK1,HZGHC007510c006,HAP1 PANK1 (-)
PANK1,HZGHC007511c005,HAP1 PANK1 (-)
PANK1,HZGHC007511c007,HAP1 PANK1 (-)
N4BP2,HZGHC007512c001,HAP1 N4BP2 (-)
N4BP2,HZGHC007512c012,HAP1 N4BP2 (-)
N4BP2,HZGHC007513c005,HAP1 N4BP2 (-)
SUN1,HZGHC007514c006,HAP1 SUN1 (-)
SUN1,HZGHC007515c005,HAP1 SUN1 (-)
SUN1,HZGHC007515c009,HAP1 SUN1 (-)
SUN1,HZGHC007515c010,HAP1 SUN1 (-)
ACSS1,HZGHC007519c003,HAP1 ACSS1 (-)
ACSS1,HZGHC007519c004,HAP1 ACSS1 (-)
ACSS1,HZGHC007519c005,HAP1 ACSS1 (-)
ACSS1,HZGHC007519c007,HAP1 ACSS1 (-)
ACSS1,HZGHC007519c008,HAP1 ACSS1 (-)
ACSS1,HZGHC007519c009,HAP1 ACSS1 (-)
TMEM98,HZGHC007524c011,HAP1 TMEM98 (-)
TMEM98,HZGHC007524c015,HAP1 TMEM98 (-)
RBM4/RBM4B,HZGHC007525c008,HAP1 RBM4/RBM4B (-)
RBM4/RBM4B,HZGHC007525c012,HAP1 RBM4/RBM4B (-)
RBM4/RBM4B,HZGHC007525c015,HAP1 RBM4/RBM4B (-)
RAD18,HZGHC007527c001,HAP1 RAD18 (-)
RAD18,HZGHC007527c002,HAP1 RAD18 (-)
RAD18,HZGHC007527c010,HAP1 RAD18 (-)
KIAA0556,HZGHC007528c001,HAP1 KIAA0556 (-)
KIAA0556,HZGHC007528c008,HAP1 KIAA0556 (-)
NUDT9/NUDT6,HZGHC007530c012,HAP1 NUDT9/NUDT6 (-)
NUDT9/NUDT6,HZGHC007531c002,HAP1 NUDT9/NUDT6 (-)
NUDT9/NUDT6,HZGHC007531c007,HAP1 NUDT9/NUDT6 (-)
NUDT9/NUDT6,HZGHC007531c009,HAP1 NUDT9/NUDT6 (-)
ACOX1,HZGHC007533c009,HAP1 ACOX1 (-)
ACADVL,HZGHC007534c001,HAP1 ACADVL (-)
ACADVL,HZGHC007534c002,HAP1 ACADVL (-)
ACADVL,HZGHC007534c005,HAP1 ACADVL (-)
ACADVL,HZGHC007534c006,HAP1 ACADVL (-)
ACADVL,HZGHC007534c008,HAP1 ACADVL (-)
ACADVL,HZGHC007534c012,HAP1 ACADVL (-)
WDR41,HZGHC007538c001,HAP1 WDR41 (-)
WDR41,HZGHC007538c009,HAP1 WDR41 (-)
ETS1,HZGHC007540c001,HAP1 ETS1 (-)
ETS1,HZGHC007540c012,HAP1 ETS1 (-)
ETS1,HZGHC007541c007,HAP1 ETS1 (-)
ETS1,HZGHC007541c012,HAP1 ETS1 (-)
RAD54L,HZGHC007543c006,HAP1 RAD54L (-)
RAD54L,HZGHC007543c008,HAP1 RAD54L (-)
RAD54L,HZGHC007543c011,HAP1 RAD54L (-)
ABHD13,HZGHC007545c006,HAP1 ABHD13 (-)
ABHD13,HZGHC007545c009,HAP1 ABHD13 (-)
ZMYM4,HZGHC007547c001,HAP1 ZMYM4 (-)
ZMYM4,HZGHC007547c003,HAP1 ZMYM4 (-)
ZMYM4,HZGHC007547c005,HAP1 ZMYM4 (-)
ZMYM4,HZGHC007547c012,HAP1 ZMYM4 (-)
NONO,HZGHC007548c001,HAP1 NONO (-)
NONO,HZGHC007548c004,HAP1 NONO (-)
NONO,HZGHC007548c006,HAP1 NONO (-)
NONO,HZGHC007549c007,HAP1 NONO (-)
NONO,HZGHC007549c008,HAP1 NONO (-)
NONO,HZGHC007549c011,HAP1 NONO (-)
BRE,HZGHC007550c003,HAP1 BRE  (-)
BRE,HZGHC007550c004,HAP1 BRE  (-)
BRE,HZGHC007550c007,HAP1 BRE  (-)
BRE,HZGHC007550c009,HAP1 BRE  (-)
BRE,HZGHC007551c005,HAP1 BRE  (-)
BRE,HZGHC007551c008,HAP1 BRE  (-)
BRE,HZGHC007551c011,HAP1 BRE  (-)
ERCC5,HZGHC007552c003,HAP1 ERCC5  (-)
ERCC5,HZGHC007552c004,HAP1 ERCC5  (-)
ERCC5,HZGHC007552c007,HAP1 ERCC5  (-)
ERCC5,HZGHC007552c011,HAP1 ERCC5  (-)
ERCC5,HZGHC007552c012,HAP1 ERCC5  (-)
ERCC5,HZGHC007553c004,HAP1 ERCC5  (-)
ERCC5,HZGHC007553c005,HAP1 ERCC5  (-)
ERCC5,HZGHC007553c006,HAP1 ERCC5  (-)
SLC7A8/SLC7A5,HZGHC007554c005,HAP1 SLC7A8/SLC7A5 (-)
SLC7A8/SLC7A5,HZGHC007554c007,HAP1 SLC7A8/SLC7A5 (-)
SLC7A8/SLC7A5,HZGHC007555c002,HAP1 SLC7A8/SLC7A5 (-)
MSRB1,HZGHC007556c010,HAP1 MSRB1 (-)
MICAL1,HZGHC007558c006,HAP1 MICAL1 (-)
SMCR8/C9ORF72,HZGHC007562c004,HAP1 SMCR8/C9orf72 (-)
SMCR8/C9ORF72,HZGHC007562c008,HAP1 SMCR8/C9orf72 (-)
SMCR8/C9ORF72,HZGHC007563c002,HAP1 SMCR8/C9orf72 (-)
SMCR8/C9ORF72,HZGHC007563c006,HAP1 SMCR8/C9orf72 (-)
SMCR8/C9ORF72,HZGHC007563c007,HAP1 SMCR8/C9orf72 (-)
ATG4D,HZGHC007564c003,HAP1 ATG4D (-)
ATG4D,HZGHC007564c007,HAP1 ATG4D (-)
ATG4D,HZGHC007564c009,HAP1 ATG4D (-)
IMPDH2,HZGHC007566c010,HAP1 IMPDH2 (-)
IMPDH2,HZGHC007567c002,HAP1 IMPDH2 (-)
FIGNL1,HZGHC007568c003,HAP1 FIGNL1 (-)
FIGNL1,HZGHC007568c007,HAP1 FIGNL1 (-)
RCOR2,HZGHC007571c005,HAP1 RCOR2 (-)
RCOR2,HZGHC007571c007,HAP1 RCOR2 (-)
RCOR2,HZGHC007571c010,HAP1 RCOR2 (-)
RCOR2,HZGHC007572c002,HAP1 RCOR2 (-)
RCOR2,HZGHC007572c004,HAP1 RCOR2 (-)
RCOR2,HZGHC007572c012,HAP1 RCOR2 (-)
LRWD1,HZGHC007575c005,HAP1 LRWD1 (-)
LRWD1,HZGHC007575c008,HAP1 LRWD1 (-)
LRWD1,HZGHC007576c003,HAP1 LRWD1 (-)
LRWD1,HZGHC007576c010,HAP1 LRWD1 (-)
LRWD1,HZGHC007576c011,HAP1 LRWD1 (-)
PKNOX1,HZGHC007577c007,HAP1 PKNOX1 (-)
PKNOX1,HZGHC007577c010,HAP1 PKNOX1 (-)
BCAT1,HZGHC007580c003,HAP1 BCAT1 (-)
BCAT1,HZGHC007580c006,HAP1 BCAT1 (-)
BCAT1,HZGHC007580c009,HAP1 BCAT1 (-)
BCAT1,HZGHC007580c012,HAP1 BCAT1 (-)
ATG4C,HZGHC007583c004,HAP1 ATG4C (-)
MAN2C1,HZGHC007585c012,HAP1 MAN2C1 (-)
TRAP1,HZGHC007587c001,HAP1 TRAP1 (-)
TRAP1,HZGHC007587c005,HAP1 TRAP1 (-)
TRAP1,HZGHC007588c003,HAP1 TRAP1 (-)
TRAP1,HZGHC007588c006,HAP1 TRAP1 (-)
PAPSS1,HZGHC007590c005,HAP1 PAPSS1 (-)
PAPSS1,HZGHC007590c011,HAP1 PAPSS1 (-)
PAPSS1,HZGHC007590c012,HAP1 PAPSS1 (-)
CES2,HZGHC007591c001,HAP1 CES2 (-)
CES2,HZGHC007591c010,HAP1 CES2 (-)
HINT1,HZGHC007594c010,HAP1 HINT1 (-)
BTBD9,HZGHC007595c006,HAP1 BTBD9 (-)
BTBD9,HZGHC007595c009,HAP1 BTBD9 (-)
BTBD9,HZGHC007596c003,HAP1 BTBD9 (-)
EPT1,HZGHC007597c003,HAP1 EPT1 (-)
EPT1,HZGHC007597c012,HAP1 EPT1 (-)
LIG4,HZGHC00759c022,HAP1 LIG4 (-)
EPT1,HZGHC007611c001,HAP1 EPT1 (-)
EPT1,HZGHC007611c005,HAP1 EPT1 (-)
EPT1,HZGHC007611c007,HAP1 EPT1 (-)
SUN1/SUN2,HZGHC007612c009,HAP1 SUN1/SUN2 (-)
SUN1/SUN2,HZGHC007613c011,HAP1 SUN1/SUN2 (-)
TAP1,HZGHC007615c003,HAP1 TAP1 (-)
TAP1,HZGHC007615c008,HAP1 TAP1 (-)
TAP1,HZGHC007615c012,HAP1 TAP1 (-)
DFNA5,HZGHC007619c002,HAP1 DFNA5 (-)
DFNA5,HZGHC007619c011,HAP1 DFNA5 (-)
KLHL24,HZGHC007621c003,HAP1 KLHL24 (-)
KLHL24,HZGHC007621c010,HAP1 KLHL24 (-)
USP21,HZGHC007623c001,HAP1 USP21 (-)
USP21,HZGHC007623c003,HAP1 USP21 (-)
USP21,HZGHC007623c008,HAP1 USP21 (-)
CTSD,HZGHC007625c001,HAP1 CTSD (-)
CTSD,HZGHC007625c002,HAP1 CTSD (-)
CTSD,HZGHC007625c009,HAP1 CTSD (-)
NFAT5,HZGHC007626c006,HAP1 NFAT5 (-)
NFAT5,HZGHC007626c008,HAP1 NFAT5 (-)
NFAT5,HZGHC007626c010,HAP1 NFAT5 (-)
NFAT5,HZGHC007626c012,HAP1 NFAT5 (-)
TRPV5/TRPV6,HZGHC007631c012,HAP1 TRPV5/TRPV6 (-)
HS2ST1,HZGHC007632c010,HAP1 HS2ST1 (-)
HS2ST1,HZGHC007632c011,HAP1 HS2ST1 (-)
HS2ST1,HZGHC007632c021,HAP1 HS2ST1 (-)
ZBTB1,HZGHC007634c005,HAP1 ZBTB1 (-)
ASL,HZGHC007641c005,HAP1 ASL (-)
ASL,HZGHC007641c012,HAP1 ASL (-)
SPHK1,HZGHC007644c005,HAP1 SPHK1 (-)
SPHK2,HZGHC007645c002,HAP1 SPHK2 (-)
SPHK2,HZGHC007645c003,HAP1 SPHK2 (-)
SPHK2,HZGHC007645c008,HAP1 SPHK2 (-)
SPHK2,HZGHC007645c011,HAP1 SPHK2 (-)
CBR1,HZGHC007648c002,HAP1 CBR1 (-)
CBR1,HZGHC007648c003,HAP1 CBR1 (-)
CBR1,HZGHC007648c006,HAP1 CBR1 (-)
CBR1,HZGHC007648c010,HAP1 CBR1 (-)
CBR1,HZGHC007648c012,HAP1 CBR1 (-)
CBR4,HZGHC007650c002,HAP1 CBR4 (-)
CBR4,HZGHC007650c010,HAP1 CBR4 (-)
PCGF2,HZGHC007653c001,HAP1 PCGF2 (-)
PCGF2,HZGHC007653c004,HAP1 PCGF2 (-)
ARHGEF7,HZGHC007655c001,HAP1 ARHGEF7 (-)
ARHGEF7,HZGHC007655c003,HAP1 ARHGEF7 (-)
ARHGEF7,HZGHC007655c004,HAP1 ARHGEF7 (-)
ARHGEF7,HZGHC007655c005,HAP1 ARHGEF7 (-)
UBQLN4,HZGHC007658c002,HAP1 UBQLN4 (-)
UBQLN4,HZGHC007658c009,HAP1 UBQLN4 (-)
PARL,HZGHC007660c003,HAP1 PARL (-)
PARL,HZGHC007660c005,HAP1 PARL (-)
PARL,HZGHC007660c010,HAP1 PARL (-)
ACADS,HZGHC007663c001,HAP1 ACADS (-)
ACADS,HZGHC007663c004,HAP1 ACADS (-)
ACADS,HZGHC007663c005,HAP1 ACADS (-)
ACAA2,HZGHC007664c005,HAP1 ACAA2 (-)
ACAA2,HZGHC007665c008,HAP1 ACAA2 (-)
HN1L,HZGHC007667c006,HAP1 HN1L (-)
HN1L,HZGHC007667c007,HAP1 HN1L (-)
HN1,HZGHC007668c001,HAP1 HN1 (-)
HN1,HZGHC007668c003,HAP1 HN1 (-)
HN1,HZGHC007668c005,HAP1 HN1 (-)
HN1,HZGHC007668c006,HAP1 HN1 (-)
RETSAT,HZGHC007670c001,HAP1 RETSAT (-)
RETSAT,HZGHC007670c006,HAP1 RETSAT (-)
RETSAT,HZGHC007670c008,HAP1 RETSAT (-)
RETSAT,HZGHC007670c011,HAP1 RETSAT (-)
RETSAT,HZGHC007670c012,HAP1 RETSAT (-)
DIAPH3,HZGHC007675c006,HAP1 DIAPH3 (-)
DIAPH3,HZGHC007675c008,HAP1 DIAPH3 (-)
DIAPH3,HZGHC007675c009,HAP1 DIAPH3 (-)
DIAPH3,HZGHC007675c011,HAP1 DIAPH3 (-)
DIAPH3,HZGHC007676c007,HAP1 DIAPH3 (-)
DIAPH3,HZGHC007676c010,HAP1 DIAPH3 (-)
UBQLN4/UBQLN1,HZGHC007677c006,HAP1 UBQLN4/UBQLN1 (-)
UBQLN4/UBQLN1,HZGHC007678c004,HAP1 UBQLN4/UBQLN1 (-)
UBQLN4/UBQLN1,HZGHC007678c006,HAP1 UBQLN4/UBQLN1 (-)
UBQLN4/UBQLN1,HZGHC007678c008,HAP1 UBQLN4/UBQLN1 (-)
UBQLN4/UBQLN1,HZGHC007678c010,HAP1 UBQLN4/UBQLN1 (-)
ALKBH5,HZGHC007680c005,HAP1 ALKBH5 (-)
ALKBH5,HZGHC007680c009,HAP1 ALKBH5 (-)
ALKBH5,HZGHC007680c011,HAP1 ALKBH5 (-)
CUL7,HZGHC007683c005,HAP1 CUL7 (-)
CUL7,HZGHC007683c011,HAP1 CUL7 (-)
RNASET2,HZGHC007685c001,HAP1 RNASET2 (-)
RNASET2,HZGHC007685c008,HAP1 RNASET2 (-)
PPP2R2A,HZGHC007687c008,HAP1 PPP2R2A (-)
PPP2R2A,HZGHC007687c009,HAP1 PPP2R2A (-)
PPP2R2A,HZGHC007688c003,HAP1 PPP2R2A (-)
PDSS1,HZGHC007693c003,HAP1 PDSS1 (-)
PDSS1,HZGHC007693c009,HAP1 PDSS1 (-)
C16ORF91,HZGHC007695c002,HAP1 C16orf91 (-)
C16ORF91,HZGHC007695c008,HAP1 C16orf91 (-)
C16ORF91,HZGHC007695c009,HAP1 C16orf91 (-)
C16ORF91,HZGHC007695c010,HAP1 C16orf91 (-)
NDUFAF5,HZGHC007697c002,HAP1 NDUFAF5 (-)
NDUFAF5,HZGHC007697c010,HAP1 NDUFAF5 (-)
NDUFAF4,HZGHC007700c006,HAP1 NDUFAF4 (-)
ACAD9,HZGHC007703c004,HAP1 ACAD9 (-)
ACAD9,HZGHC007703c007,HAP1 ACAD9 (-)
NDUFAF7,HZGHC007706c005,HAP1 NDUFAF7 (-)
NDUFAF7,HZGHC007706c006,HAP1 NDUFAF7 (-)
NDUFAF7,HZGHC007706c009,HAP1 NDUFAF7 (-)
TIMMDC1,HZGHC007707c002,HAP1 TIMMDC1 (-)
TIMMDC1,HZGHC007707c004,HAP1 TIMMDC1 (-)
TIMMDC1,HZGHC007707c008,HAP1 TIMMDC1 (-)
HAP1,HZGHC007709c005,HAP1 C17orf89 (-)
HAP1,HZGHC007710c001,HAP1 C17orf89 (-)
NDUFAF2,HZGHC007711c005,HAP1 NDUFAF2 (-)
NDUFAF2,HZGHC007711c006,HAP1 NDUFAF2 (-)
NDUFAF2,HZGHC007712c005,HAP1 NDUFAF2 (-)
NDUFAF2,HZGHC007712c010,HAP1 NDUFAF2 (-)
NDUFAF2,HZGHC007712c012,HAP1 NDUFAF2 (-)
PDSS2,HZGHC007713c012,HAP1 PDSS2 (-)
COQ3,HZGHC007716c011,HAP1 COQ3 (-)
COQ4,HZGHC007718c009,HAP1 COQ4 (-)
COQ6,HZGHC007719c004,HAP1 COQ6 (-)
COQ6,HZGHC007719c005,HAP1 COQ6 (-)
COQ6,HZGHC007719c006,HAP1 COQ6 (-)
COQ6,HZGHC007719c011,HAP1 COQ6 (-)
COQ6,HZGHC007719c012,HAP1 COQ6 (-)
COQ10A,HZGHC007721c006,HAP1 COQ10A (-)
COQ10A,HZGHC007721c009,HAP1 COQ10A (-)
COQ10A,HZGHC007721c012,HAP1 COQ10A (-)
COQ10B,HZGHC007723c013,HAP1 COQ10B (-)
COQ10B,HZGHC007723c020,HAP1 COQ10B (-)
UBIAD1,HZGHC007725c005,HAP1 UBIAD1 (-)
UBIAD1,HZGHC007725c010,HAP1 UBIAD1 (-)
ACAD11,HZGHC007727c011,HAP1 ACAD11 (-)
ACAD11,HZGHC007728c001,HAP1 ACAD11 (-)
ACAD11,HZGHC007728c002,HAP1 ACAD11 (-)
TMCO1,HZGHC007729c006,HAP1 TMCO1 (-)
PCGF5,HZGHC007731c007,HAP1 PCGF5 (-)
PCGF5,HZGHC007731c008,HAP1 PCGF5 (-)
PCGF1,HZGHC007733c006,HAP1 PCGF1 (-)
PCGF1,HZGHC007733c011,HAP1 PCGF1 (-)
PCGF6,HZGHC007736c003,HAP1 PCGF6 (-)
PCGF6,HZGHC007736c009,HAP1 PCGF6 (-)
PCGF3,HZGHC007738c007,HAP1 PCGF3 (-)
CUL4B,HZGHC007739c006,HAP1 CUL4B (-)
CUL4B,HZGHC007739c010,HAP1 CUL4B (-)
POGLUT1,HZGHC007745c005,HAP1 POGLUT1 (-)
POGLUT1,HZGHC007745c011,HAP1 POGLUT1 (-)
MAZ,HZGHC007747c003,HAP1 MAZ (-)
MAZ,HZGHC007747c008,HAP1 MAZ (-)
MAZ,HZGHC007747c009,HAP1 MAZ (-)
MAZ,HZGHC007747c010,HAP1 MAZ (-)
ACAT2,HZGHC007752c006,HAP1 ACAT2 (-)
ACAT2,HZGHC007752c014,HAP1 ACAT2 (-)
ACAT2,HZGHC007752c015,HAP1 ACAT2 (-)
ACAT2,HZGHC007752c022,HAP1 ACAT2 (-)
ACAT2,HZGHC007752c023,HAP1 ACAT2 (-)
ACAT2,HZGHC007753c008,HAP1 ACAT2 (-)
IMPA1,HZGHC007754c007,HAP1 IMPA1 (-)
IMPA1,HZGHC007754c008,HAP1 IMPA1 (-)
COL4A5,HZGHC007756c019,HAP1 COL4A5 (-)
COL4A5,HZGHC007756c020,HAP1 COL4A5 (-)
COL4A5,HZGHC007756c022,HAP1 COL4A5 (-)
HELQ,HZGHC007758c003,HAP1 HELQ (-)
HELQ,HZGHC007758c005,HAP1 HELQ (-)
PPME1,HZGHC007760c001,HAP1 PPME1 (-)
PPME1,HZGHC007760c012,HAP1 PPME1 (-)
GSE1,HZGHC007762c007,HAP1 GSE1 (-)
GSE1,HZGHC007762c008,HAP1 GSE1 (-)
GSE1,HZGHC007762c010,HAP1 GSE1 (-)
MYO1E,HZGHC007765c003,HAP1 MYO1E (-)
MYO1E,HZGHC007765c012,HAP1 MYO1E (-)
SPAST,HZGHC007766c006,HAP1 SPAST (-)
SPAST,HZGHC007766c012,HAP1 SPAST (-)
HAP1,HZGHC007770c001,HAP1 HAP1 (-)
HAP1,HZGHC007770c006,HAP1 HAP1 (-)
RASA1,HZGHC007771c002,HAP1 RASA1 (-)
RAB5C,HZGHC007774c002,HAP1 RAB5C (-)
RAB5C,HZGHC007774c006,HAP1 RAB5C (-)
RAB5C,HZGHC007774c011,HAP1 RAB5C (-)
MBOAT1,HZGHC007776c006,HAP1 MBOAT1 (-)
MBOAT1,HZGHC007776c009,HAP1 MBOAT1 (-)
SMIM26,HZGHC007777c011,HAP1 SMIM26 (-)
SMIM26,HZGHC007777c012,HAP1 SMIM26 (-)
SNX13,HZGHC007780c009,HAP1 SNX13 (-)
SNX13,HZGHC007780c011,HAP1 SNX13 (-)
WIZ,HZGHC007782c006,HAP1 WIZ (-)
ACAD10/ACAD11,HZGHC007789c005,HAP1 ACAD10 ACAD11 (-)
ACAD10/ACAD11,HZGHC007789c007,HAP1 ACAD10 ACAD11 (-)
ACAD10/ACAD11,HZGHC007789c010,HAP1 ACAD10 ACAD11 (-)
ACAD10/ACAD11,HZGHC007789c012,HAP1 ACAD10 ACAD11 (-)
GJB6,HZGHC007790c004,HAP1 GJB6 (-)
MST1,HZGHC007794c001,HAP1 MST1 (-)
ACY1,HZGHC007797c004,HAP1 ACY1 (-)
APEH,HZGHC007799c007,HAP1 APEH (-)
APEH,HZGHC007799c010,HAP1 APEH (-)
SNCB,HZGHC007803c001,HAP1 SNCB (-)
SNCB,HZGHC007803c002,HAP1 SNCB (-)
TET1/TET3,HZGHC007804c009,HAP1 TET1/TET3 (-)
TET1/TET3,HZGHC007804c010,HAP1 TET1/TET3 (-)
TET1/TET3,HZGHC007804c011,HAP1 TET1/TET3 (-)
TET1/TET2,HZGHC007806c008,HAP1 TET1/TET2 (-)
TET1/TET2,HZGHC007806c011,HAP1 TET1/TET2 (-)
TET1/TET2,HZGHC007806c012,HAP1 TET1/TET2 (-)
CD276,HZGHC007807c009,HAP1 CD276 (-)
BCL10,HZGHC007809c003,HAP1 BCL10 (-)
BCL10,HZGHC007809c004,HAP1 BCL10 (-)
BCL10,HZGHC007809c007,HAP1 BCL10 (-)
BCL10,HZGHC007809c008,HAP1 BCL10 (-)
TOP3B,HZGHC007811c004,HAP1 TOP3B (-)
TET2/TET3,HZGHC007813c001,HAP1 TET2/TET3 (-)
TET2/TET3,HZGHC007813c002,HAP1 TET2/TET3 (-)
TET2/TET3,HZGHC007813c009,HAP1 TET2/TET3 (-)
TET2/TET3,HZGHC007813c010,HAP1 TET2/TET3 (-)
TET2/TET3,HZGHC007813c011,HAP1 TET2/TET3 (-)
RSF1,HZGHC007814c006,HAP1 RSF1 (-)
RSF1,HZGHC007814c012,HAP1 RSF1 (-)
STOML2,HZGHC007816c015,HAP1 STOML2 (-)
STOML2,HZGHC007816c019,HAP1 STOML2 (-)
STOML2,HZGHC007817c013,HAP1 STOML2 (-)
STOML2,HZGHC007817c023,HAP1 STOML2 (-)
EPC1,HZGHC007818c001,HAP1 EPC1 (-)
EPC1,HZGHC007818c004,HAP1 EPC1 (-)
TERF2IP,HZGHC007820c007,HAP1 TERF2IP (-)
FAN1,HZGHC007822c024,HAP1 FAN1 (-)
FAN1,HZGHC007823c003,HAP1 FAN1 (-)
IPO4,HZGHC007824c002,HAP1 IPO4 (-)
IPO4,HZGHC007824c010,HAP1 IPO4 (-)
AGPAT3,HZGHC007828c002,HAP1 AGPAT3 (-)
AGPAT3,HZGHC007828c009,HAP1 AGPAT3 (-)
AGPAT3,HZGHC007828c012,HAP1 AGPAT3 (-)
SLC35B2/XYLT2,HZGHC007836c009,HAP1 SLC35B2/XYLT2 (-)
SLC35B2/XYLT2,HZGHC007836c017,HAP1 SLC35B2/XYLT2 (-)
HMBS,HZGHC007839c007,HAP1 HMBS (-)
HMBS,HZGHC007839c009,HAP1 HMBS (-)
SIK1/SIK3,HZGHC007841c002,HAP1 SIK1/SIK3 (-)
SIK1/SIK3,HZGHC007841c007,HAP1 SIK1/SIK3 (-)
NR1H2,HZGHC007842c002,HAP1 NR1H2 (-)
NR1H2,HZGHC007842c012,HAP1 NR1H2 (-)
NR1H3,HZGHC007844c001,HAP1 NR1H3 (-)
NR1H3,HZGHC007844c010,HAP1 NR1H3 (-)
TMEM251,HZGHC007846c002,HAP1 TMEM251 (-)
ANKRD40,HZGHC007853c003,HAP1 ANKRD40 (-)
ANKRD40,HZGHC007853c006,HAP1 ANKRD40 (-)
ANKRD40,HZGHC007853c011,HAP1 ANKRD40 (-)
MIA3,HZGHC007860c010,HAP1 MIA3 (-)
CTAGE5,HZGHC007861c007,HAP1 CTAGE5 (-)
CTAGE5,HZGHC007862c005,HAP1 CTAGE5 (-)
NEU3,HZGHC007864c011,HAP1 NEU3 (-)
DCAF16,HZGHC007866c002,HAP1 DCAF16 (-)
DCAF16,HZGHC007866c005,HAP1 DCAF16 (-)
DCAF16,HZGHC007866c009,HAP1 DCAF16 (-)
CYB5R4,HZGHC007867c009,HAP1 CYB5R4 (-)
SNCB/SNCA,HZGHC007870c004,HAP1 SNCB/SNCA (-)
SNCB/SNCA,HZGHC007870c007,HAP1 SNCB/SNCA (-)
USP25/USP28,HZGHC007871c008,HAP1 USP25/USP28 (-)
USP25/USP28,HZGHC007871c010,HAP1 USP25/USP28 (-)
USP25/USP28,HZGHC007871c019,HAP1 USP25/USP28 (-)
TPCN1,HZGHC007874c010,HAP1 TPCN1 (-)
TPCN1,HZGHC007874c012,HAP1 TPCN1 (-)
TPCN2,HZGHC007876c010,HAP1 TPCN2 (-)
LIPT2,HZGHC007883c011,HAP1 LIPT2 (-)
FUBP3,HZGHC007885c001,HAP1 FUBP3 (-)
FUBP3,HZGHC007885c004,HAP1 FUBP3 (-)
GATM,HZGHC007887c010,HAP1 GATM (-)
GATM,HZGHC007887c011,HAP1 GATM (-)
SDF4,HZGHC007888c008,HAP1 SDF4 (-)
OPTN,HZGHC007890c002,HAP1  OPTN (-)
OPTN,HZGHC007890c011,HAP1  OPTN (-)
FOSL1,HZGHC007892c008,HAP1  FOSL1 (-)
FXR2,HZGHC007894c010,HAP1 FXR2 (-)
FXR2,HZGHC007894c012,HAP1 FXR2 (-)
FKBP4,HZGHC007896c011,HAP1 FKBP4 (-)
FKBP4,HZGHC007896c012,HAP1 FKBP4 (-)
DHRSX,HZGHC007899c003,HAP1 DHRSX (-)
DHRSX,HZGHC007899c011,HAP1 DHRSX (-)
BDH1,HZGHC007900c010,HAP1 BDH1 (-)
IFNLR1,HZGHC007902c002,HAP1 IFNLR1 (-)
IFNLR1,HZGHC007902c004,HAP1 IFNLR1 (-)
IFNLR1,HZGHC007902c007,HAP1 IFNLR1 (-)
PSMD10,HZGHC007904c001,HAP1 PSMD10 (-)
PSMD10,HZGHC007904c009,HAP1 PSMD10 (-)
PSMD10,HZGHC007904c012,HAP1 PSMD10 (-)
MDK,HZGHC007906c008,HAP1 MDK (-)
SDC4,HZGHC007908c006,HAP1 SDC4 (-)
SDC4,HZGHC007908c007,HAP1 SDC4 (-)
ANXA11,HZGHC007910c020,HAP1 ANXA11 (-)
ALS2,HZGHC007913c005,HAP1 ALS2 (-)
ALS2,HZGHC007913c008,HAP1 ALS2 (-)
CHMP2B,HZGHC007915c007,HAP1 CHMP2B (-)
CHMP2B,HZGHC007915c011,HAP1 CHMP2B (-)
EIF3L,HZGHC007916c020,HAP1 EIF3L (-)
EIF3L,HZGHC007917c017,HAP1 EIF3L (-)
EIF3L,HZGHC007917c019,HAP1 EIF3L (-)
EIF3L,HZGHC007917c023,HAP1 EIF3L (-)
EIF3L,HZGHC007917c024,HAP1 EIF3L (-)
ATN1,HZGHC007918c002,HAP1 ATN1 (-)
ATN1,HZGHC007918c011,HAP1 ATN1 (-)
HADH,HZGHC007920c003,HAP1 HADH (-)
HADH,HZGHC007920c005,HAP1 HADH (-)
HADH,HZGHC007920c006,HAP1 HADH (-)
ANKRD11,HZGHC007922c002,HAP1 ANKRD11 (-)
ANKRD11,HZGHC007922c005,HAP1 ANKRD11 (-)
HPS4,HZGHC007924c005,HAP1 HPS4 (-)
CETN2,HZGHC007927c001,HAP1 CETN2 (-)
CETN2,HZGHC007927c009,HAP1 CETN2 (-)
CETN2,HZGHC007927c012,HAP1 CETN2 (-)
ZNF274,HZGHC007928c002,HAP1 ZNF274 (-)
ZNF274,HZGHC007928c003,HAP1 ZNF274 (-)
ZNF274,HZGHC007928c006,HAP1 ZNF274 (-)
ADAR/ADARB1,HZGHC007931c007,HAP1 ADAR/ADARB1 (-)
ADAR/ADARB1,HZGHC007931c010,HAP1 ADAR/ADARB1 (-)
VPS39,HZGHC007932c001,HAP1 VPS39 (-)
VPS39,HZGHC007932c004,HAP1 VPS39 (-)
VPS39,HZGHC007932c010,HAP1 VPS39 (-)
ATXN2L,HZGHC007934c002,HAP1 ATXN2L (-)
ATXN2L,HZGHC007934c010,HAP1 ATXN2L (-)
PDGFC,HZGHC007936c007,HAP1 PDGFC (-)
PDGFC,HZGHC007936c010,HAP1 PDGFC (-)
PDGFC,HZGHC007936c012,HAP1 PDGFC (-)
FUT8,HZGHC007939c001,HAP1 FUT8 (-)
FUT8,HZGHC007939c004,HAP1 FUT8 (-)
FUT8,HZGHC007939c006,HAP1 FUT8 (-)
FUT8,HZGHC007939c011,HAP1 FUT8 (-)
AAR2,HZGHC007940c003,HAP1 AAR2 (-)
AAR2,HZGHC007940c007,HAP1 AAR2 (-)
AAR2,HZGHC007940c010,HAP1 AAR2 (-)
DHX30,HZGHC007945c004,HAP1 DHX30 (-)
SMARCAL1,HZGHC007949c006,HAP1 SMARCAL1 (-)
SMARCAL1,HZGHC007949c009,HAP1 SMARCAL1 (-)
SMARCAL1,HZGHC007949c010,HAP1 SMARCAL1 (-)
CLEC2B,HZGHC007951c010,HAP1 CLEC2B (-)
UQCC1,HZGHC007955c006,HAP1 UQCC1 (-)
UQCC1,HZGHC007955c009,HAP1 UQCC1 (-)
UQCC2,HZGHC007957c007,HAP1 UQCC2 (-)
UQCC2,HZGHC007957c008,HAP1 UQCC2 (-)
FAM20C,HZGHC007959c002,HAP1 FAM20C (-)
FAM20C,HZGHC007959c003,HAP1 FAM20C (-)
FAM20C,HZGHC007959c004,HAP1 FAM20C (-)
ALOX12/ALOX15,HZGHC007962c004,HAP1 ALOX12/ALOX15 (-)
ALOX12/ALOX15,HZGHC007962c005,HAP1 ALOX12/ALOX15 (-)
ALOX12/ALOX15,HZGHC007962c006,HAP1 ALOX12/ALOX15 (-)
ALOX12/ALOX15,HZGHC007962c009,HAP1 ALOX12/ALOX15 (-)
SND1,HZGHC007964c002,HAP1 SND1 (-)
SND1,HZGHC007964c004,HAP1 SND1 (-)
SND1,HZGHC007964c006,HAP1 SND1 (-)
SND1,HZGHC007964c008,HAP1 SND1 (-)
ZNF598,HZGHC007966c011,HAP1 ZNF598 (-)
IAH1,HZGHC007968c007,HAP1 IAH1 (-)
SPG11,HZGHC007971c006,HAP1 SPG11 (-)
ATP2B1,HZGHC007973c005,HAP1 ATP2B1 (-)
METTL17,HZGHC007979c001,HAP1 METTL17 (-)
METTL17,HZGHC007979c007,HAP1 METTL17 (-)
GALNS,HZGHC007982c007,HAP1 GALNS (-)
GALNS,HZGHC007982c011,HAP1 GALNS (-)
EIF2A/EIF2D,HZGHC007983c007,HAP1 EIF2A/EIF2D (-)
EIF2A/EIF2D,HZGHC007983c009,HAP1 EIF2A/EIF2D (-)
ATF2,HZGHC007984c012,HAP1 ATF2 (-)
HTRA1,HZGHC007986c006,HAP1 HTRA1 (-)
HTRA1,HZGHC007986c007,HAP1 HTRA1 (-)
HTRA1,HZGHC007986c010,HAP1 HTRA1 (-)
RYBP,HZGHC007989c006,HAP1 RYBP (-)
RYBP,HZGHC007989c010,HAP1 RYBP (-)
RYBP,HZGHC007989c012,HAP1 RYBP (-)
UBE3C,HZGHC007990c012,HAP1  UBE3C (-)
UBE3C,HZGHC007991c018,HAP1  UBE3C (-)
UBE3C,HZGHC007991c019,HAP1  UBE3C (-)
UBE3C,HZGHC007991c020,HAP1  UBE3C (-)
UBE3C,HZGHC007991c021,HAP1  UBE3C (-)
UPF3A,HZGHC007992c006,HAP1 UPF3A (-)
UPF3A,HZGHC007992c018,HAP1 UPF3A (-)
UPF3A,HZGHC007992c022,HAP1 UPF3A (-)
UPF3A,HZGHC007992c024,HAP1 UPF3A (-)
UPF3B,HZGHC007994c008,HAP1  UPF3B (-)
SMG7,HZGHC007996c021,HAP1 SMG7 (-)
SMG7,HZGHC007996c030,HAP1 SMG7 (-)
SMG7,HZGHC007997c002,HAP1 SMG7 (-)
SMG7,HZGHC007997c033,HAP1 SMG7 (-)
PJA1,HZGHC007999c012,HAP1 PJA1 (-)
RNF126,HZGHC008001c006,HAP1 RNF126 (-)
RNF126,HZGHC008001c010,HAP1 RNF126 (-)
CMTR1,HZGHC008002c008,HAP1 CMTR1 (-)
TOPORS,HZGHC008005c006,HAP1 TOPORS (-)
ANO8,HZGHC008008c005,HAP1 ANO8 (-)
ANO8,HZGHC008008c006,HAP1 ANO8 (-)
MND1,HZGHC008009c001,HAP1 MND1 (-)
MND1,HZGHC008009c007,HAP1 MND1 (-)
PSMC3IP,HZGHC008012c005,HAP1 PSMC3IP (-)
MID1,HZGHC008013c005,HAP1 MID1 (-)
MID1,HZGHC008013c006,HAP1 MID1 (-)
MID1,HZGHC008014c006,HAP1 MID1 (-)
MID1,HZGHC008014c008,HAP1 MID1 (-)
MID1,HZGHC008014c012,HAP1 MID1 (-)
BAIAP2,HZGHC008015c001,HAP1 BAIAP2 (-)
BAIAP2,HZGHC008015c002,HAP1 BAIAP2 (-)
BAIAP2,HZGHC008015c003,HAP1 BAIAP2 (-)
BAIAP2,HZGHC008015c010,HAP1 BAIAP2 (-)
BAIAP2,HZGHC008016c007,HAP1 BAIAP2 (-)
ZBTB7A,HZGHC008017c007,HAP1 ZBTB7A (-)
ZBTB7A,HZGHC008017c010,HAP1 ZBTB7A (-)
ZBTB7A,HZGHC008017c012,HAP1 ZBTB7A (-)
SETD5,HZGHC008020c006,HAP1 SETD5 (-)
SETD5,HZGHC008020c010,HAP1 SETD5 (-)
HN1L/LSM12,HZGHC008021c004,HAP1 HN1L/LSM12 (-)
RING1/RNF2,HZGHC008022c024,HAP1 RING1/RNF2 (-)
RING1/RNF2,HZGHC008022c025,HAP1 RING1/RNF2 (-)
RING1/RNF2,HZGHC008022c026,HAP1 RING1/RNF2 (-)
RING1/RNF2,HZGHC008022c027,HAP1 RING1/RNF2 (-)
RING1/RNF2,HZGHC008022c030,HAP1 RING1/RNF2 (-)
RING1/RNF2,HZGHC008022c033,HAP1 RING1/RNF2 (-)
RING1/RNF2,HZGHC008022c035,HAP1 RING1/RNF2 (-)
SGMS2,HZGHC008024c001,HAP1 SGMS2 (-)
SGMS2,HZGHC008024c011,HAP1 SGMS2 (-)
FEM1A,HZGHC008033c008,HAP1 FEM1A (-)
FEM1A,HZGHC008033c009,HAP1 FEM1A (-)
FEM1A,HZGHC008033c012,HAP1 FEM1A (-)
FEM1C,HZGHC008035c002,HAP1 FEM1C (-)
FEM1C,HZGHC008035c004,HAP1 FEM1C (-)
FEM1C,HZGHC008035c005,HAP1 FEM1C (-)
FEM1C,HZGHC008035c009,HAP1 FEM1C (-)
FEM1C,HZGHC008035c011,HAP1 FEM1C (-)
KLHDC2,HZGHC008036c002,HAP1 KLHDC2 (-)
KLHDC2,HZGHC008036c009,HAP1 KLHDC2 (-)
KLHDC2,HZGHC008036c011,HAP1 KLHDC2 (-)
TRPC4AP,HZGHC008039c010,HAP1 TRPC4AP (-)
TRPC4AP,HZGHC008039c011,HAP1 TRPC4AP (-)
RBL2,HZGHC008042c006,HAP1 RBL2 (-)
RBL2,HZGHC008042c007,HAP1 RBL2 (-)
RBL2,HZGHC008043c007,HAP1 RBL2 (-)
PACS1,HZGHC008045c008,HAP1 PACS1 (-)
PACS1,HZGHC008045c010,HAP1 PACS1 (-)
PACS1,HZGHC008045c012,HAP1 PACS1 (-)
PCSK7,HZGHC008046c001,HAP1 PCSK7 (-)
PCSK7,HZGHC008046c002,HAP1 PCSK7 (-)
PCSK7,HZGHC008046c005,HAP1 PCSK7 (-)
PCSK7,HZGHC008046c007,HAP1 PCSK7 (-)
PCSK7,HZGHC008046c012,HAP1 PCSK7 (-)
TMED1,HZGHC008048c006,HAP1 TMED1 (-)
TMED1,HZGHC008048c007,HAP1 TMED1 (-)
TMED1,HZGHC008048c009,HAP1 TMED1 (-)
TMED1,HZGHC008048c012,HAP1 TMED1 (-)
TMED1,HZGHC008049c002,HAP1 TMED1 (-)
TMED1,HZGHC008049c010,HAP1 TMED1 (-)
ATP2B1,HZGHC008050c008,HAP1 ATP2B1 (-)
ATP2B1,HZGHC008050c009,HAP1 ATP2B1 (-)
P4HB,HZGHC008052c003,HAP1 P4HB (-)
P4HB,HZGHC008052c005,HAP1 P4HB (-)
P4HB,HZGHC008052c009,HAP1 P4HB (-)
TCF4,HZGHC008053c006,HAP1 TCF4 (-)
KCNS3,HZGHC008054c006,HAP1 KCNS3 (-)
KCNS3,HZGHC008055c008,HAP1 KCNS3 (-)
KCNK6,HZGHC008056c007,HAP1 KCNK6 (-)
KCNK6,HZGHC008056c012,HAP1 KCNK6 (-)
KCNK6,HZGHC008057c002,HAP1 KCNK6 (-)
KCNK6,HZGHC008057c012,HAP1 KCNK6 (-)
AGK,HZGHC008058c009,HAP1 AGK (-)
AGK,HZGHC008059c007,HAP1 AGK (-)
AGK,HZGHC008059c009,HAP1 AGK (-)
SERAC1,HZGHC008061c010,HAP1 SERAC1 (-)
PEX16,HZGHC008062c007,HAP1 PEX16 (-)
PEX16,HZGHC008063c007,HAP1 PEX16 (-)
PEX16,HZGHC008063c008,HAP1 PEX16 (-)
PEX19,HZGHC008065c003,HAP1 PEX19 (-)
PEX19,HZGHC008065c004,HAP1 PEX19 (-)
PEX19,HZGHC008065c006,HAP1 PEX19 (-)
RYK,HZGHC008066c005,Human RYK 19bp deletion knockout cell line
RYK,HZGHC008066c006,Human RYK 40bp deletion knockout cell line
RYK,HZGHC008066c009,Human RYK 2bp insertion knockout cell line
ASTE1,HZGHC008067c009,HAP1 ASTE1 (-)
ASTE1,HZGHC008068c005,HAP1 ASTE1 (-)
NEU1,HZGHC008074c007,HAP1 NEU1 (-)
NEU1,HZGHC008074c011,HAP1 NEU1 (-)
NEU1,HZGHC008075c005,HAP1 NEU1 (-)
NEU1,HZGHC008075c007,HAP1 NEU1 (-)
NEU1,HZGHC008075c009,HAP1 NEU1 (-)
NEU1,HZGHC008075c012,HAP1 NEU1 (-)
GNS,HZGHC008076c005,HAP1 GNS (-)
GNS,HZGHC008076c008,HAP1 GNS (-)
KLHDC10,HZGHC008081c005,HAP1 KLHDC10 (-)
KLHDC10,HZGHC008081c009,HAP1 KLHDC10 (-)
BCAP31,HZGHC008083c009,HAP1 BCAP31 (-)
ADPRHL2,HZGHC008084c011,HAP1 ADPRHL2 (-)
PEX5,HZGHC008086c006,HAP1 PEX5 (-)
PEX5,HZGHC008086c008,HAP1 PEX5 (-)
PEX5,HZGHC008086c009,HAP1 PEX5 (-)
PEX5,HZGHC008087c010,HAP1 PEX5 (-)
MAP7D1,HZGHC008089c005,HAP1 MAP7D1 (-)
MAP7D1,HZGHC008089c006,HAP1 MAP7D1 (-)
MCOLN2,HZGHC008090c001,HAP1 MCOLN2 (-)
MCOLN2,HZGHC008091c006,HAP1 MCOLN2 (-)
XIAP,HZGHC008092c010,HAP1 XIAP (-)
XIAP,HZGHC008093c009,HAP1 XIAP (-)
GAN/SLC35A1,HZGHC008094c003,HAP1 GAN/SLC35A1 (-)
GAN/SLC35A1,HZGHC008094c006,HAP1 GAN/SLC35A1 (-)
GAN/SLC35A1,HZGHC008094c007,HAP1 GAN/SLC35A1 (-)
GAN/SLC35A1,HZGHC008094c008,HAP1 GAN/SLC35A1 (-)
C1QBP,HZGHC008097c009,HAP1 C1QBP (-)
RAB10,HZGHC008098c001,HAP1 RAB10 (-)
RAB10,HZGHC008098c007,HAP1 RAB10 (-)
RAB10,HZGHC008099c011,HAP1 RAB10 (-)
PRICKLE1,HZGHC008100c005,HAP1 PRICKLE1 (-)
PRICKLE1,HZGHC008100c007,HAP1 PRICKLE1 (-)
PRICKLE1,HZGHC008100c008,HAP1 PRICKLE1 (-)
PRICKLE1,HZGHC008101c005,HAP1 PRICKLE1 (-)
PRICKLE1,HZGHC008101c010,HAP1 PRICKLE1 (-)
TRIP12,HZGHC008102c004,HAP1 TRIP12 (-)
TRIP12,HZGHC008103c010,HAP1 TRIP12 (-)
TRIP12,HZGHC008103c011,HAP1 TRIP12 (-)
BZW1,HZGHC008104c005,HAP1 BZW1 (-)
BZW1,HZGHC008104c007,HAP1 BZW1 (-)
BZW1,HZGHC008104c011,HAP1 BZW1 (-)
BZW1,HZGHC008105c010,HAP1 BZW1 (-)
BZW2,HZGHC008106c003,HAP1 BZW2 (-)
BZW2,HZGHC008106c005,HAP1 BZW2 (-)
BZW2,HZGHC008106c007,HAP1 BZW2 (-)
BZW2,HZGHC008106c008,HAP1 BZW2 (-)
SORL1,HZGHC008110c004,HAP1 SORL1 (-)
SORL1,HZGHC008111c011,HAP1 SORL1 (-)
SORL1,HZGHC008111c012,HAP1 SORL1 (-)
DCLRE1A,HZGHC008114c003,HAP1 DCLRE1A (-)
DCLRE1A,HZGHC008115c009,HAP1 DCLRE1A (-)
DCLRE1A,HZGHC008115c010,HAP1 DCLRE1A (-)
FKBP10,HZGHC008118c007,HAP1 FKBP10 (-)
FKBP10,HZGHC008118c011,HAP1 FKBP10 (-)
FKBP10,HZGHC008119c010,HAP1 FKBP10 (-)
BMP1,HZGHC008121c005,HAP1 BMP1 (-)
BMP1,HZGHC008121c007,HAP1 BMP1 (-)
BMP1,HZGHC008121c010,HAP1 BMP1 (-)
BMP1,HZGHC008121c012,HAP1 BMP1 (-)
XRCC4,HZGHC008123c011,HAP1 XRCC4 (-)
ADO,HZGHC008125c006,HAP1 ADO (-)
ADO,HZGHC008126c003,HAP1 ADO (-)
ADO,HZGHC008126c004,HAP1 ADO (-)
PGAM5,HZGHC008131c006,HAP1 PGAM5 (-)
PGAM5,HZGHC008131c011,HAP1 PGAM5 (-)
PGAM5,HZGHC008131c012,HAP1 PGAM5 (-)
WWOX,HZGHC008138c005,HAP1 WWOX (-)
WWOX,HZGHC008138c008,HAP1 WWOX (-)
WWOX,HZGHC008139c006,HAP1 WWOX (-)
NXT2,HZGHC008140c001,HAP1 NXT2 (-)
NXT2,HZGHC008140c002,HAP1 NXT2 (-)
NXT2,HZGHC008140c009,HAP1 NXT2 (-)
CD164,HZGHC008142c007,HAP1 CD164 (-)
CD164,HZGHC008143c012,HAP1 CD164 (-)
OARD1,HZGHC008144c004,HAP1 OARD1 (-)
OARD1,HZGHC008144c006,HAP1 OARD1 (-)
OARD1,HZGHC008144c010,HAP1 OARD1 (-)
OARD1,HZGHC008144c011,HAP1 OARD1 (-)
RABEP1,HZGHC008146c009,HAP1 RABEP1 (-)
RABEP1,HZGHC008146c012,HAP1 RABEP1 (-)
HMCES,HZGHC008150c007,HAP1 HMCES (-)
HMCES,HZGHC008150c008,HAP1 HMCES (-)
HMCES,HZGHC008150c010,HAP1 HMCES (-)
HMCES,HZGHC008151c008,HAP1 HMCES (-)
HMCES,HZGHC008151c010,HAP1 HMCES (-)
ATG2A,HZGHC008152c009,HAP1 ATG2A (-)
ATG2A,HZGHC008153c001,HAP1 ATG2A (-)
ATG2A,HZGHC008153c002,HAP1 ATG2A (-)
ATG2A,HZGHC008153c005,HAP1 ATG2A (-)
ATG2A,HZGHC008153c006,HAP1 ATG2A (-)
ATG2B,HZGHC008154c006,HAP1 ATG2B (-)
ATG2B,HZGHC008154c012,HAP1 ATG2B (-)
ATG2B,HZGHC008155c005,HAP1 ATG2B (-)
ATG2B,HZGHC008155c010,HAP1 ATG2B (-)
SRRD,HZGHC008156c011,HAP1 SRRD (-)
SRRD,HZGHC008157c006,HAP1 SRRD (-)
SRRD,HZGHC008157c011,HAP1 SRRD (-)
NUDT5,HZGHC008159c005,HAP1 NUDT5 (-)
NUDT5,HZGHC008159c007,HAP1 NUDT5 (-)
NUDT5,HZGHC008159c010,HAP1 NUDT5 (-)
NUDT5,HZGHC008159c011,HAP1 NUDT5 (-)
NUDT5,HZGHC008159c012,HAP1 NUDT5 (-)
NUDT8,HZGHC008160c002,HAP1 NUDT8 (-)
NUDT8,HZGHC008161c009,HAP1 NUDT8 (-)
NUDT14,HZGHC008162c004,HAP1 NUDT14 (-)
NUDT14,HZGHC008162c005,HAP1 NUDT14 (-)
NUDT14,HZGHC008162c009,HAP1 NUDT14 (-)
NUDT14,HZGHC008163c006,HAP1 NUDT14 (-)
NUDT14,HZGHC008163c008,HAP1 NUDT14 (-)
NUDT11,HZGHC008165c005,HAP1 NUDT11 (-)
NUDT11,HZGHC008165c006,HAP1 NUDT11 (-)
NUDT18,HZGHC008166c005,HAP1 NUDT18 (-)
NUDT18,HZGHC008166c011,HAP1 NUDT18 (-)
NUDT18,HZGHC008167c005,HAP1 NUDT18 (-)
NUDT18,HZGHC008167c006,HAP1 NUDT18 (-)
NUDT22,HZGHC008168c003,HAP1 NUDT22 (-)
NUDT22,HZGHC008168c004,HAP1 NUDT22 (-)
NUDT22,HZGHC008168c005,HAP1 NUDT22 (-)
NUDT16,HZGHC008170c005,HAP1 NUDT16 (-)
NUDT16,HZGHC008170c007,HAP1 NUDT16 (-)
NUDT16,HZGHC008171c004,HAP1 NUDT16 (-)
NUDT16,HZGHC008171c006,HAP1 NUDT16 (-)
NUDT16,HZGHC008171c010,HAP1 NUDT16 (-)
NUDT16,HZGHC008171c012,HAP1 NUDT16 (-)
NUDT4,HZGHC008176c005,HAP1 NUDT4 (-)
NUDT4,HZGHC008176c006,HAP1 NUDT4 (-)
NUDT4,HZGHC008176c010,HAP1 NUDT4 (-)
TMEM165,HZGHC008178c006,HAP1 TMEM165 (-)
TMEM165,HZGHC008178c007,HAP1 TMEM165 (-)
TMEM165,HZGHC008179c009,HAP1 TMEM165 (-)
NUDT13,HZGHC008180c005,HAP1 NUDT13 (-)
NUDT13,HZGHC008181c009,HAP1 NUDT13 (-)
NUDT13,HZGHC008181c011,HAP1 NUDT13 (-)
NUDT13,HZGHC008181c012,HAP1 NUDT13 (-)
PRKRIR,HZGHC008182c003,HAP1 PRKRIR (-)
PRKRIR,HZGHC008182c005,HAP1 PRKRIR (-)
PRKRIR,HZGHC008182c006,HAP1 PRKRIR (-)
NPEPPS,HZGHC008184c008,HAP1 NPEPPS (-)
NPEPPS,HZGHC008185c001,HAP1 NPEPPS (-)
NPEPPS,HZGHC008185c011,HAP1 NPEPPS (-)
NME4,HZGHC008186c008,HAP1 NME4 (-)
NME4,HZGHC008187c002,HAP1 NME4 (-)
NME4,HZGHC008187c003,HAP1 NME4 (-)
NME4,HZGHC008187c010,HAP1 NME4 (-)
UCP2,HZGHC008189c004,HAP1 UCP2 (-)
UCP2,HZGHC008189c006,HAP1 UCP2 (-)
UCP2,HZGHC008189c008,HAP1 UCP2 (-)
UCP2,HZGHC008189c009,HAP1 UCP2 (-)
TST,HZGHC008190c002,HAP1 TST (-)
TST,HZGHC008190c005,HAP1 TST (-)
TST,HZGHC008190c007,HAP1 TST (-)
TST,HZGHC008190c010,HAP1 TST (-)
BTBD7,HZGHC008192c003,HAP1 BTBD7 (-)
BTBD7,HZGHC008192c005,HAP1 BTBD7 (-)
BTBD7,HZGHC008192c007,HAP1 BTBD7 (-)
BTBD7,HZGHC008192c011,HAP1 BTBD7 (-)
TBKBP1,HZGHC008194c001,HAP1 TBKBP1 (-)
TBKBP1,HZGHC008194c002,HAP1 TBKBP1 (-)
TBKBP1,HZGHC008194c003,HAP1 TBKBP1 (-)
TBKBP1,HZGHC008194c005,HAP1 TBKBP1 (-)
TBKBP1,HZGHC008194c010,HAP1 TBKBP1 (-)
MLLT3,HZGHC008198c002,HAP1 MLLT3 (-)
MLLT3,HZGHC008198c005,HAP1 MLLT3 (-)
MLLT3,HZGHC008198c006,HAP1 MLLT3 (-)
MLLT3,HZGHC008198c012,HAP1 MLLT3 (-)
MLLT3,HZGHC008198c013,HAP1 MLLT3 (-)
MLLT3,HZGHC008198c017,HAP1 MLLT3 (-)
MLLT3,HZGHC008198c018,HAP1 MLLT3 (-)
MLLT3,HZGHC008198c020,HAP1 MLLT3 (-)
MLLT3,HZGHC008198c021,HAP1 MLLT3 (-)
MLLT3,HZGHC008198c023,HAP1 MLLT3 (-)
MLLT3,HZGHC008199c020,HAP1 MLLT3 (-)
MLLT3,HZGHC008199c021,HAP1 MLLT3 (-)
MLLT3,HZGHC008199c022,HAP1 MLLT3 (-)
MLLT3,HZGHC008199c023,HAP1 MLLT3 (-)
BRAP,HZGHC008201c008,HAP1 BRAP (-)
BRAP,HZGHC008201c009,HAP1 BRAP (-)
BRAP,HZGHC008201c010,HAP1 BRAP (-)
OSBPL7,HZGHC008203c018,HAP1 OSBPL7 (-)
OSBPL7,HZGHC008203c019,HAP1 OSBPL7 (-)
OSBPL7,HZGHC008203c020,HAP1 OSBPL7 (-)
NUDT10,HZGHC008204c010,HAP1 NUDT10 (-)
NUDT10,HZGHC008204c012,HAP1 NUDT10 (-)
NUDT10,HZGHC008204c013,HAP1 NUDT10 (-)
NUDT10,HZGHC008204c017,HAP1 NUDT10 (-)
NUDT10,HZGHC008204c019,HAP1 NUDT10 (-)
WDR48,HZGHC008205c003,HAP1 WDR48 (-)
WDR48,HZGHC008205c018,HAP1 WDR48 (-)
ESCO1,HZGHC008207c008,HAP1 ESCO1 (-)
ESCO1,HZGHC008208c002,HAP1 ESCO1 (-)
NLRC5,HZGHC008215c018,HAP1 NLRC5 (-)
NLRC5,HZGHC008216c023,HAP1 NLRC5 (-)
NLRC5,HZGHC008216c024,HAP1 NLRC5 (-)
DCAF11,HZGHC008218c003,HAP1 DCAF11 (-)
DCAF11,HZGHC008218c004,HAP1 DCAF11 (-)
DCAF11,HZGHC008218c007,HAP1 DCAF11 (-)
ZNF189,HZGHC008219c008,HAP1 ZNF189 (-)
ZNF189,HZGHC008219c009,HAP1 ZNF189 (-)
ELOVL4,HZGHC008221c006,HAP1 ELOVL4 (-)
ELOVL4,HZGHC008221c009,HAP1 ELOVL4 (-)
ELOVL4,HZGHC008221c019,HAP1 ELOVL4 (-)
DUSP2,HZGHC008223c001,HAP1 DUSP2 (-)
DUSP2,HZGHC008224c001,HAP1 DUSP2 (-)
GOLIM4,HZGHC008225c006,HAP1 GOLIM4 (-)
GOLIM4,HZGHC008225c012,HAP1 GOLIM4 (-)
GOLIM4,HZGHC008226c004,HAP1 GOLIM4 (-)
ZNF655,HZGHC008227c011,HAP1 ZNF655 (-)
ZNF655,HZGHC008227c012,HAP1 ZNF655 (-)
ZNF655,HZGHC008228c005,HAP1 ZNF655 (-)
ZNF655,HZGHC008228c010,HAP1 ZNF655 (-)
ZNF655,HZGHC008228c011,HAP1 ZNF655 (-)
ZNF655,HZGHC008228c015,HAP1 ZNF655 (-)
ZNF655,HZGHC008228c024,HAP1 ZNF655 (-)
DGAT1,HZGHC008231c013,HAP1 DGAT1 (-)
DGAT1,HZGHC008231c017,HAP1 DGAT1 (-)
DGAT1,HZGHC008231c020,HAP1 DGAT1 (-)
IST1,HZGHC008234c005,HAP1 IST1 (-)
IST1,HZGHC008234c009,HAP1 IST1 (-)
IST1,HZGHC008234c012,HAP1 IST1 (-)
LAMP2,HZGHC008237c005,HAP1 LAMP2 (-)
LAMP2,HZGHC008237c009,HAP1 LAMP2 (-)
LAMP2,HZGHC008238c001,HAP1 LAMP2 (-)
POLB,HZGHC008239c008,HAP1 POLB (-)
POLB,HZGHC008239c010,HAP1 POLB (-)
POLB,HZGHC008239c011,HAP1 POLB (-)
SYNGAP1,HZGHC008241c007,HAP1 SYNGAP1 (-)
SYNGAP1,HZGHC008241c011,HAP1 SYNGAP1 (-)
SYNGAP1,HZGHC008242c002,HAP1 SYNGAP1 (-)
PKP2,HZGHC008244c002,HAP1 PKP2 (-)
PKP2,HZGHC008244c007,HAP1 PKP2 (-)
PKP2,HZGHC008244c010,HAP1 PKP2 (-)
EIF2AK3/ EIF2AK4,HZGHC008246c010,HAP1 EIF2AK3 (-) EIF2AK4 (-)
EIF2AK3/ EIF2AK4,HZGHC008246c011,HAP1 EIF2AK3 (-) EIF2AK4 (-)
EIF2AK1/ EIF2AK4,HZGHC008247c001,HAP1 EIF2AK1 (-) EIF2AK4 (-)
EIF2AK1/ EIF2AK4,HZGHC008247c010,HAP1 EIF2AK1 (-) EIF2AK4 (-)
EIF2AK1/ EIF2AK4,HZGHC008247c012,HAP1 EIF2AK1 (-) EIF2AK4 (-)
EIF2AK1/EIF2AK3,HZGHC008248c029,HAP1 EIF2AK1 (-) EIF2AK3 (-)
EIF2AK1/EIF2AK3,HZGHC008248c030,HAP1 EIF2AK1 (-) EIF2AK3 (-)
EIF2AK1/EIF2AK3,HZGHC008248c036,HAP1 EIF2AK1 (-) EIF2AK3 (-)
FOCAD,HZGHC008249c011,HAP1 FOCAD (-)
FOCAD,HZGHC008249c012,HAP1 FOCAD (-)
FOCAD,HZGHC008250c001,HAP1 FOCAD (-)
FOCAD,HZGHC008250c008,HAP1 FOCAD (-)
SKIV2L,HZGHC008251c009,HAP1 SKIV2L (-)
SKIV2L,HZGHC008252c003,HAP1 SKIV2L (-)
SKIV2L,HZGHC008252c012,HAP1 SKIV2L (-)
TMEM65,HZGHC008254c006,HAP1 TMEM65 (-)
TMEM65,HZGHC008255c002,HAP1 TMEM65 (-)
TMEM65,HZGHC008255c010,HAP1 TMEM65 (-)
AP3B1,HZGHC008256c010,HAP1 AP3B1 (-)
AP3B1,HZGHC008256c011,HAP1 AP3B1 (-)
NPDC1,HZGHC008261c006,HAP1 NPDC1 (-)
NPDC1,HZGHC008261c009,HAP1 NPDC1 (-)
NPDC1,HZGHC008261c010,HAP1 NPDC1 (-)
NPDC1,HZGHC008261c011,HAP1 NPDC1 (-)
ARIH1,HZGHC008263c178,HAP1 ARIH1 (-)
ARIH1,HZGHC008263c200,HAP1 ARIH1 (-)
ARIH1,HZGHC008263c206,HAP1 ARIH1 (-)
CAND1,HZGHC008264c013,HAP1 CAND1 (-)
CAND1,HZGHC008264c073,HAP1 CAND1 (-)
CAND1,HZGHC008264c082,HAP1 CAND1 (-)
CNN3,HZGHC008265c001,HAP1 CNN3 (-)
CNN3,HZGHC008265c009,HAP1 CNN3 (-)
CNN3,HZGHC008265c081,HAP1 CNN3 (-)
CUL5,HZGHC008266c001,HAP1 CUL5 (-)
CUL5,HZGHC008266c027,HAP1 CUL5 (-)
HIPK1,HZGHC008753c018,Human HIPK1 2bp deletion knockout cell line
HIPK1,HZGHC008753c020,Human HIPK1 2bp insertion knockout cell line
HIPK1,HZGHC008753c023,Human HIPK1 5bp deletion knockout cell line
AKT3,HZGHC009800c016,Human AKT3 1bp insertion knockout cell line
SLC35A1,HZGHC010158c005,Human SLC35A1 8bp deletion knockout cell line
SLC35A1,HZGHC010158c015,Human SLC35A1 2bp insertion knockout cell line
NANS,HZGHC010617c008,Human NANS 13bp deletion knockout cell line
NANS,HZGHC010617c015,Human NANS 10bp deletion knockout cell line
NANS,HZGHC010617c017,Human NANS 4bp deletion knockout cell line
PIGT,HZGHC011966c001,Human PIGT 2bp deletion knockout cell line
PIGT,HZGHC011966c011,Human PIGT 28bp deletion knockout cell line
PIGT,HZGHC011966c021,Human PIGT 4bp deletion knockout cell line
CHEK2,HZGHC013714c010,Human CHEK2 10bp deletion knockout cell line
CHEK2,HZGHC013714c021,Human CHEK2 23bp deletion knockout cell line
CHEK2,HZGHC013714c024,Human CHEK2 20bp deletion knockout cell line
KDM2B,HZGHC014730c012,Human KDM2B 14bp deletion knockout cell line
MERTK,HZGHC015332c009,Human MERTK 8bp deletion knockout cell line
MERTK,HZGHC015332c010,Human MERTK 32bp deletion knockout cell line
MERTK,HZGHC015332c014,Human MERTK 2bp deletion knockout cell line
MERTK,HZGHC015332c019,Human MERTK 1bp deletion knockout cell line
JARID2,HZGHC016202c018,Human JARID2 11bp deletion knockout cell line
JARID2,HZGHC016202c022,Human JARID2 13bp deletion knockout cell line
JARID2,HZGHC016202c023,Human JARID2 2bp deletion knockout cell line
RAB2A,HZGHC017214c001,Human RAB2A 10bp deletion knockout cell line
RAB2A,HZGHC017214c009,Human RAB2A 14bp deletion knockout cell line
RAB2A,HZGHC017214c014,Human RAB2A 13bp deletion knockout cell line
CALR,HZGHC018222c012,Human CALR 8bp deletion knockout cell line
CALR,HZGHC018222c016,Human CALR 2bp deletion knockout cell line
CALR,HZGHC018222c019,Human CALR 5bp deletion knockout cell line
ILK,HZGHC019082c001,Human ILK 7bp deletion knockout cell line
ILK,HZGHC019082c002,Human ILK 5bp deletion knockout cell line
ILK,HZGHC019082c019,Human ILK 2bp insertion knockout cell line
XPC,HZGHC019996c001,Human XPC 2bp deletion knockout cell line
XPC,HZGHC019996c007,Human XPC 10bp deletion knockout cell line
XPC,HZGHC019996c016,Human XPC 4bp deletion knockout cell line
SEC23B,HZGHC020241c005,Human SEC23B 11bp deletion knockout cell line
SEC23B,HZGHC020241c010,Human SEC23B 4bp deletion knockout cell line
SEC23B,HZGHC020241c016,Human SEC23B 2bp insertion knockout cell line
FYN,HZGHC022023c008,Human FYN 13bp deletion knockout cell line
FYN,HZGHC022023c020,Human FYN 19bp deletion knockout cell line
FYN,HZGHC022023c023,Human FYN 2bp deletion knockout cell line
JMJD6,HZGHC022063c012,Human JMJD6 2bp insertion knockout cell line
NRBP1,HZGHC022490c004,Human NRBP1 172bp insertion knockout cell line
NRBP1,HZGHC022490c017,Human NRBP1 151bp insertion knockout cell line
NRBP1,HZGHC022490c018,Human NRBP1 203bp insertion knockout cell line
YES1,HZGHC022696c001,Human YES1 17bp deletion knockout cell line
YES1,HZGHC022696c007,Human YES1 1bp deletion knockout cell line
YES1,HZGHC022696c013,Human YES1 1bp deletion knockout cell line
IKBKB,HZGHC023808c003,Human IKBKB 2bp insertion knockout cell line
IKBKB,HZGHC023808c011,Human IKBKB 11bp deletion knockout cell line
IKBKB,HZGHC023808c014,Human IKBKB 14bp deletion knockout cell line
PRKDC,HZGHC024034c002,Human PRKDC 237bp insertion knockout cell line
PRKDC,HZGHC024034c005,Human PRKDC 17bp deletion knockout cell line
PRKDC,HZGHC024034c011,Human PRKDC 11bp deletion knockout cell line
ATG14,HZGHC024663c006,Human ATG14 7bp deletion knockout cell line
ATG14,HZGHC024663c012,Human ATG14 1bp deletion knockout cell line
MSH2,HZGHC024799c006,Human MSH2 2bp deletion knockout cell line
MSH2,HZGHC024799c019,Human MSH2 4bp deletion knockout cell line
ABL2,HZGHC029163c001,Human ABL2 2bp deletion knockout cell line
ABL2,HZGHC029163c010,Human ABL2 31bp deletion knockout cell line
ABL2,HZGHC029163c014,Human ABL2 10bp deletion knockout cell line
BMPR1A,HZGHC030151c005,Human BMPR1A 5bp deletion knockout cell line
DYRK4,HZGHC030332c006,Human DYRK4 5bp deletion knockout cell line
GNE,HZGHC032395c007,Human GNE 40bp deletion knockout cell line
GNE,HZGHC032395c010,Human GNE 2bp insertion knockout cell line
STK25,HZGHC034364c002,Human STK25 10bp deletion knockout cell line
STK25,HZGHC034364c011,Human STK25 5bp deletion knockout cell line
STK25,HZGHC034364c012,Human STK25 10bp deletion knockout cell line
PKN2,HZGHC036174c003,Human PKN2 2bp insertion knockout cell line
PKN2,HZGHC036174c014,Human PKN2 11bp deletion knockout cell line
PKN2,HZGHC036174c021,Human PKN2 11bp deletion knockout cell line
NANP,HZGHC036488c012,Human NANP 16bp deletion knockout cell line
NANP,HZGHC036488c018,Human NANP 26bp deletion knockout cell line
NANP,HZGHC036488c024,Human NANP 4bp deletion knockout cell line
PARP1,HD HAP1-64504,HAP1 PARP1(-)
PARP1,HD HAP1-64505,HAP1 PARP1(-)
HSP70,HD HAP1-64507,HAP1 HSP70 (-)
HSP70,HD HAP1-64508,HAP1 HSP70 (-)
RPTOR,HD HAP1-64510,HAP1 RPTOR (-)
NPM1,HD HAP1-64526,HAP1 NPM1 (-)
NPM1,HD HAP1-64528,HAP1 NPM1 (-)
GNPAT,HD HAP1-64895,HAP1 GNPAT (-)
GNPAT,HD HAP1-64897,HAP1 GNPAT (-)
MVB12A,HD HAP1-65023,HAP1 MVB12A (-)
MVB12A,HD HAP1-65024,HAP1 MVB12A (-)
SKP2,HD HAP1-65042,HAP1 SKP2(-)
SKP2,HD HAP1-65043,HAP1 SKP2(-)
KLHL11,HD HAP1-65053,HAP1 KLHL11 (-)
KLHL11,HD HAP1-65054,HAP1 KLHL11 (-)
DCAF15,HD HAP1-65056,HAP1 DCAF15 (-)
DCAF15,HD HAP1-65057,HAP1 DCAF15 (-)
MBNL1,HD HAP1-65059,HAP1 MBNL1 (-)
MBNL1,HD HAP1-65060,HAP1 MBNL1 (-)
SH2B3,HD HAP1-65071,HAP1 SH2B3(-)
SH2B3,HD HAP1-65072,HAP1 SH2B3(-)
SH2B3,HD HAP1-65073,HAP1 SH2B3(-)
BCL2L1,HD HAP1-65075,HAP1 BCL2L1(-)
BCL2L1,HD HAP1-65076,HAP1 BCL2L1(-)
BCL2L1,HD HAP1-65077,HAP1 BCL2L1(-)
BLOC1S5,HD HAP1-65118,HAP1 BLOC1S5 (-)
BLOC1S5,HD HAP1-65119,HAP1 BLOC1S5 (-)
PPIA,HD HAP1-65128,HAP1 PPIA(-)
PPIA,HD HAP1-65129,HAP1 PPIA(-)
PPIA,HD HAP1-65130,HAP1 PPIA(-)
KLF6,HD HAP1-65223,HAP1 KLF6 (-)
KLF6,HD HAP1-65224,HAP1 KLF6 (-)
VHL,HD HAP1-65291,HAP1 VHL (-)
VHL,HD HAP1-65293,HAP1 VHL (-)
RBM15,HD HAP1-65294,HAP1 RBM15 (-)
RBM15,HD HAP1-65296,HAP1 RBM15 (-)
ATM,HD HAP1-65302,HAP1 ATM (-)
ATM,HD HAP1-65304,HAP1 ATM (-)
CUL3,HD HAP1-65333,HAP1 CUL3 (-)
CUL3,HD HAP1-65335,HAP1 CUL3 (-)
CBLB,HD HAP1-65339,HAP1 CBLB (-)
CBLB,HD HAP1-65340,HAP1 CBLB (-)
PUDP,HD HAP1-65371,HAP1 PUDP (-)
PUDP,HD HAP1-65372,HAP1 PUDP (-)
SPPL2A,HD HAP1-65376,HAP1 SPPL2A (-)
SPPL2A,HD HAP1-65377,HAP1 SPPL2A (-)
LIPA,HD HAP1-65379,HAP1 LIPA (-)
LIPA,HD HAP1-65380,HAP1 LIPA (-)
BCL2L11,HD HAP1-65390,HAP1 BCL2L11 (-)
BCL2L11,HD HAP1-65392,HAP1 BCL2L11 (-)
SP4,HD HAP1-65398,HAP1 SP4 (-)
SP4,HD HAP1-65399,HAP1 SP4 (-)
KLF7,HD HAP1-65401,HAP1 KLF7 (-)
KLF7,HD HAP1-65403,HAP1 KLF7 (-)
KCTD7,HD HAP1-65436,HAP1 KCTD7 (-)
KCTD7,HD HAP1-65437,HAP1 KCTD7 (-)
CTSF,HD HAP1-65438,HAP1 CTSF (-)
CTSF,HD HAP1-65439,HAP1 CTSF (-)
NLRX1,HD HAP1-65446,HAP1 NLRX1 (-)
NLRX1,HD HAP1-65447,HAP1 NLRX1 (-)
DNAJC5,HD HAP1-65449,HAP1 DNAJC5 (-)
DNAJC5,HD HAP1-65450,HAP1 DNAJC5 (-)
DDIT3,HD HAP1-65519,HAP1 DDIT3 (-)
DDIT3,HD HAP1-65520,HAP1 DDIT3 (-)
SLC7A11,HD HAP1-65525,HAP1 SLC7A11 (-)
SLC7A11,HD HAP1-65526,HAP1 SLC7A11 (-)
RAB5B,HD-HAP1-64070,HAP1 RAB5B (-)
RAB5B,HD-HAP1-64071,HAP1 RAB5B (-)
BRCA1,HD-HAP1-64461,HAP1 BRCA1(-)
SMAD5,HD-HAP1-65253,HAP1 SMAD5 (-)
SMAD5,HD-HAP1-65254,HAP1 SMAD5 (-)
SYK,HD-HAP1-65299,HAP1 SYK (-)
SYK,HD-HAP1-65300,HAP1 SYK (-)
ABCB10,HD-HAP1-65355,HAP1 ABCB10 (-)
ABCB10,HD-HAP1-65356,HAP1 ABCB10 (-)
DUSP12,HD-HAP1-65358,HAP1 DUSP12 (-)
DUSP12,HD-HAP1-65359,HAP1 DUSP12 (-)
KLHL22,HD-HAP1-65384,HAP1 KLHL22 (-)
KLHL22,HD-HAP1-65385,HAP1 KLHL22 (-)
FOXO3,HD HAP1-69684,HAP1 FOXO3 (-)
FOXO3,HD HAP1-69683,HAP1 FOXO3 (-)
CRTC2,HD HAP1-69776,HAP1 CRTC2 (-)
CRTC2,HD HAP1-69775,HAP1 CRTC2 (-)
STAT6,HD HAP1-69779,HAP1 STAT6 (-)
STAT6,HD HAP1-69777,HAP1 STAT6 (-)
ICAM3,HD HAP1-69789,HAP1 ICAM3 (-)
ICAM3,HD HAP1-69790,HAP1 ICAM3 (-)
YWHAG,HD HAP1-69910,HAP1 YWHAG (-)
YWHAG,HD HAP1-69911,HAP1 YWHAG (-)
IGF2BP1,HD HAP1-69929,HAP1 IGF2BP1 (-)
IGF2BP1,HD HAP1-69931,HAP1 IGF2BP1 (-)
STXBP1,HD HAP1-69600,HAP1 STXBP1 (-)
STXBP1,HD HAP1-69602,HAP1 STXBP1 (-)
GAB2,HD HAP1-69510,HAP1 GAB2 (-)
GAB2,HD HAP1-69512,HAP1 GAB2 (-)
APPBP2,HD HAP1-65706,HAP1 APPBP2 (-)
APPBP2,HD HAP1-65708,HAP1 APPBP2 (-)
PAFAH1B2,HD HAP1-69506,HAP1 PAFAH1B2 (-)
PAFAH1B2,HD HAP1-69507,HAP1 PAFAH1B2 (-)
CPT1B,HD HAP1-69679,HAP1 CPT1B (-)
CPT1B,HD HAP1-69677,HAP1 CPT1B (-)
TTC37,HD HAP1-69680,HAP1 TTC37 (-)
TTC37,HD HAP1-69682,HAP1 TTC37 (-)
SALL1,HD HAP1-69635,HAP1 SALL1 (-)
SALL1,HD HAP1-69637,HAP1 SALL1 (-)
IL1RAP,HD HAP1-65618,HAP1 IL1RAP (-)
IL10RB,HD HAP1-69522,HAP1 IL10RB (-)
IL10RB,HD HAP1-69523,HAP1 IL10RB (-)
GAS6,HD HAP1-65660,HAP1 GAS6 (-)
GAS6,HD HAP1-65659,HAP1 GAS6 (-)
MCU,HD HAP1-65550,HAP1 MCU (-)
MCU,HD HAP1-65549,HAP1 MCU (-)
